RUN_2026-06-19_lowB_baselines_r0c253, 0, 999, 0, 999, 15, 128, 176, 192, 13, 3, 112, 999, 127, 999, 159, 999, 999, 160, 999, 8, 7, 9, 999, 31, 16, 999, 999, 999, 5, 999, 191, 999, 4, 6, 999, 11, 79, 111, 1, 80, 999, 10, 143, 32, 175, 999, 96, 48, 95, 207, 12, 999, 2, 999, 64, 999, 63, 144, 47, 999, 14, 198, 999, 999, 49, 129, 42, 999, 999, 76, 58, 93, 169, 106, 206, 199, 23, 33, 94, 165, 53, 999, 60, 65, 135, 151, 77, 61, 999, 52, 999, 85, 92, 22, 153, 999, 149, 999, 78, 86, 90, 174, 83, 177, 173, 43, 193, 186, 28, 27, 108, 99, 36, 999, 117, 105, 56, 156, 163, 189, 999, 124, 999, 21, 20, 118, 999, 46, 187, 179, 62, 121, 158, 157, 84, 196, 40, 999, 70, 130, 170, 88, 18, 119, 120, 195, 104, 74, 110, 115, 73, 91, 114, 50, 197, 59, 107, 75, 999, 194, 162, 146, 145, 19, 54, 204, 137, 131, 182, 34, 69, 205, 89, 29, 45, 123, 72, 139, 999, 167, 172, 51, 171, 161, 41, 26, 999, 37, 98, 999, 188, 109, 116, 140, 184, 999, 30, 155, 126, 97, 183, 152, 24, 185, 136, 103, 87, 71, 55, 166, 57, 999, 999, 180, 132, 25, 148, 17, 203, 133, 147, 35, 999, 999, 81, 168, 999, 190, 134, 113, 138, 154, 101, 39, 141, 38, 999, 142, 201, 125, 999, 164, 202, 999, 181, 66, 82, 100, 44, 150, 122, 68, 200, 67, 178, 999, 102, 0, 2, 0, 2, 0, 3, 3, 0, 2, 3, 0, 2, 0, 0, 0, 0, 2, 0, 0, 0, 2, 0, 3, 2, 0, 0, 0, 2, 0, 2, 0, 3, 0, 0, 3, 0, 0, 1, 1, 0, 2, 2, 3, 0, 0, 0, 2, 3, 2, 2, 0, 3, 0, 0, 0, 1, 0, 3, 0, 1, 1, 0, 0, 0, 3, 3, 0, 0, 2, 1, 2, 2, 0, 1, 2, 2, 0, 1, 2, 1, 0, 1, 1, 3, 2, 3, 3, 0, 3, 0, 0, 1, 1, 1, 0, 3, 0, 0, 3, 2, 1, 0, 2, 3, 0, 3, 2, 2, 0, 2, 0, 0, 0, 0, 0, 1, 2, 3, 2, 0, 2, 0, 2, 1, 2, 0, 3, 2, 1, 0, 3, 3, 2, 1, 1, 0, 0, 3, 1, 0, 2, 0, 2, 1, 2, 3, 0, 1, 3, 0, 0, 3, 3, 2, 2, 0, 1, 0, 0, 3, 1, 0, 3, 2, 2, 3, 0, 0, 0, 3, 3, 3, 2, 2, 1, 1, 3, 0, 3, 2, 0, 2, 3, 0, 0, 0, 0, 2, 0, 3, 1, 3, 2, 2, 0, 0, 3, 3, 3, 1, 3, 1, 3, 0, 3, 1, 2, 0, 0, 1, 0, 0, 2, 1, 0, 2, 1, 3, 0, 1, 2, 0, 0, 1, 2, 0, 1, 0, 2, 3, 3, 0, 1, 0, 2, 0, 1, 3, 0, 0, 1, 0, 0, 2, 1, 3, 3, 0, 1, 1, 2, 3, 3, 3, 0, 2
RUN_2026-06-19_lowB_baselines_r0c544, 1, 999, 0, 999, 15, 999, 999, 128, 5, 7, 32, 47, 999, 112, 999, 31, 191, 63, 999, 10, 11, 12, 999, 999, 144, 999, 999, 999, 8, 207, 176, 999, 2, 9, 159, 3, 999, 48, 13, 999, 175, 1, 16, 999, 143, 999, 127, 64, 111, 96, 4, 999, 6, 80, 95, 999, 192, 999, 79, 160, 14, 999, 177, 141, 187, 190, 132, 203, 41, 87, 140, 74, 71, 999, 57, 53, 205, 171, 178, 137, 33, 206, 202, 999, 121, 72, 184, 156, 999, 73, 157, 88, 17, 193, 186, 97, 183, 52, 999, 116, 189, 142, 44, 196, 30, 28, 124, 204, 170, 165, 108, 46, 195, 149, 999, 24, 999, 999, 181, 35, 999, 999, 126, 999, 999, 999, 150, 45, 172, 154, 125, 123, 122, 36, 173, 999, 20, 131, 29, 999, 999, 115, 42, 110, 114, 37, 98, 118, 199, 198, 174, 102, 85, 105, 19, 201, 200, 86, 82, 18, 188, 21, 109, 134, 49, 138, 166, 179, 999, 180, 40, 999, 164, 129, 58, 139, 169, 148, 158, 113, 22, 34, 26, 104, 133, 67, 56, 66, 161, 99, 999, 92, 145, 70, 135, 62, 43, 999, 59, 999, 103, 91, 81, 120, 151, 100, 182, 117, 84, 152, 999, 162, 93, 999, 153, 94, 90, 146, 197, 76, 101, 119, 999, 89, 69, 23, 163, 136, 50, 83, 60, 25, 55, 68, 75, 38, 147, 999, 155, 999, 130, 185, 54, 168, 999, 194, 106, 27, 39, 167, 77, 999, 51, 107, 61, 78, 65, 0, 2, 0, 2, 0, 0, 3, 0, 2, 3, 3, 0, 3, 0, 0, 1, 0, 0, 0, 0, 2, 0, 0, 2, 0, 0, 0, 2, 1, 0, 0, 3, 0, 1, 3, 0, 2, 1, 0, 3, 2, 0, 0, 0, 0, 2, 2, 3, 0, 2, 0, 3, 1, 2, 0, 3, 0, 3, 3, 1, 0, 2, 1, 0, 2, 1, 1, 1, 2, 3, 2, 3, 0, 0, 2, 3, 0, 0, 2, 2, 2, 0, 0, 3, 1, 3, 0, 0, 3, 1, 2, 2, 0, 1, 1, 2, 0, 0, 2, 2, 1, 3, 2, 3, 2, 3, 0, 2, 0, 2, 0, 1, 2, 0, 2, 0, 0, 1, 3, 0, 0, 1, 0, 0, 0, 1, 0, 0, 3, 2, 2, 2, 2, 1, 0, 2, 0, 2, 0, 0, 2, 2, 3, 1, 3, 1, 3, 1, 2, 1, 0, 3, 2, 0, 3, 3, 1, 3, 0, 2, 1, 1, 0, 3, 2, 2, 2, 0, 3, 3, 0, 0, 1, 1, 2, 1, 1, 1, 0, 1, 3, 1, 2, 2, 1, 3, 1, 1, 2, 0, 1, 0, 3, 1, 0, 0, 0, 3, 0, 1, 1, 0, 3, 3, 2, 3, 3, 0, 2, 0, 0, 3, 0, 1, 1, 1, 3, 2, 3, 1, 1, 0, 2, 2, 1, 1, 1, 1, 1, 3, 0, 0, 1, 0, 3, 2, 0, 0, 0, 0, 2, 1, 0, 0, 1, 3, 1, 1, 0, 3, 0, 3, 2, 0, 3, 2
RUN_2026-06-19_lowB_baselines_r0c654, 2, 999, 0, 999, 15, 144, 999, 999, 13, 8, 32, 999, 47, 128, 64, 207, 999, 79, 999, 4, 3, 5, 999, 192, 160, 31, 999, 999, 9, 999, 999, 999, 10, 2, 999, 11, 175, 80, 6, 999, 191, 1, 16, 63, 159, 48, 999, 999, 143, 95, 12, 176, 7, 127, 96, 112, 999, 999, 111, 999, 14, 124, 145, 199, 197, 125, 999, 138, 181, 136, 166, 54, 77, 179, 62, 152, 55, 999, 999, 168, 53, 69, 187, 108, 198, 180, 66, 165, 137, 999, 161, 999, 115, 186, 93, 46, 170, 67, 99, 94, 171, 84, 162, 999, 28, 122, 60, 25, 206, 999, 116, 178, 74, 105, 177, 163, 193, 200, 117, 194, 201, 56, 999, 85, 121, 196, 158, 29, 999, 142, 999, 44, 999, 100, 57, 999, 73, 203, 141, 24, 70, 190, 140, 23, 154, 151, 182, 183, 999, 76, 123, 81, 188, 189, 27, 204, 126, 150, 120, 26, 999, 184, 999, 999, 195, 86, 40, 59, 139, 133, 157, 35, 20, 999, 34, 134, 71, 21, 110, 185, 999, 153, 42, 131, 167, 132, 61, 52, 999, 51, 104, 999, 202, 173, 146, 30, 39, 78, 999, 89, 90, 45, 164, 147, 103, 22, 174, 999, 148, 999, 58, 999, 169, 106, 50, 49, 149, 75, 102, 118, 999, 999, 38, 172, 43, 999, 17, 33, 107, 36, 119, 92, 130, 91, 205, 113, 97, 68, 82, 83, 88, 129, 41, 156, 18, 135, 72, 155, 999, 87, 19, 109, 114, 98, 101, 37, 65, 0, 2, 0, 2, 0, 0, 0, 0, 2, 3, 0, 2, 3, 2, 0, 0, 0, 0, 0, 0, 2, 0, 1, 2, 2, 0, 0, 2, 0, 0, 0, 3, 0, 0, 3, 0, 2, 1, 0, 3, 2, 0, 1, 0, 3, 0, 0, 3, 2, 2, 2, 3, 3, 0, 0, 0, 0, 3, 0, 1, 0, 3, 2, 0, 3, 0, 0, 1, 2, 0, 0, 0, 1, 0, 1, 2, 0, 0, 2, 0, 2, 0, 3, 2, 1, 1, 1, 1, 0, 1, 0, 0, 0, 3, 0, 3, 2, 0, 1, 2, 3, 0, 0, 2, 2, 3, 1, 3, 0, 1, 0, 3, 3, 2, 1, 2, 0, 0, 1, 1, 3, 0, 1, 3, 1, 2, 0, 0, 3, 0, 1, 0, 3, 1, 0, 3, 0, 3, 1, 0, 3, 3, 1, 1, 2, 0, 2, 0, 1, 2, 1, 1, 1, 0, 0, 3, 3, 3, 0, 0, 2, 0, 0, 2, 1, 3, 2, 3, 1, 2, 3, 1, 0, 2, 2, 3, 2, 3, 2, 0, 0, 3, 1, 3, 1, 3, 3, 0, 2, 0, 0, 2, 3, 2, 2, 3, 0, 0, 3, 3, 1, 0, 3, 0, 2, 2, 0, 3, 0, 1, 0, 1, 2, 1, 3, 0, 1, 2, 0, 0, 0, 3, 1, 0, 0, 1, 3, 3, 1, 0, 1, 0, 1, 0, 3, 0, 1, 3, 1, 0, 2, 1, 0, 3, 0, 3, 1, 0, 0, 1, 0, 1, 3, 1, 0, 0
RUN_2026-06-19_lowB_baselines_r0c555, 3, 999, 0, 999, 15, 191, 112, 128, 12, 5, 999, 999, 207, 79, 47, 31, 999, 192, 96, 8, 7, 9, 144, 999, 175, 999, 159, 999, 14, 999, 999, 999, 2, 6, 999, 3, 999, 16, 10, 111, 999, 1, 63, 999, 999, 999, 32, 48, 64, 176, 4, 160, 11, 95, 80, 127, 143, 999, 999, 999, 13, 27, 158, 161, 999, 999, 203, 169, 116, 190, 182, 42, 999, 132, 100, 177, 157, 124, 41, 106, 43, 17, 999, 108, 156, 999, 78, 45, 33, 183, 153, 49, 142, 162, 999, 84, 77, 105, 999, 28, 29, 62, 999, 170, 30, 113, 136, 22, 194, 171, 148, 55, 70, 39, 193, 71, 164, 21, 119, 145, 186, 20, 200, 172, 999, 120, 999, 57, 61, 58, 199, 46, 135, 999, 110, 109, 999, 168, 138, 184, 139, 75, 155, 129, 115, 117, 26, 93, 54, 125, 91, 126, 92, 103, 999, 999, 94, 25, 174, 999, 999, 38, 204, 131, 104, 137, 133, 73, 999, 52, 179, 152, 76, 999, 134, 81, 140, 107, 68, 178, 999, 65, 122, 36, 189, 121, 83, 202, 151, 90, 173, 205, 56, 999, 165, 35, 50, 187, 999, 188, 181, 999, 167, 123, 149, 74, 34, 89, 53, 67, 60, 999, 40, 206, 118, 130, 44, 154, 166, 114, 88, 999, 66, 98, 87, 185, 97, 102, 163, 72, 37, 196, 99, 999, 59, 146, 86, 147, 19, 18, 23, 198, 197, 141, 999, 195, 24, 51, 101, 150, 999, 85, 180, 999, 201, 69, 82, 0, 2, 0, 2, 2, 3, 3, 0, 2, 0, 0, 2, 1, 0, 0, 0, 2, 1, 0, 0, 2, 3, 0, 0, 0, 0, 0, 2, 0, 0, 0, 3, 0, 0, 3, 0, 2, 1, 3, 0, 2, 2, 0, 0, 0, 0, 2, 1, 0, 2, 2, 3, 3, 0, 2, 1, 0, 0, 0, 1, 1, 1, 0, 0, 0, 3, 1, 1, 2, 2, 2, 0, 0, 0, 2, 2, 2, 2, 1, 2, 0, 0, 3, 2, 0, 3, 0, 0, 1, 3, 3, 2, 3, 0, 0, 2, 0, 0, 3, 2, 1, 0, 2, 2, 3, 2, 0, 1, 3, 2, 0, 1, 3, 0, 1, 1, 2, 2, 0, 3, 2, 1, 1, 0, 2, 0, 2, 0, 0, 2, 1, 2, 0, 1, 0, 0, 1, 0, 2, 0, 2, 0, 0, 3, 2, 0, 0, 0, 1, 3, 1, 3, 1, 0, 0, 3, 3, 3, 0, 0, 1, 3, 0, 3, 2, 0, 1, 0, 2, 1, 0, 3, 0, 0, 3, 3, 3, 3, 0, 0, 1, 1, 3, 2, 0, 2, 1, 1, 1, 0, 1, 3, 0, 1, 0, 2, 1, 0, 3, 0, 0, 2, 3, 2, 1, 1, 2, 3, 0, 0, 0, 1, 2, 3, 2, 3, 1, 0, 3, 0, 0, 2, 2, 2, 0, 0, 0, 2, 2, 3, 1, 3, 0, 2, 2, 0, 0, 1, 3, 1, 0, 1, 2, 0, 1, 0, 3, 0, 3, 0, 2, 1, 0, 0, 1, 0
RUN_2026-06-19_lowB_baselines_r0c555, 4, 999, 0, 999, 15, 191, 112, 128, 12, 5, 999, 999, 207, 79, 47, 31, 999, 192, 96, 8, 7, 9, 144, 999, 175, 999, 159, 999, 14, 999, 999, 999, 2, 6, 999, 3, 999, 16, 10, 111, 999, 1, 63, 999, 999, 999, 32, 48, 64, 176, 4, 160, 11, 95, 80, 127, 143, 999, 999, 999, 13, 27, 158, 161, 999, 999, 203, 169, 116, 190, 182, 42, 999, 132, 100, 177, 157, 124, 41, 106, 43, 17, 999, 108, 156, 999, 78, 45, 33, 183, 153, 49, 142, 162, 999, 84, 77, 105, 999, 28, 29, 62, 999, 170, 30, 113, 136, 22, 194, 171, 148, 55, 70, 39, 193, 71, 164, 21, 119, 145, 186, 20, 200, 172, 999, 120, 999, 57, 61, 58, 199, 46, 135, 999, 110, 109, 999, 168, 138, 184, 139, 75, 155, 129, 115, 117, 26, 93, 54, 125, 91, 126, 92, 103, 999, 999, 94, 25, 174, 999, 999, 38, 204, 131, 104, 137, 133, 73, 999, 52, 179, 152, 76, 999, 134, 81, 140, 107, 68, 178, 999, 65, 122, 36, 189, 121, 83, 999, 151, 90, 173, 205, 56, 999, 165, 35, 50, 187, 999, 188, 181, 202, 167, 123, 149, 74, 34, 89, 53, 67, 60, 999, 40, 206, 118, 130, 44, 154, 166, 114, 88, 999, 66, 98, 87, 185, 97, 102, 163, 72, 37, 196, 99, 999, 59, 146, 86, 147, 19, 18, 23, 198, 197, 141, 999, 195, 24, 51, 101, 150, 999, 85, 180, 999, 201, 69, 82, 0, 2, 0, 2, 2, 3, 3, 0, 2, 0, 0, 2, 1, 0, 0, 0, 2, 1, 0, 0, 2, 3, 0, 0, 0, 0, 0, 2, 0, 0, 0, 3, 0, 0, 3, 0, 2, 1, 3, 0, 2, 2, 0, 0, 0, 0, 2, 1, 0, 2, 2, 3, 3, 0, 2, 1, 0, 0, 0, 1, 1, 1, 0, 0, 0, 3, 1, 1, 2, 2, 2, 0, 0, 0, 2, 2, 2, 2, 1, 2, 0, 0, 3, 2, 0, 3, 0, 0, 1, 3, 3, 2, 3, 0, 0, 2, 0, 0, 3, 2, 1, 0, 2, 2, 3, 2, 0, 1, 3, 2, 0, 1, 3, 0, 1, 1, 2, 2, 0, 3, 2, 1, 1, 0, 2, 0, 2, 0, 0, 2, 1, 2, 0, 1, 0, 0, 1, 0, 2, 0, 2, 0, 0, 3, 2, 0, 0, 0, 1, 3, 1, 3, 1, 0, 0, 3, 3, 3, 0, 0, 1, 3, 0, 3, 2, 0, 1, 0, 2, 1, 0, 3, 0, 0, 3, 3, 3, 3, 0, 0, 1, 1, 3, 2, 0, 2, 0, 1, 1, 0, 1, 3, 0, 1, 0, 2, 1, 0, 3, 0, 1, 2, 3, 2, 1, 1, 2, 3, 0, 0, 0, 1, 2, 3, 2, 3, 1, 0, 3, 0, 0, 2, 2, 2, 0, 0, 0, 2, 2, 3, 1, 3, 0, 2, 2, 0, 0, 1, 3, 1, 0, 1, 2, 0, 1, 0, 3, 0, 3, 0, 2, 1, 0, 0, 1, 0
RUN_2026-06-19_lowB_baselines_r0c563, 5, 999, 0, 999, 15, 160, 144, 112, 5, 13, 64, 96, 111, 999, 999, 128, 191, 31, 143, 9, 8, 10, 999, 999, 999, 80, 175, 999, 14, 999, 999, 207, 2, 7, 999, 3, 999, 95, 11, 999, 999, 1, 16, 127, 999, 999, 32, 48, 79, 47, 12, 999, 4, 999, 63, 999, 159, 176, 192, 999, 6, 77, 151, 27, 49, 99, 999, 148, 184, 147, 182, 90, 999, 58, 999, 139, 59, 999, 89, 132, 65, 155, 163, 26, 190, 189, 46, 76, 33, 152, 161, 166, 17, 91, 61, 167, 100, 174, 200, 999, 105, 67, 28, 41, 68, 83, 181, 129, 180, 69, 43, 53, 82, 177, 42, 25, 37, 999, 102, 118, 52, 999, 21, 205, 126, 110, 999, 145, 204, 149, 193, 203, 30, 85, 51, 84, 999, 169, 93, 164, 94, 39, 197, 78, 72, 179, 198, 109, 170, 108, 98, 999, 999, 38, 124, 185, 999, 199, 56, 153, 999, 999, 125, 156, 50, 86, 999, 202, 999, 999, 45, 20, 71, 97, 206, 188, 183, 999, 165, 113, 55, 29, 70, 146, 121, 119, 137, 187, 135, 178, 54, 999, 154, 150, 60, 106, 141, 104, 194, 168, 171, 88, 117, 130, 107, 134, 101, 133, 122, 138, 186, 19, 999, 201, 195, 74, 66, 92, 999, 999, 35, 73, 131, 140, 120, 999, 999, 44, 87, 136, 36, 114, 999, 103, 40, 162, 999, 24, 75, 142, 57, 123, 23, 196, 18, 22, 34, 157, 173, 999, 81, 172, 62, 999, 116, 115, 158, 0, 2, 0, 2, 0, 3, 3, 0, 2, 3, 1, 2, 0, 0, 2, 1, 0, 3, 0, 0, 2, 0, 0, 0, 0, 0, 0, 2, 0, 0, 2, 3, 0, 0, 3, 0, 0, 1, 0, 0, 2, 0, 1, 0, 0, 0, 2, 3, 2, 2, 0, 3, 0, 2, 0, 1, 0, 1, 0, 1, 3, 2, 2, 0, 1, 0, 1, 1, 3, 1, 0, 0, 1, 0, 1, 2, 0, 3, 0, 2, 2, 0, 2, 0, 3, 1, 1, 0, 1, 0, 1, 2, 3, 1, 2, 0, 0, 2, 0, 0, 2, 2, 0, 1, 3, 2, 0, 3, 2, 0, 2, 1, 3, 2, 0, 1, 0, 3, 2, 1, 0, 1, 0, 3, 1, 0, 0, 2, 0, 0, 0, 1, 2, 0, 0, 0, 0, 1, 1, 2, 3, 0, 3, 1, 3, 0, 3, 3, 2, 0, 0, 0, 1, 1, 0, 0, 1, 3, 1, 0, 0, 0, 3, 3, 1, 0, 2, 0, 0, 2, 0, 1, 3, 3, 0, 1, 0, 2, 2, 1, 1, 1, 3, 1, 0, 1, 0, 1, 2, 0, 0, 0, 2, 2, 0, 2, 3, 1, 1, 2, 2, 2, 1, 2, 1, 1, 0, 1, 2, 0, 2, 0, 0, 0, 0, 3, 2, 0, 0, 3, 3, 2, 2, 1, 0, 0, 1, 1, 2, 2, 3, 0, 1, 3, 1, 0, 0, 2, 3, 2, 1, 2, 1, 2, 3, 0, 3, 1, 0, 3, 2, 3, 0, 3, 3, 0
RUN_2026-06-19_lowB_baselines_r0c677, 6, 999, 0, 999, 15, 160, 144, 64, 4, 6, 999, 999, 47, 143, 48, 31, 128, 999, 999, 11, 10, 12, 999, 999, 999, 176, 207, 999, 8, 999, 999, 999, 7, 9, 112, 2, 999, 80, 13, 63, 999, 1, 127, 999, 999, 16, 32, 111, 96, 159, 3, 192, 5, 999, 95, 175, 191, 999, 79, 999, 14, 139, 206, 193, 113, 88, 179, 166, 150, 129, 87, 204, 114, 999, 158, 138, 123, 161, 86, 99, 133, 100, 999, 153, 186, 999, 50, 999, 195, 134, 97, 55, 130, 999, 137, 190, 194, 188, 85, 49, 39, 126, 45, 60, 30, 999, 29, 999, 26, 119, 205, 999, 167, 196, 148, 61, 76, 35, 24, 34, 145, 118, 197, 185, 999, 110, 25, 125, 177, 999, 46, 20, 164, 44, 169, 36, 19, 104, 999, 135, 65, 106, 999, 66, 21, 154, 180, 170, 999, 140, 151, 17, 103, 999, 18, 105, 81, 89, 84, 999, 136, 181, 165, 22, 202, 155, 42, 171, 122, 999, 152, 82, 999, 999, 141, 198, 187, 147, 67, 131, 83, 149, 182, 43, 117, 124, 999, 162, 163, 73, 59, 41, 999, 102, 108, 72, 189, 201, 146, 98, 101, 132, 109, 107, 54, 178, 38, 40, 57, 115, 183, 203, 999, 156, 74, 91, 90, 200, 70, 71, 75, 37, 69, 999, 77, 999, 199, 56, 172, 62, 999, 142, 51, 184, 121, 27, 168, 999, 173, 23, 999, 68, 52, 999, 93, 58, 78, 116, 174, 94, 999, 28, 92, 157, 120, 33, 53, 0, 2, 0, 2, 0, 3, 3, 0, 2, 0, 0, 2, 1, 2, 0, 3, 0, 0, 0, 0, 2, 0, 0, 0, 0, 0, 0, 2, 0, 0, 0, 3, 0, 3, 3, 0, 2, 1, 3, 0, 2, 2, 0, 0, 3, 0, 0, 1, 2, 2, 2, 3, 0, 2, 2, 1, 0, 3, 0, 1, 3, 1, 0, 0, 3, 3, 1, 1, 1, 2, 3, 0, 0, 1, 0, 1, 1, 0, 3, 3, 1, 0, 1, 3, 0, 3, 0, 2, 1, 3, 3, 0, 0, 1, 0, 0, 1, 3, 1, 2, 1, 2, 1, 3, 0, 1, 0, 1, 1, 2, 0, 3, 2, 1, 1, 1, 0, 1, 3, 2, 3, 2, 2, 0, 1, 3, 2, 1, 0, 0, 1, 1, 0, 0, 3, 2, 3, 0, 3, 2, 3, 0, 3, 2, 1, 2, 1, 0, 3, 2, 3, 3, 0, 0, 2, 3, 1, 3, 0, 2, 2, 1, 3, 0, 1, 3, 3, 2, 0, 1, 0, 0, 0, 1, 2, 0, 3, 1, 1, 1, 0, 2, 1, 0, 3, 0, 0, 3, 0, 1, 3, 0, 1, 0, 0, 3, 3, 1, 0, 1, 2, 1, 1, 3, 0, 1, 3, 2, 1, 0, 1, 0, 3, 1, 1, 2, 3, 1, 3, 2, 0, 2, 0, 1, 0, 3, 0, 0, 2, 0, 1, 2, 1, 1, 3, 2, 0, 1, 3, 0, 2, 3, 0, 2, 2, 3, 0, 1, 2, 0, 0, 1, 1, 1, 3, 2
RUN_2026-06-19_lowB_baselines_r0c677, 7, 999, 0, 999, 15, 160, 144, 64, 4, 6, 999, 999, 47, 143, 48, 31, 128, 999, 999, 11, 10, 12, 999, 999, 999, 176, 999, 207, 8, 999, 999, 999, 7, 9, 112, 2, 999, 80, 13, 63, 999, 1, 127, 999, 999, 16, 32, 111, 96, 159, 3, 192, 5, 999, 95, 175, 191, 999, 79, 999, 14, 139, 206, 193, 113, 88, 179, 166, 150, 129, 87, 204, 114, 999, 158, 138, 123, 161, 86, 99, 133, 100, 999, 153, 186, 999, 50, 999, 195, 134, 97, 55, 130, 999, 137, 190, 194, 188, 85, 49, 39, 126, 45, 60, 30, 999, 29, 999, 26, 119, 205, 999, 167, 196, 148, 61, 76, 35, 24, 34, 145, 118, 197, 185, 999, 110, 25, 125, 177, 999, 46, 20, 164, 44, 169, 36, 19, 104, 999, 135, 65, 106, 999, 66, 21, 154, 180, 170, 999, 140, 151, 17, 103, 999, 18, 105, 81, 89, 84, 999, 136, 181, 165, 22, 202, 155, 42, 171, 122, 999, 152, 82, 999, 999, 141, 198, 187, 147, 67, 131, 83, 149, 182, 43, 117, 124, 999, 162, 163, 73, 59, 41, 999, 102, 108, 72, 189, 201, 146, 98, 101, 132, 109, 107, 54, 178, 38, 40, 57, 115, 183, 203, 999, 156, 74, 91, 90, 200, 70, 71, 75, 37, 69, 999, 77, 999, 199, 56, 172, 62, 999, 142, 51, 184, 121, 27, 168, 999, 173, 23, 999, 68, 52, 999, 93, 58, 78, 116, 174, 94, 999, 28, 92, 157, 120, 33, 53, 0, 2, 0, 2, 0, 3, 3, 0, 2, 0, 0, 2, 1, 2, 0, 3, 0, 0, 0, 0, 2, 0, 0, 0, 0, 0, 1, 2, 0, 0, 0, 3, 0, 3, 3, 0, 2, 1, 3, 0, 2, 2, 0, 0, 3, 0, 0, 1, 2, 2, 2, 3, 0, 2, 2, 1, 0, 3, 0, 1, 3, 1, 0, 0, 3, 3, 1, 1, 1, 2, 3, 0, 0, 1, 0, 1, 1, 0, 3, 3, 1, 0, 1, 3, 0, 3, 0, 2, 1, 3, 3, 0, 0, 1, 0, 0, 1, 3, 1, 2, 1, 2, 1, 3, 0, 1, 0, 1, 1, 2, 0, 3, 2, 1, 1, 1, 0, 1, 3, 2, 3, 2, 2, 0, 1, 3, 2, 1, 0, 0, 1, 1, 0, 0, 3, 2, 3, 0, 3, 2, 3, 0, 3, 2, 1, 2, 1, 0, 3, 2, 3, 3, 0, 0, 2, 3, 1, 3, 0, 2, 2, 1, 3, 0, 1, 3, 3, 2, 0, 1, 0, 0, 0, 1, 2, 0, 3, 1, 1, 1, 0, 2, 1, 0, 3, 0, 0, 3, 0, 1, 3, 0, 1, 0, 0, 3, 3, 1, 0, 1, 2, 1, 1, 3, 0, 1, 3, 2, 1, 0, 1, 0, 3, 1, 1, 2, 3, 1, 3, 2, 0, 2, 0, 1, 0, 3, 0, 0, 2, 0, 1, 2, 1, 1, 3, 2, 0, 1, 3, 0, 2, 3, 0, 2, 2, 3, 0, 1, 2, 0, 0, 1, 1, 1, 3, 2
RUN_2026-06-19_lowB_baselines_r0c736, 8, 999, 0, 999, 15, 999, 999, 143, 13, 4, 159, 47, 207, 144, 999, 191, 999, 112, 999, 8, 9, 10, 999, 63, 999, 31, 999, 48, 6, 999, 999, 999, 5, 7, 192, 2, 32, 127, 11, 176, 999, 1, 16, 175, 64, 999, 111, 95, 999, 999, 12, 128, 3, 80, 79, 96, 999, 160, 999, 999, 14, 204, 153, 148, 152, 999, 199, 125, 999, 141, 24, 158, 126, 205, 188, 122, 198, 17, 121, 69, 85, 150, 43, 184, 169, 142, 168, 164, 151, 110, 44, 23, 999, 49, 157, 197, 124, 33, 999, 999, 999, 132, 28, 149, 133, 185, 36, 186, 100, 22, 46, 181, 61, 53, 999, 103, 116, 162, 72, 71, 999, 35, 999, 76, 129, 999, 206, 29, 190, 45, 92, 178, 62, 109, 102, 37, 165, 999, 120, 203, 136, 202, 999, 89, 999, 147, 999, 146, 114, 999, 119, 88, 200, 42, 70, 84, 118, 104, 54, 145, 98, 83, 59, 166, 999, 171, 183, 52, 187, 82, 19, 137, 117, 182, 194, 105, 999, 21, 94, 193, 161, 101, 177, 34, 155, 163, 20, 999, 154, 75, 18, 113, 195, 115, 39, 30, 134, 51, 172, 60, 50, 93, 180, 135, 57, 40, 56, 68, 66, 65, 81, 174, 91, 999, 130, 140, 73, 25, 27, 97, 107, 106, 999, 999, 138, 999, 201, 139, 189, 55, 41, 167, 123, 999, 26, 999, 999, 999, 58, 179, 77, 173, 170, 196, 99, 74, 38, 999, 131, 78, 90, 156, 87, 999, 108, 67, 86, 0, 2, 0, 2, 0, 0, 1, 0, 2, 1, 3, 2, 3, 0, 0, 0, 2, 0, 0, 0, 2, 0, 3, 0, 2, 0, 3, 2, 0, 0, 0, 3, 0, 3, 3, 2, 0, 1, 1, 0, 2, 0, 1, 2, 0, 2, 0, 0, 0, 2, 2, 3, 1, 2, 0, 0, 0, 0, 0, 1, 0, 3, 1, 3, 0, 3, 0, 0, 2, 0, 2, 2, 3, 2, 2, 2, 0, 2, 0, 2, 3, 1, 1, 1, 1, 2, 0, 3, 0, 0, 0, 0, 3, 0, 3, 2, 3, 0, 0, 0, 3, 3, 3, 0, 1, 2, 0, 0, 2, 3, 0, 1, 1, 0, 1, 1, 3, 0, 3, 0, 3, 0, 0, 2, 0, 0, 0, 0, 2, 0, 3, 0, 1, 3, 1, 0, 0, 3, 1, 3, 1, 0, 3, 0, 2, 0, 0, 0, 0, 2, 3, 1, 1, 1, 0, 1, 0, 3, 0, 1, 0, 0, 0, 0, 3, 2, 1, 2, 1, 2, 3, 2, 3, 1, 3, 0, 0, 1, 3, 1, 2, 1, 0, 2, 2, 2, 0, 0, 1, 3, 1, 0, 1, 0, 2, 3, 2, 2, 0, 1, 2, 3, 2, 2, 2, 0, 3, 2, 3, 0, 0, 2, 0, 0, 2, 0, 0, 2, 3, 3, 3, 0, 0, 2, 0, 2, 2, 0, 1, 2, 2, 2, 0, 3, 0, 0, 0, 2, 2, 2, 1, 0, 3, 2, 2, 2, 0, 2, 2, 2, 1, 3, 0, 1, 0, 0
RUN_2026-06-19_lowB_baselines_r0c736, 9, 999, 0, 999, 15, 999, 999, 143, 13, 4, 159, 47, 207, 144, 192, 191, 999, 112, 999, 8, 9, 10, 999, 63, 999, 31, 999, 48, 6, 999, 999, 999, 5, 7, 999, 2, 32, 127, 11, 176, 999, 1, 16, 175, 64, 999, 111, 95, 999, 999, 12, 128, 3, 80, 79, 96, 999, 160, 999, 999, 14, 204, 153, 148, 152, 999, 199, 125, 999, 141, 24, 158, 126, 205, 188, 122, 198, 17, 121, 69, 85, 150, 43, 184, 169, 142, 168, 164, 151, 110, 44, 23, 999, 49, 157, 999, 124, 33, 999, 197, 999, 132, 28, 149, 133, 185, 36, 186, 100, 22, 46, 181, 61, 53, 999, 103, 116, 162, 72, 71, 999, 35, 999, 76, 129, 999, 206, 29, 190, 45, 92, 178, 62, 109, 102, 37, 165, 999, 120, 203, 136, 202, 194, 89, 193, 147, 999, 146, 114, 999, 119, 88, 200, 42, 70, 84, 118, 104, 54, 145, 98, 83, 59, 166, 999, 171, 183, 52, 187, 82, 19, 137, 117, 182, 999, 105, 999, 21, 94, 999, 161, 101, 177, 34, 155, 163, 20, 196, 154, 75, 18, 113, 195, 115, 39, 30, 134, 51, 172, 60, 50, 93, 180, 135, 57, 40, 56, 68, 66, 65, 81, 174, 91, 999, 130, 140, 73, 25, 27, 97, 107, 106, 999, 999, 138, 999, 201, 139, 189, 55, 41, 167, 123, 999, 26, 999, 999, 999, 58, 179, 77, 173, 170, 999, 99, 74, 38, 999, 131, 78, 90, 156, 87, 999, 108, 67, 86, 0, 2, 0, 2, 0, 0, 1, 0, 2, 1, 3, 2, 3, 2, 0, 0, 2, 0, 0, 0, 2, 0, 3, 0, 2, 0, 3, 2, 0, 0, 0, 3, 0, 0, 3, 2, 0, 1, 1, 0, 2, 0, 1, 2, 0, 2, 0, 0, 0, 2, 2, 3, 1, 2, 0, 0, 0, 0, 0, 1, 0, 3, 1, 3, 0, 3, 0, 0, 2, 0, 2, 2, 3, 2, 2, 2, 0, 2, 0, 2, 3, 1, 1, 1, 1, 2, 0, 3, 0, 0, 0, 0, 3, 0, 0, 2, 3, 0, 1, 0, 3, 3, 3, 0, 1, 2, 0, 0, 2, 3, 0, 1, 1, 0, 1, 1, 3, 0, 3, 0, 3, 0, 0, 2, 0, 0, 0, 0, 2, 0, 3, 0, 1, 3, 1, 0, 0, 3, 1, 3, 1, 2, 3, 2, 2, 0, 0, 0, 0, 2, 3, 1, 1, 1, 0, 1, 0, 3, 0, 1, 0, 0, 0, 0, 3, 2, 1, 2, 1, 2, 3, 2, 3, 0, 3, 0, 0, 1, 0, 1, 2, 1, 0, 2, 2, 2, 3, 0, 1, 3, 1, 3, 1, 0, 2, 3, 2, 2, 0, 1, 2, 3, 2, 2, 2, 0, 3, 2, 3, 0, 0, 2, 0, 0, 2, 0, 0, 2, 3, 3, 3, 0, 0, 2, 0, 2, 2, 0, 1, 2, 2, 2, 0, 3, 0, 0, 0, 2, 2, 2, 1, 0, 0, 2, 2, 2, 0, 2, 2, 2, 1, 3, 0, 1, 0, 0
RUN_2026-06-19_lowB_baselines_r0c203, 10, 999, 0, 999, 15, 16, 159, 999, 3, 8, 48, 191, 96, 128, 999, 175, 999, 31, 207, 11, 10, 12, 144, 999, 999, 143, 999, 999, 5, 999, 999, 999, 14, 9, 176, 6, 999, 64, 1, 95, 160, 13, 999, 999, 999, 32, 80, 79, 999, 47, 7, 999, 2, 63, 999, 999, 192, 112, 111, 127, 4, 182, 70, 174, 999, 86, 67, 999, 183, 92, 999, 103, 65, 999, 168, 24, 39, 999, 173, 17, 172, 166, 91, 69, 999, 42, 104, 999, 81, 184, 113, 177, 190, 129, 97, 83, 40, 161, 25, 41, 46, 158, 99, 999, 162, 203, 163, 23, 999, 19, 21, 132, 106, 131, 75, 999, 61, 93, 115, 999, 105, 20, 146, 114, 170, 76, 204, 999, 98, 100, 147, 999, 148, 45, 94, 186, 999, 197, 999, 199, 198, 108, 999, 22, 181, 73, 119, 187, 38, 37, 999, 53, 68, 90, 118, 102, 120, 85, 34, 107, 165, 18, 171, 89, 999, 57, 999, 200, 43, 179, 78, 134, 62, 167, 133, 194, 178, 130, 139, 123, 999, 140, 156, 999, 84, 29, 999, 71, 74, 51, 150, 151, 26, 66, 141, 142, 999, 30, 154, 196, 153, 999, 49, 155, 999, 56, 180, 54, 87, 169, 52, 55, 122, 138, 135, 36, 201, 152, 125, 72, 35, 164, 126, 88, 999, 157, 59, 77, 124, 60, 44, 999, 193, 206, 50, 101, 195, 136, 145, 117, 205, 82, 137, 27, 189, 33, 121, 188, 999, 58, 116, 202, 28, 149, 109, 110, 185, 0, 2, 0, 2, 0, 1, 0, 0, 2, 3, 3, 0, 3, 0, 0, 0, 0, 3, 0, 0, 2, 3, 0, 0, 2, 0, 0, 2, 0, 0, 0, 3, 0, 3, 3, 0, 2, 1, 3, 1, 2, 0, 0, 0, 3, 0, 0, 0, 2, 2, 0, 3, 3, 0, 0, 3, 0, 3, 1, 1, 0, 3, 1, 0, 0, 3, 0, 2, 0, 0, 0, 0, 0, 2, 0, 0, 0, 0, 1, 3, 0, 1, 2, 0, 1, 3, 0, 0, 2, 3, 3, 0, 0, 3, 2, 0, 1, 1, 1, 1, 3, 0, 0, 2, 1, 2, 1, 0, 3, 0, 3, 3, 2, 0, 0, 1, 2, 1, 0, 0, 1, 1, 2, 1, 2, 1, 0, 1, 0, 1, 0, 0, 1, 1, 3, 0, 0, 0, 2, 0, 0, 0, 2, 3, 1, 2, 3, 0, 2, 0, 2, 1, 1, 2, 1, 3, 3, 1, 3, 0, 1, 2, 0, 0, 1, 0, 1, 1, 0, 2, 3, 2, 0, 2, 1, 0, 1, 3, 1, 0, 1, 3, 0, 2, 0, 0, 3, 2, 3, 2, 1, 0, 3, 0, 2, 0, 0, 2, 2, 1, 0, 0, 1, 0, 0, 1, 3, 0, 1, 0, 3, 0, 3, 0, 0, 0, 0, 3, 1, 1, 0, 0, 3, 0, 0, 1, 1, 3, 2, 0, 0, 2, 2, 1, 3, 0, 2, 2, 2, 3, 0, 0, 3, 0, 1, 3, 2, 0, 0, 3, 1, 2, 0, 2, 3, 3
RUN_2026-06-19_lowB_baselines_r0c203, 11, 999, 0, 999, 15, 16, 159, 999, 3, 8, 48, 191, 96, 128, 999, 175, 999, 31, 207, 11, 10, 12, 144, 999, 999, 143, 999, 999, 5, 999, 999, 999, 14, 9, 176, 6, 999, 64, 1, 95, 160, 13, 999, 999, 999, 32, 80, 79, 999, 47, 7, 999, 2, 63, 999, 999, 192, 112, 111, 127, 4, 182, 70, 174, 999, 86, 67, 999, 183, 92, 999, 103, 65, 999, 168, 24, 39, 999, 173, 17, 172, 166, 91, 69, 999, 42, 104, 999, 81, 184, 113, 177, 190, 129, 97, 83, 40, 161, 25, 41, 46, 158, 99, 999, 162, 203, 163, 23, 999, 19, 21, 132, 106, 131, 75, 999, 61, 93, 115, 999, 105, 20, 146, 114, 170, 76, 204, 999, 98, 100, 147, 999, 148, 45, 94, 186, 999, 197, 198, 199, 999, 108, 999, 22, 181, 73, 119, 187, 38, 37, 999, 53, 68, 90, 118, 102, 120, 85, 34, 107, 165, 18, 171, 89, 999, 57, 999, 200, 43, 179, 78, 134, 62, 167, 133, 194, 178, 130, 139, 123, 999, 140, 156, 999, 84, 29, 999, 71, 74, 51, 150, 151, 26, 66, 141, 142, 999, 30, 154, 196, 153, 999, 49, 155, 999, 56, 180, 54, 87, 169, 52, 55, 122, 138, 135, 36, 201, 152, 125, 72, 35, 164, 126, 88, 999, 157, 59, 77, 124, 60, 44, 999, 193, 206, 50, 101, 195, 136, 145, 117, 205, 82, 137, 27, 189, 33, 121, 188, 999, 58, 116, 202, 28, 149, 109, 110, 185, 0, 2, 0, 2, 0, 1, 0, 0, 2, 3, 3, 0, 3, 0, 0, 0, 0, 3, 0, 0, 2, 3, 0, 0, 2, 0, 0, 2, 0, 0, 0, 3, 0, 3, 3, 0, 2, 1, 3, 1, 2, 0, 0, 0, 3, 0, 0, 0, 2, 2, 0, 3, 3, 0, 0, 3, 0, 3, 1, 1, 0, 3, 1, 0, 0, 3, 0, 2, 0, 0, 0, 0, 0, 2, 0, 0, 0, 0, 1, 3, 0, 1, 2, 0, 1, 3, 0, 0, 2, 3, 3, 0, 0, 3, 2, 0, 1, 1, 1, 1, 3, 0, 0, 2, 1, 2, 1, 0, 3, 0, 3, 3, 2, 0, 0, 1, 2, 1, 0, 0, 1, 1, 2, 1, 2, 1, 0, 1, 0, 1, 0, 0, 1, 1, 3, 0, 0, 2, 2, 0, 0, 0, 2, 3, 1, 2, 3, 0, 2, 0, 2, 1, 1, 2, 1, 3, 3, 1, 3, 0, 1, 2, 0, 0, 1, 0, 1, 1, 0, 2, 3, 2, 0, 2, 1, 0, 1, 3, 1, 0, 1, 3, 0, 2, 0, 0, 3, 2, 3, 2, 1, 0, 3, 0, 2, 0, 0, 2, 2, 1, 0, 0, 1, 0, 0, 1, 3, 0, 1, 0, 3, 0, 3, 0, 0, 0, 0, 3, 1, 1, 0, 0, 3, 0, 0, 1, 1, 3, 2, 0, 0, 2, 2, 1, 3, 0, 2, 2, 2, 3, 0, 0, 3, 0, 1, 3, 2, 0, 0, 3, 1, 2, 0, 2, 3, 3
RUN_2026-06-19_lowB_baselines_r0c203, 12, 999, 0, 999, 15, 16, 159, 999, 3, 8, 48, 191, 96, 128, 999, 175, 999, 31, 999, 11, 10, 12, 144, 999, 207, 143, 999, 999, 5, 999, 999, 999, 14, 9, 176, 6, 999, 64, 1, 95, 160, 13, 999, 999, 999, 32, 80, 79, 999, 47, 7, 999, 2, 63, 999, 999, 192, 112, 111, 127, 4, 182, 70, 174, 999, 86, 67, 999, 183, 92, 999, 103, 65, 999, 168, 24, 39, 999, 173, 17, 172, 166, 91, 69, 999, 42, 104, 999, 81, 184, 113, 177, 190, 129, 97, 83, 40, 161, 25, 41, 46, 158, 99, 999, 162, 203, 163, 23, 999, 19, 21, 132, 106, 131, 75, 999, 61, 93, 115, 999, 105, 20, 146, 114, 170, 76, 204, 999, 98, 100, 147, 999, 148, 45, 94, 186, 999, 197, 999, 199, 198, 108, 999, 22, 181, 73, 119, 187, 38, 37, 999, 53, 68, 90, 118, 102, 120, 85, 34, 107, 165, 18, 171, 89, 999, 57, 999, 200, 43, 179, 78, 134, 62, 167, 133, 194, 178, 130, 139, 123, 999, 140, 156, 999, 84, 29, 999, 71, 74, 51, 150, 151, 26, 66, 141, 142, 999, 30, 154, 196, 153, 999, 49, 155, 999, 56, 180, 54, 87, 169, 52, 55, 122, 138, 135, 36, 201, 152, 125, 72, 35, 164, 126, 88, 999, 157, 59, 77, 124, 60, 44, 999, 193, 206, 50, 101, 195, 136, 145, 117, 205, 82, 137, 27, 189, 33, 121, 188, 999, 58, 116, 202, 28, 149, 109, 110, 185, 0, 2, 0, 2, 0, 1, 0, 0, 2, 3, 3, 0, 3, 0, 0, 0, 0, 0, 0, 0, 2, 3, 0, 0, 2, 0, 0, 2, 0, 0, 0, 3, 0, 3, 3, 0, 2, 1, 3, 1, 2, 0, 0, 0, 3, 0, 0, 0, 2, 2, 0, 3, 3, 0, 0, 3, 0, 3, 1, 1, 0, 3, 1, 0, 0, 3, 0, 2, 0, 0, 0, 0, 0, 2, 0, 0, 0, 0, 1, 3, 0, 1, 2, 0, 1, 3, 0, 0, 2, 3, 3, 0, 0, 3, 2, 0, 1, 1, 1, 1, 3, 0, 0, 2, 1, 2, 1, 0, 3, 0, 3, 3, 2, 0, 0, 1, 2, 1, 0, 0, 1, 1, 2, 1, 2, 1, 0, 1, 0, 1, 0, 0, 1, 1, 3, 0, 0, 0, 2, 0, 0, 0, 2, 3, 1, 2, 3, 0, 2, 0, 2, 1, 1, 2, 1, 3, 3, 1, 3, 0, 1, 2, 0, 0, 1, 0, 1, 1, 0, 2, 3, 2, 0, 2, 1, 0, 1, 3, 1, 0, 1, 3, 0, 2, 0, 0, 3, 2, 3, 2, 1, 0, 3, 0, 2, 0, 0, 2, 2, 1, 0, 0, 1, 0, 0, 1, 3, 0, 1, 0, 3, 0, 3, 0, 0, 0, 0, 3, 1, 1, 0, 0, 3, 0, 0, 1, 1, 3, 2, 0, 0, 2, 1, 1, 3, 0, 2, 2, 2, 3, 0, 0, 3, 0, 1, 3, 2, 0, 0, 3, 1, 2, 0, 2, 3, 3
RUN_2026-06-19_lowB_baselines_r0c203, 13, 999, 0, 999, 15, 16, 159, 999, 3, 8, 48, 191, 96, 128, 999, 175, 999, 31, 207, 11, 10, 12, 144, 999, 999, 143, 999, 999, 5, 999, 999, 999, 14, 9, 176, 6, 999, 64, 1, 95, 160, 13, 999, 999, 999, 32, 80, 79, 999, 47, 7, 999, 2, 63, 999, 999, 192, 112, 111, 127, 4, 182, 70, 174, 999, 86, 67, 999, 183, 92, 999, 103, 65, 999, 168, 24, 39, 999, 173, 17, 172, 166, 91, 69, 999, 42, 104, 999, 81, 184, 113, 177, 190, 129, 97, 83, 40, 161, 25, 41, 46, 158, 99, 999, 162, 203, 163, 23, 999, 19, 21, 132, 106, 131, 75, 999, 61, 93, 115, 999, 105, 20, 146, 114, 170, 76, 204, 999, 98, 100, 147, 999, 148, 45, 94, 186, 999, 197, 999, 199, 999, 108, 999, 22, 181, 73, 119, 187, 38, 37, 198, 53, 68, 90, 118, 102, 120, 85, 34, 107, 165, 18, 171, 89, 999, 57, 999, 200, 43, 179, 78, 134, 62, 167, 133, 194, 178, 130, 139, 123, 999, 140, 156, 999, 84, 29, 999, 71, 74, 51, 150, 151, 26, 66, 141, 142, 999, 30, 154, 196, 153, 999, 49, 155, 999, 56, 180, 54, 87, 169, 52, 55, 122, 138, 135, 36, 201, 152, 125, 72, 35, 164, 126, 88, 999, 157, 59, 77, 124, 60, 44, 999, 193, 206, 50, 101, 195, 136, 145, 117, 205, 82, 137, 27, 189, 33, 121, 188, 999, 58, 116, 202, 28, 149, 109, 110, 185, 0, 2, 0, 2, 0, 1, 0, 0, 2, 3, 3, 0, 3, 0, 0, 0, 0, 3, 0, 0, 2, 3, 0, 0, 2, 0, 0, 2, 0, 0, 0, 3, 0, 3, 3, 0, 2, 1, 3, 1, 2, 0, 0, 0, 3, 0, 0, 0, 2, 2, 0, 3, 3, 0, 0, 3, 0, 3, 1, 1, 0, 3, 1, 0, 0, 3, 0, 2, 0, 0, 0, 0, 0, 2, 0, 0, 0, 0, 1, 3, 0, 1, 2, 0, 1, 3, 0, 0, 2, 3, 3, 0, 0, 3, 2, 0, 1, 1, 1, 1, 3, 0, 0, 2, 1, 2, 1, 0, 3, 0, 3, 3, 2, 0, 0, 1, 2, 1, 0, 0, 1, 1, 2, 1, 2, 1, 0, 1, 0, 1, 0, 0, 1, 1, 3, 0, 0, 0, 2, 0, 0, 0, 2, 3, 1, 2, 3, 0, 2, 2, 2, 1, 1, 2, 1, 3, 3, 1, 3, 0, 1, 2, 0, 0, 1, 0, 1, 1, 0, 2, 3, 2, 0, 2, 1, 0, 1, 3, 1, 0, 1, 3, 0, 2, 0, 0, 3, 2, 3, 2, 1, 0, 3, 0, 2, 0, 0, 2, 2, 1, 0, 0, 1, 0, 0, 1, 3, 0, 1, 0, 3, 0, 3, 0, 0, 0, 0, 3, 1, 1, 0, 0, 3, 0, 0, 1, 1, 3, 2, 0, 0, 2, 2, 1, 3, 0, 2, 2, 2, 3, 0, 0, 3, 0, 1, 3, 2, 0, 0, 3, 1, 2, 0, 2, 3, 3
RUN_2026-06-19_lowB_baselines_r0c203, 14, 999, 0, 999, 15, 16, 159, 999, 3, 8, 48, 191, 96, 128, 999, 175, 999, 31, 999, 11, 10, 12, 144, 999, 207, 143, 999, 999, 5, 999, 999, 999, 14, 9, 176, 6, 999, 64, 1, 95, 160, 13, 999, 999, 999, 32, 80, 79, 999, 47, 7, 999, 2, 63, 999, 999, 192, 112, 111, 127, 4, 182, 70, 174, 999, 86, 67, 999, 183, 92, 999, 103, 65, 999, 168, 24, 39, 999, 173, 17, 172, 166, 91, 69, 999, 42, 104, 999, 81, 184, 113, 177, 190, 129, 97, 83, 40, 161, 25, 41, 46, 158, 99, 999, 162, 203, 163, 23, 999, 19, 21, 132, 106, 131, 75, 999, 61, 93, 115, 999, 105, 20, 146, 114, 170, 76, 204, 999, 98, 100, 147, 999, 148, 45, 94, 186, 999, 197, 198, 199, 999, 108, 999, 22, 181, 73, 119, 187, 38, 37, 999, 53, 68, 90, 118, 102, 120, 85, 34, 107, 165, 18, 171, 89, 999, 57, 999, 200, 43, 179, 78, 134, 62, 167, 133, 194, 178, 130, 139, 123, 999, 140, 156, 999, 84, 29, 999, 71, 74, 51, 150, 151, 26, 66, 141, 142, 999, 30, 154, 196, 153, 999, 49, 155, 999, 56, 180, 54, 87, 169, 52, 55, 122, 138, 135, 36, 201, 152, 125, 72, 35, 164, 126, 88, 999, 157, 59, 77, 124, 60, 44, 999, 193, 206, 50, 101, 195, 136, 145, 117, 205, 82, 137, 27, 189, 33, 121, 188, 999, 58, 116, 202, 28, 149, 109, 110, 185, 0, 2, 0, 2, 0, 1, 0, 0, 2, 3, 3, 0, 3, 0, 0, 0, 0, 0, 0, 0, 2, 3, 0, 0, 2, 0, 0, 2, 0, 0, 0, 3, 0, 3, 3, 0, 2, 1, 3, 1, 2, 0, 0, 0, 3, 0, 0, 0, 2, 2, 0, 3, 3, 0, 0, 3, 0, 3, 1, 1, 0, 3, 1, 0, 0, 3, 0, 2, 0, 0, 0, 0, 0, 2, 0, 0, 0, 0, 1, 3, 0, 1, 2, 0, 1, 3, 0, 0, 2, 3, 3, 0, 0, 3, 2, 0, 1, 1, 1, 1, 3, 0, 0, 2, 1, 2, 1, 0, 3, 0, 3, 3, 2, 0, 0, 1, 2, 1, 0, 0, 1, 1, 2, 1, 2, 1, 0, 1, 0, 1, 0, 0, 1, 1, 3, 0, 0, 2, 2, 0, 0, 0, 2, 3, 1, 2, 3, 0, 2, 0, 2, 1, 1, 2, 1, 3, 3, 1, 3, 0, 1, 2, 0, 0, 1, 0, 1, 1, 0, 2, 3, 2, 0, 2, 1, 0, 1, 3, 1, 0, 1, 3, 0, 2, 0, 0, 3, 2, 3, 2, 1, 0, 3, 0, 2, 0, 0, 2, 2, 1, 0, 0, 1, 0, 0, 1, 3, 0, 1, 0, 3, 0, 3, 0, 0, 0, 0, 3, 1, 1, 0, 0, 3, 0, 0, 1, 1, 3, 2, 0, 0, 2, 1, 1, 3, 0, 2, 2, 2, 3, 0, 0, 3, 0, 1, 3, 2, 0, 0, 3, 1, 2, 0, 2, 3, 3
RUN_2026-06-19_lowB_baselines_r0c203, 15, 999, 0, 999, 15, 16, 159, 999, 3, 8, 48, 191, 96, 128, 999, 175, 999, 31, 999, 11, 10, 12, 144, 999, 207, 143, 999, 999, 5, 999, 999, 999, 14, 9, 176, 6, 999, 64, 1, 95, 160, 13, 999, 999, 999, 32, 80, 79, 999, 47, 7, 999, 2, 63, 999, 999, 192, 112, 111, 127, 4, 182, 70, 174, 999, 86, 67, 999, 183, 92, 999, 103, 65, 999, 168, 24, 39, 999, 173, 17, 172, 166, 91, 69, 999, 42, 104, 999, 81, 184, 113, 177, 190, 129, 97, 83, 40, 161, 25, 41, 46, 158, 99, 999, 162, 203, 163, 23, 999, 19, 21, 132, 106, 131, 75, 999, 61, 93, 115, 999, 105, 20, 146, 114, 170, 76, 204, 999, 98, 100, 147, 999, 148, 45, 94, 186, 999, 197, 999, 199, 999, 108, 999, 22, 181, 73, 119, 187, 38, 37, 198, 53, 68, 90, 118, 102, 120, 85, 34, 107, 165, 18, 171, 89, 999, 57, 999, 200, 43, 179, 78, 134, 62, 167, 133, 194, 178, 130, 139, 123, 999, 140, 156, 999, 84, 29, 999, 71, 74, 51, 150, 151, 26, 66, 141, 142, 999, 30, 154, 196, 153, 999, 49, 155, 999, 56, 180, 54, 87, 169, 52, 55, 122, 138, 135, 36, 201, 152, 125, 72, 35, 164, 126, 88, 999, 157, 59, 77, 124, 60, 44, 999, 193, 206, 50, 101, 195, 136, 145, 117, 205, 82, 137, 27, 189, 33, 121, 188, 999, 58, 116, 202, 28, 149, 109, 110, 185, 0, 2, 0, 2, 0, 1, 0, 0, 2, 3, 3, 0, 3, 0, 0, 0, 0, 0, 0, 0, 2, 3, 0, 0, 2, 0, 0, 2, 0, 0, 0, 3, 0, 3, 3, 0, 2, 1, 3, 1, 2, 0, 0, 0, 3, 0, 0, 0, 2, 2, 0, 3, 3, 0, 0, 3, 0, 3, 1, 1, 0, 3, 1, 0, 0, 3, 0, 2, 0, 0, 0, 0, 0, 2, 0, 0, 0, 0, 1, 3, 0, 1, 2, 0, 1, 3, 0, 0, 2, 3, 3, 0, 0, 3, 2, 0, 1, 1, 1, 1, 3, 0, 0, 2, 1, 2, 1, 0, 3, 0, 3, 3, 2, 0, 0, 1, 2, 1, 0, 0, 1, 1, 2, 1, 2, 1, 0, 1, 0, 1, 0, 0, 1, 1, 3, 0, 0, 0, 2, 0, 0, 0, 2, 3, 1, 2, 3, 0, 2, 2, 2, 1, 1, 2, 1, 3, 3, 1, 3, 0, 1, 2, 0, 0, 1, 0, 1, 1, 0, 2, 3, 2, 0, 2, 1, 0, 1, 3, 1, 0, 1, 3, 0, 2, 0, 0, 3, 2, 3, 2, 1, 0, 3, 0, 2, 0, 0, 2, 2, 1, 0, 0, 1, 0, 0, 1, 3, 0, 1, 0, 3, 0, 3, 0, 0, 0, 0, 3, 1, 1, 0, 0, 3, 0, 0, 1, 1, 3, 2, 0, 0, 2, 1, 1, 3, 0, 2, 2, 2, 3, 0, 0, 3, 0, 1, 3, 2, 0, 0, 3, 1, 2, 0, 2, 3, 3
RUN_2026-06-19_lowB_baselines_r1c608, 0, 0, 15, 999, 999, 16, 143, 32, 112, 999, 144, 4, 999, 999, 6, 999, 207, 13, 999, 191, 999, 159, 999, 79, 3, 5, 12, 999, 999, 999, 192, 999, 9, 999, 1, 10, 999, 128, 64, 47, 175, 8, 160, 2, 999, 999, 80, 7, 31, 999, 14, 63, 48, 96, 176, 95, 11, 127, 111, 999, 999, 153, 200, 148, 17, 206, 57, 117, 129, 56, 133, 76, 38, 101, 28, 65, 167, 67, 999, 166, 100, 154, 73, 999, 201, 187, 180, 999, 164, 81, 171, 66, 18, 72, 999, 999, 137, 37, 999, 113, 77, 151, 26, 999, 178, 999, 185, 999, 161, 197, 181, 142, 132, 30, 135, 98, 186, 205, 204, 999, 42, 177, 152, 188, 25, 82, 195, 162, 189, 149, 999, 116, 179, 93, 62, 94, 999, 124, 115, 169, 999, 74, 108, 33, 138, 119, 147, 118, 104, 999, 131, 88, 202, 190, 114, 125, 150, 134, 40, 107, 22, 999, 163, 999, 91, 184, 85, 203, 194, 183, 157, 109, 97, 139, 156, 121, 69, 168, 49, 196, 90, 130, 122, 999, 999, 174, 86, 84, 173, 45, 193, 29, 41, 105, 61, 146, 92, 999, 999, 172, 182, 999, 126, 999, 58, 39, 87, 120, 999, 102, 53, 51, 20, 23, 52, 78, 60, 19, 99, 103, 136, 21, 999, 54, 106, 170, 35, 70, 999, 46, 198, 34, 27, 68, 89, 75, 24, 155, 36, 44, 999, 71, 83, 140, 123, 145, 199, 43, 158, 59, 165, 999, 141, 50, 999, 110, 55, 3, 3, 0, 0, 0, 1, 3, 3, 0, 3, 2, 0, 0, 3, 0, 1, 3, 0, 1, 0, 3, 0, 3, 3, 1, 3, 0, 0, 0, 0, 0, 3, 0, 0, 3, 0, 2, 0, 3, 3, 2, 0, 0, 0, 0, 0, 3, 3, 0, 2, 0, 2, 1, 0, 2, 0, 2, 3, 0, 0, 0, 2, 1, 1, 2, 0, 3, 3, 2, 1, 0, 1, 3, 0, 1, 2, 1, 0, 3, 3, 1, 3, 0, 0, 2, 0, 0, 0, 2, 3, 0, 3, 1, 0, 0, 3, 0, 0, 2, 3, 2, 1, 0, 2, 0, 0, 0, 0, 2, 2, 1, 2, 1, 1, 2, 0, 0, 2, 0, 3, 2, 2, 3, 0, 1, 0, 3, 2, 0, 0, 0, 0, 0, 3, 2, 0, 0, 2, 2, 0, 3, 1, 0, 3, 2, 1, 0, 0, 0, 1, 0, 1, 2, 2, 0, 0, 0, 3, 3, 1, 0, 0, 0, 2, 0, 3, 1, 2, 1, 1, 3, 0, 1, 2, 0, 2, 0, 2, 0, 1, 2, 2, 0, 0, 1, 2, 1, 0, 3, 1, 2, 0, 1, 3, 1, 3, 0, 0, 3, 3, 0, 0, 0, 2, 2, 2, 2, 0, 3, 3, 1, 3, 1, 3, 0, 3, 2, 0, 2, 0, 0, 0, 3, 0, 3, 2, 1, 0, 2, 0, 0, 3, 0, 3, 0, 0, 0, 1, 3, 0, 3, 1, 3, 3, 0, 1, 2, 1, 3, 3, 0, 2, 0, 0, 3, 1
RUN_2026-06-19_lowB_baselines_r1c312, 1, 0, 15, 999, 999, 999, 999, 176, 207, 160, 95, 5, 999, 159, 7, 999, 999, 13, 999, 64, 999, 127, 79, 48, 4, 6, 12, 999, 999, 999, 999, 999, 1, 999, 2, 10, 144, 143, 128, 47, 111, 9, 16, 3, 999, 192, 999, 8, 31, 175, 14, 80, 191, 999, 32, 112, 11, 999, 96, 63, 999, 190, 199, 999, 200, 76, 55, 184, 42, 196, 75, 57, 174, 999, 17, 188, 19, 28, 189, 123, 26, 103, 999, 33, 142, 124, 141, 999, 56, 180, 84, 18, 999, 201, 37, 183, 38, 172, 83, 206, 87, 132, 166, 81, 131, 999, 999, 999, 203, 52, 182, 51, 115, 30, 186, 999, 49, 150, 194, 168, 67, 151, 82, 20, 999, 50, 21, 68, 97, 193, 999, 165, 98, 999, 185, 116, 205, 104, 164, 134, 125, 163, 147, 177, 39, 74, 92, 73, 195, 148, 999, 126, 161, 77, 169, 120, 41, 101, 72, 204, 153, 999, 108, 117, 135, 155, 156, 70, 202, 43, 136, 999, 118, 133, 109, 999, 171, 69, 140, 66, 999, 137, 40, 61, 71, 999, 24, 162, 999, 45, 107, 29, 999, 187, 90, 178, 999, 60, 99, 181, 35, 152, 173, 106, 999, 54, 23, 129, 59, 138, 91, 121, 139, 154, 105, 34, 89, 122, 170, 999, 145, 22, 179, 78, 94, 999, 65, 93, 36, 46, 999, 158, 86, 44, 119, 113, 100, 999, 114, 110, 999, 27, 25, 198, 197, 58, 88, 149, 999, 102, 146, 85, 167, 157, 53, 130, 62, 3, 3, 0, 0, 0, 0, 3, 1, 1, 1, 2, 0, 1, 3, 0, 0, 3, 0, 3, 0, 3, 1, 1, 3, 1, 3, 0, 0, 0, 0, 0, 3, 0, 0, 3, 2, 0, 0, 3, 3, 2, 0, 0, 0, 3, 0, 3, 3, 2, 2, 2, 0, 0, 0, 0, 0, 0, 1, 1, 0, 2, 2, 0, 3, 3, 2, 0, 3, 1, 2, 2, 3, 0, 2, 3, 2, 2, 2, 3, 0, 2, 0, 1, 0, 1, 1, 0, 3, 0, 0, 0, 0, 3, 0, 3, 0, 1, 3, 0, 2, 1, 1, 2, 2, 0, 0, 0, 0, 1, 0, 1, 2, 1, 2, 0, 2, 2, 0, 0, 0, 1, 1, 3, 0, 2, 1, 0, 3, 2, 0, 0, 1, 0, 3, 1, 0, 2, 2, 3, 2, 1, 0, 0, 3, 2, 3, 0, 1, 3, 0, 1, 0, 3, 1, 1, 1, 0, 2, 1, 1, 0, 0, 0, 3, 3, 3, 0, 2, 3, 3, 0, 2, 3, 3, 0, 0, 0, 1, 1, 0, 2, 2, 3, 3, 0, 0, 2, 0, 3, 0, 2, 0, 1, 3, 3, 0, 0, 2, 3, 2, 3, 3, 0, 0, 0, 0, 1, 0, 1, 1, 0, 2, 1, 0, 3, 3, 3, 2, 0, 3, 3, 3, 2, 1, 0, 3, 0, 3, 2, 0, 1, 2, 2, 0, 1, 3, 0, 3, 3, 0, 3, 1, 0, 2, 0, 2, 0, 0, 0, 2, 0, 2, 1, 3, 2, 2
RUN_2026-06-19_lowB_baselines_r1c628, 2, 0, 15, 999, 999, 207, 999, 999, 128, 80, 999, 4, 999, 999, 6, 144, 999, 13, 192, 999, 175, 999, 191, 79, 5, 3, 12, 999, 64, 999, 48, 999, 9, 160, 1, 10, 999, 999, 127, 47, 999, 8, 16, 2, 999, 999, 999, 7, 31, 112, 14, 159, 96, 32, 111, 95, 11, 999, 143, 63, 176, 168, 86, 126, 183, 163, 167, 184, 113, 28, 74, 999, 197, 154, 153, 199, 164, 999, 102, 999, 56, 70, 206, 110, 999, 87, 103, 188, 77, 55, 118, 61, 169, 999, 93, 172, 117, 177, 161, 999, 90, 158, 142, 999, 999, 132, 82, 173, 174, 65, 148, 181, 25, 30, 137, 124, 196, 66, 19, 204, 18, 999, 145, 35, 189, 125, 52, 68, 999, 41, 185, 999, 136, 194, 108, 141, 34, 999, 97, 81, 69, 88, 999, 129, 999, 147, 133, 106, 98, 99, 54, 107, 198, 999, 162, 73, 72, 179, 205, 53, 27, 134, 105, 195, 57, 42, 151, 200, 38, 43, 146, 33, 22, 155, 156, 140, 999, 152, 135, 17, 150, 201, 139, 104, 75, 59, 182, 120, 36, 999, 178, 171, 51, 138, 165, 85, 71, 50, 37, 114, 29, 166, 999, 999, 999, 26, 84, 122, 170, 92, 123, 20, 131, 999, 115, 58, 78, 157, 187, 94, 999, 101, 91, 202, 49, 67, 45, 149, 999, 46, 21, 60, 83, 24, 193, 999, 999, 180, 119, 44, 999, 23, 999, 999, 76, 121, 89, 100, 190, 116, 39, 109, 203, 130, 40, 186, 62, 3, 3, 0, 0, 2, 0, 0, 3, 1, 0, 2, 0, 0, 3, 2, 0, 3, 1, 0, 1, 0, 1, 3, 3, 1, 3, 0, 1, 0, 0, 0, 3, 3, 0, 3, 0, 0, 2, 3, 0, 2, 0, 0, 0, 0, 0, 3, 3, 0, 2, 0, 2, 1, 2, 2, 0, 0, 3, 1, 0, 1, 1, 3, 0, 1, 3, 1, 2, 1, 3, 0, 2, 3, 1, 3, 2, 0, 2, 0, 1, 0, 1, 3, 0, 1, 3, 0, 0, 3, 0, 1, 3, 0, 3, 0, 2, 3, 0, 0, 0, 3, 2, 0, 0, 2, 3, 3, 2, 1, 0, 2, 2, 1, 2, 2, 3, 3, 0, 0, 0, 0, 2, 1, 3, 0, 0, 1, 0, 1, 3, 0, 2, 1, 0, 0, 3, 0, 3, 0, 2, 0, 0, 0, 0, 1, 0, 2, 1, 3, 2, 1, 1, 0, 2, 1, 2, 0, 2, 0, 0, 2, 1, 0, 2, 2, 2, 2, 2, 3, 1, 0, 2, 2, 1, 1, 0, 1, 2, 1, 2, 2, 1, 1, 3, 0, 0, 0, 0, 0, 3, 3, 1, 1, 2, 0, 0, 0, 2, 2, 0, 1, 0, 0, 0, 1, 3, 3, 3, 0, 3, 3, 0, 0, 0, 0, 3, 1, 2, 1, 0, 2, 2, 2, 3, 3, 1, 1, 0, 2, 2, 2, 2, 2, 3, 0, 0, 1, 3, 1, 0, 3, 0, 0, 3, 0, 0, 3, 0, 3, 0, 1, 2, 0, 1, 3, 2
RUN_2026-06-19_lowB_baselines_r1c628, 3, 0, 15, 999, 999, 207, 999, 999, 128, 80, 999, 4, 999, 999, 6, 144, 999, 13, 192, 999, 175, 999, 191, 79, 5, 3, 12, 999, 64, 999, 48, 999, 9, 160, 1, 10, 999, 999, 127, 47, 999, 8, 16, 2, 999, 999, 999, 7, 31, 112, 14, 159, 96, 32, 111, 95, 11, 999, 143, 63, 176, 168, 86, 126, 183, 163, 167, 184, 113, 28, 74, 999, 999, 154, 153, 999, 164, 999, 102, 199, 56, 70, 206, 110, 999, 87, 103, 188, 77, 55, 118, 61, 169, 999, 93, 172, 117, 177, 161, 999, 90, 158, 142, 999, 999, 132, 82, 173, 174, 65, 148, 181, 25, 30, 137, 124, 196, 66, 19, 204, 18, 999, 145, 35, 189, 125, 52, 68, 999, 41, 185, 999, 136, 999, 108, 141, 34, 205, 97, 81, 69, 88, 999, 129, 999, 147, 133, 106, 98, 99, 54, 107, 195, 198, 162, 73, 72, 179, 999, 53, 27, 134, 105, 999, 57, 42, 151, 200, 38, 43, 146, 33, 22, 155, 156, 140, 999, 152, 135, 17, 150, 201, 139, 104, 75, 59, 182, 120, 36, 999, 178, 171, 51, 138, 165, 85, 71, 50, 37, 114, 29, 166, 194, 999, 999, 26, 84, 122, 170, 92, 123, 20, 131, 999, 115, 58, 78, 157, 187, 94, 999, 101, 91, 202, 49, 67, 45, 149, 197, 46, 21, 60, 83, 24, 193, 999, 999, 180, 119, 44, 999, 23, 999, 999, 76, 121, 89, 100, 190, 116, 39, 109, 203, 130, 40, 186, 62, 3, 3, 0, 0, 2, 0, 0, 3, 1, 0, 2, 0, 0, 3, 2, 0, 3, 1, 0, 1, 0, 1, 3, 3, 1, 3, 0, 1, 0, 0, 0, 3, 3, 0, 3, 0, 0, 2, 3, 0, 2, 0, 0, 0, 0, 0, 3, 3, 0, 2, 0, 2, 1, 2, 2, 0, 0, 3, 1, 0, 1, 1, 3, 0, 1, 3, 1, 2, 1, 3, 0, 0, 3, 1, 0, 2, 0, 2, 2, 1, 0, 1, 3, 0, 1, 3, 0, 0, 3, 0, 1, 3, 0, 3, 0, 2, 3, 0, 0, 0, 3, 2, 0, 0, 2, 3, 3, 2, 1, 0, 2, 2, 1, 2, 2, 3, 3, 0, 0, 0, 0, 2, 1, 3, 0, 0, 1, 0, 1, 3, 0, 2, 0, 0, 0, 3, 1, 3, 0, 2, 0, 0, 0, 0, 1, 0, 2, 1, 3, 2, 1, 2, 2, 2, 1, 2, 0, 0, 0, 0, 2, 1, 0, 2, 2, 2, 2, 2, 3, 1, 0, 2, 2, 1, 1, 0, 1, 2, 1, 2, 2, 1, 1, 3, 0, 0, 0, 0, 0, 3, 3, 1, 1, 2, 0, 0, 0, 2, 2, 0, 1, 2, 0, 0, 1, 3, 3, 3, 0, 3, 3, 0, 0, 0, 0, 3, 1, 2, 1, 0, 2, 2, 2, 3, 3, 1, 1, 0, 2, 2, 2, 2, 2, 3, 0, 0, 1, 3, 1, 0, 3, 0, 0, 3, 0, 0, 3, 0, 3, 0, 1, 2, 0, 1, 3, 2
RUN_2026-06-19_lowB_baselines_r1c628, 4, 0, 15, 999, 999, 207, 999, 999, 128, 80, 999, 4, 999, 999, 6, 144, 999, 13, 192, 999, 175, 999, 191, 79, 5, 3, 12, 999, 64, 999, 48, 999, 9, 160, 1, 10, 999, 999, 127, 47, 999, 8, 16, 2, 999, 999, 999, 7, 31, 112, 14, 159, 96, 32, 111, 95, 11, 999, 143, 63, 176, 168, 86, 126, 183, 163, 167, 184, 113, 28, 74, 999, 999, 154, 153, 999, 164, 999, 102, 199, 56, 70, 206, 110, 999, 87, 103, 188, 77, 55, 118, 61, 169, 999, 93, 172, 117, 177, 161, 999, 90, 158, 142, 999, 999, 132, 82, 173, 174, 65, 148, 181, 25, 30, 137, 124, 196, 66, 19, 204, 18, 999, 145, 35, 189, 125, 52, 68, 999, 41, 185, 999, 136, 194, 108, 141, 34, 205, 97, 81, 69, 88, 999, 129, 999, 147, 133, 106, 98, 99, 54, 107, 999, 198, 162, 73, 72, 179, 999, 53, 27, 134, 105, 195, 57, 42, 151, 200, 38, 43, 146, 33, 22, 155, 156, 140, 999, 152, 135, 17, 150, 201, 139, 104, 75, 59, 182, 120, 36, 999, 178, 171, 51, 138, 165, 85, 71, 50, 37, 114, 29, 166, 999, 999, 999, 26, 84, 122, 170, 92, 123, 20, 131, 999, 115, 58, 78, 157, 187, 94, 999, 101, 91, 202, 49, 67, 45, 149, 197, 46, 21, 60, 83, 24, 193, 999, 999, 180, 119, 44, 999, 23, 999, 999, 76, 121, 89, 100, 190, 116, 39, 109, 203, 130, 40, 186, 62, 3, 3, 0, 0, 2, 0, 0, 3, 1, 0, 2, 0, 0, 3, 2, 0, 3, 1, 0, 1, 0, 1, 3, 3, 1, 3, 0, 1, 0, 0, 0, 3, 3, 0, 3, 0, 0, 2, 3, 0, 2, 0, 0, 0, 0, 0, 3, 3, 0, 2, 0, 2, 1, 2, 2, 0, 0, 3, 1, 0, 1, 1, 3, 0, 1, 3, 1, 2, 1, 3, 0, 0, 3, 1, 0, 2, 0, 2, 2, 1, 0, 1, 3, 0, 1, 3, 0, 0, 3, 0, 1, 3, 0, 3, 0, 2, 3, 0, 0, 0, 3, 2, 0, 0, 2, 3, 3, 2, 1, 0, 2, 2, 1, 2, 2, 3, 3, 0, 0, 0, 0, 2, 1, 3, 0, 0, 1, 0, 1, 3, 0, 2, 1, 0, 0, 3, 1, 3, 0, 2, 0, 0, 0, 0, 1, 0, 2, 1, 3, 2, 1, 0, 2, 2, 1, 2, 0, 0, 0, 0, 2, 1, 0, 2, 2, 2, 2, 2, 3, 1, 0, 2, 2, 1, 1, 0, 1, 2, 1, 2, 2, 1, 1, 3, 0, 0, 0, 0, 0, 3, 3, 1, 1, 2, 0, 0, 0, 2, 2, 0, 1, 0, 0, 0, 1, 3, 3, 3, 0, 3, 3, 0, 0, 0, 0, 3, 1, 2, 1, 0, 2, 2, 2, 3, 3, 1, 1, 0, 2, 2, 2, 2, 2, 3, 0, 0, 1, 3, 1, 0, 3, 0, 0, 3, 0, 0, 3, 0, 3, 0, 1, 2, 0, 1, 3, 2
RUN_2026-06-19_lowB_baselines_r1c628, 5, 0, 15, 999, 999, 207, 999, 999, 128, 80, 999, 4, 999, 999, 6, 144, 999, 13, 192, 999, 175, 999, 191, 79, 5, 3, 12, 999, 64, 999, 48, 999, 9, 160, 1, 10, 999, 999, 127, 47, 999, 8, 16, 2, 999, 999, 999, 7, 31, 112, 14, 159, 96, 32, 111, 95, 11, 999, 143, 63, 176, 168, 86, 126, 183, 163, 167, 184, 113, 28, 74, 999, 999, 154, 153, 999, 164, 999, 102, 199, 56, 70, 206, 110, 999, 87, 103, 188, 77, 55, 118, 61, 169, 999, 93, 172, 117, 177, 161, 999, 90, 158, 142, 999, 999, 132, 82, 173, 174, 65, 148, 181, 25, 30, 137, 124, 196, 66, 19, 204, 18, 999, 145, 35, 189, 125, 52, 68, 999, 41, 185, 999, 136, 194, 108, 141, 34, 999, 97, 81, 69, 88, 999, 129, 999, 147, 133, 106, 98, 99, 54, 107, 999, 198, 162, 73, 72, 179, 205, 53, 27, 134, 105, 195, 57, 42, 151, 200, 38, 43, 146, 33, 22, 155, 156, 140, 999, 152, 135, 17, 150, 201, 139, 104, 75, 59, 182, 120, 36, 999, 178, 171, 51, 138, 165, 85, 71, 50, 37, 114, 29, 166, 999, 999, 999, 26, 84, 122, 170, 92, 123, 20, 131, 999, 115, 58, 78, 157, 187, 94, 999, 101, 91, 202, 49, 67, 45, 149, 197, 46, 21, 60, 83, 24, 193, 999, 999, 180, 119, 44, 999, 23, 999, 999, 76, 121, 89, 100, 190, 116, 39, 109, 203, 130, 40, 186, 62, 3, 3, 0, 0, 2, 0, 0, 3, 1, 0, 2, 0, 0, 3, 2, 0, 3, 1, 0, 1, 0, 1, 3, 3, 1, 3, 0, 1, 0, 0, 0, 3, 3, 0, 3, 0, 0, 2, 3, 0, 2, 0, 0, 0, 0, 0, 3, 3, 0, 2, 0, 2, 1, 2, 2, 0, 0, 3, 1, 0, 1, 1, 3, 0, 1, 3, 1, 2, 1, 3, 0, 0, 3, 1, 0, 2, 0, 2, 2, 1, 0, 1, 3, 0, 1, 3, 0, 0, 3, 0, 1, 3, 0, 3, 0, 2, 3, 0, 0, 0, 3, 2, 0, 0, 2, 3, 3, 2, 1, 0, 2, 2, 1, 2, 2, 3, 3, 0, 0, 0, 0, 2, 1, 3, 0, 0, 1, 0, 1, 3, 0, 2, 1, 0, 0, 3, 0, 3, 0, 2, 0, 0, 0, 0, 1, 0, 2, 1, 3, 2, 1, 0, 2, 2, 1, 2, 0, 2, 0, 0, 2, 1, 0, 2, 2, 2, 2, 2, 3, 1, 0, 2, 2, 1, 1, 0, 1, 2, 1, 2, 2, 1, 1, 3, 0, 0, 0, 0, 0, 3, 3, 1, 1, 2, 0, 0, 0, 2, 2, 0, 1, 0, 0, 0, 1, 3, 3, 3, 0, 3, 3, 0, 0, 0, 0, 3, 1, 2, 1, 0, 2, 2, 2, 3, 3, 1, 1, 0, 2, 2, 2, 2, 2, 3, 0, 0, 1, 3, 1, 0, 3, 0, 0, 3, 0, 0, 3, 0, 3, 0, 1, 2, 0, 1, 3, 2
RUN_2026-06-19_lowB_baselines_r1c628, 6, 0, 15, 999, 999, 207, 999, 999, 128, 80, 999, 4, 999, 999, 6, 144, 999, 13, 192, 999, 175, 999, 191, 79, 5, 3, 12, 999, 64, 999, 48, 999, 9, 160, 1, 10, 999, 999, 127, 47, 999, 8, 16, 2, 999, 999, 999, 7, 31, 112, 14, 159, 96, 32, 111, 95, 11, 999, 143, 63, 176, 168, 86, 126, 183, 163, 167, 184, 113, 28, 74, 999, 999, 154, 153, 199, 164, 999, 102, 999, 56, 70, 206, 110, 999, 87, 103, 188, 77, 55, 118, 61, 169, 999, 93, 172, 117, 177, 161, 999, 90, 158, 142, 999, 999, 132, 82, 173, 174, 65, 148, 181, 25, 30, 137, 124, 999, 66, 19, 204, 18, 999, 145, 35, 189, 125, 52, 68, 999, 41, 185, 999, 136, 999, 108, 141, 34, 205, 97, 81, 69, 88, 999, 129, 197, 147, 133, 106, 98, 99, 54, 107, 198, 195, 162, 73, 72, 179, 999, 53, 27, 134, 105, 999, 57, 42, 151, 200, 38, 43, 146, 33, 22, 155, 156, 140, 999, 152, 135, 17, 150, 201, 139, 104, 75, 59, 182, 120, 36, 999, 178, 171, 51, 138, 165, 85, 71, 50, 37, 114, 29, 166, 194, 196, 999, 26, 84, 122, 170, 92, 123, 20, 131, 999, 115, 58, 78, 157, 187, 94, 999, 101, 91, 202, 49, 67, 45, 149, 999, 46, 21, 60, 83, 24, 193, 999, 999, 180, 119, 44, 999, 23, 999, 999, 76, 121, 89, 100, 190, 116, 39, 109, 203, 130, 40, 186, 62, 3, 3, 0, 0, 2, 0, 0, 3, 1, 0, 2, 0, 0, 3, 2, 0, 3, 1, 0, 1, 0, 1, 3, 3, 1, 3, 0, 1, 0, 0, 0, 3, 3, 0, 3, 0, 0, 2, 3, 0, 2, 0, 0, 0, 0, 0, 3, 3, 0, 2, 0, 2, 1, 2, 2, 0, 0, 3, 1, 0, 1, 1, 3, 0, 1, 3, 1, 2, 1, 3, 0, 0, 3, 1, 3, 2, 0, 2, 0, 1, 0, 1, 3, 0, 1, 3, 0, 0, 3, 0, 1, 3, 0, 3, 0, 2, 3, 0, 0, 0, 3, 2, 0, 0, 2, 3, 3, 2, 1, 0, 2, 2, 1, 2, 2, 0, 3, 0, 0, 0, 0, 2, 1, 3, 0, 0, 1, 0, 1, 3, 0, 2, 0, 0, 0, 3, 1, 3, 0, 2, 0, 0, 0, 2, 1, 0, 2, 1, 3, 2, 1, 1, 0, 2, 1, 2, 0, 0, 0, 0, 2, 1, 0, 2, 2, 2, 2, 2, 3, 1, 0, 2, 2, 1, 1, 0, 1, 2, 1, 2, 2, 1, 1, 3, 0, 0, 0, 0, 0, 3, 3, 1, 1, 2, 0, 0, 0, 2, 2, 0, 1, 2, 1, 0, 1, 3, 3, 3, 0, 3, 3, 0, 0, 0, 0, 3, 1, 2, 1, 0, 2, 2, 2, 3, 3, 1, 1, 0, 2, 2, 2, 2, 2, 3, 0, 0, 1, 3, 1, 0, 3, 0, 0, 3, 0, 0, 3, 0, 3, 0, 1, 2, 0, 1, 3, 2
RUN_2026-06-19_lowB_baselines_r1c628, 7, 0, 15, 999, 999, 207, 999, 999, 128, 80, 999, 4, 999, 999, 6, 144, 999, 13, 192, 999, 175, 999, 191, 79, 5, 3, 12, 999, 64, 999, 48, 999, 9, 160, 1, 10, 999, 999, 127, 47, 999, 8, 16, 2, 999, 999, 999, 7, 31, 112, 14, 159, 96, 32, 111, 95, 11, 999, 143, 63, 176, 168, 86, 126, 183, 163, 167, 184, 113, 28, 74, 999, 999, 154, 153, 199, 164, 999, 102, 999, 56, 70, 206, 110, 999, 87, 103, 188, 77, 55, 118, 61, 169, 999, 93, 172, 117, 177, 161, 999, 90, 158, 142, 999, 999, 132, 82, 173, 174, 65, 148, 181, 25, 30, 137, 124, 196, 66, 19, 204, 18, 999, 145, 35, 189, 125, 52, 68, 999, 41, 185, 999, 136, 194, 108, 141, 34, 999, 97, 81, 69, 88, 999, 129, 999, 147, 133, 106, 98, 99, 54, 107, 198, 197, 162, 73, 72, 179, 205, 53, 27, 134, 105, 195, 57, 42, 151, 200, 38, 43, 146, 33, 22, 155, 156, 140, 999, 152, 135, 17, 150, 201, 139, 104, 75, 59, 182, 120, 36, 999, 178, 171, 51, 138, 165, 85, 71, 50, 37, 114, 29, 166, 999, 999, 999, 26, 84, 122, 170, 92, 123, 20, 131, 999, 115, 58, 78, 157, 187, 94, 999, 101, 91, 202, 49, 67, 45, 149, 999, 46, 21, 60, 83, 24, 193, 999, 999, 180, 119, 44, 999, 23, 999, 999, 76, 121, 89, 100, 190, 116, 39, 109, 203, 130, 40, 186, 62, 3, 3, 0, 0, 2, 0, 0, 3, 1, 0, 2, 0, 0, 3, 2, 0, 3, 1, 0, 1, 0, 1, 3, 3, 1, 3, 0, 1, 0, 0, 0, 3, 3, 0, 3, 0, 0, 2, 3, 0, 2, 0, 0, 0, 0, 0, 3, 3, 0, 2, 0, 2, 1, 2, 2, 0, 0, 3, 1, 0, 1, 1, 3, 0, 1, 3, 1, 2, 1, 3, 0, 0, 3, 1, 3, 2, 0, 2, 0, 1, 0, 1, 3, 0, 1, 3, 0, 0, 3, 0, 1, 3, 0, 3, 0, 2, 3, 0, 0, 0, 3, 2, 0, 0, 2, 3, 3, 2, 1, 0, 2, 2, 1, 2, 2, 3, 3, 0, 0, 0, 0, 2, 1, 3, 0, 0, 1, 0, 1, 3, 0, 2, 1, 0, 0, 3, 0, 3, 0, 2, 0, 0, 0, 0, 1, 0, 2, 1, 3, 2, 1, 1, 1, 2, 1, 2, 0, 2, 0, 0, 2, 1, 0, 2, 2, 2, 2, 2, 3, 1, 0, 2, 2, 1, 1, 0, 1, 2, 1, 2, 2, 1, 1, 3, 0, 0, 0, 0, 0, 3, 3, 1, 1, 2, 0, 0, 0, 2, 2, 0, 1, 0, 0, 0, 1, 3, 3, 3, 0, 3, 3, 0, 0, 0, 0, 3, 1, 2, 1, 0, 2, 2, 2, 3, 3, 1, 1, 0, 2, 2, 2, 2, 2, 3, 0, 0, 1, 3, 1, 0, 3, 0, 0, 3, 0, 0, 3, 0, 3, 0, 1, 2, 0, 1, 3, 2
RUN_2026-06-19_lowB_baselines_r1c628, 8, 0, 15, 999, 999, 207, 999, 999, 128, 80, 999, 4, 999, 999, 6, 144, 999, 13, 192, 999, 175, 999, 191, 79, 5, 3, 12, 999, 64, 999, 48, 999, 9, 160, 1, 10, 999, 999, 127, 47, 999, 8, 16, 2, 999, 999, 999, 7, 31, 112, 14, 159, 96, 32, 111, 95, 11, 999, 143, 63, 176, 168, 86, 126, 183, 163, 167, 184, 113, 28, 74, 999, 999, 154, 153, 999, 164, 999, 102, 199, 56, 70, 206, 110, 999, 87, 103, 188, 77, 55, 118, 61, 169, 999, 93, 172, 117, 177, 161, 999, 90, 158, 142, 999, 999, 132, 82, 173, 174, 65, 148, 181, 25, 30, 137, 124, 196, 66, 19, 204, 18, 999, 145, 35, 189, 125, 52, 68, 999, 41, 185, 999, 136, 999, 108, 141, 34, 999, 97, 81, 69, 88, 999, 129, 999, 147, 133, 106, 98, 99, 54, 107, 195, 198, 162, 73, 72, 179, 205, 53, 27, 134, 105, 999, 57, 42, 151, 200, 38, 43, 146, 33, 22, 155, 156, 140, 999, 152, 135, 17, 150, 201, 139, 104, 75, 59, 182, 120, 36, 999, 178, 171, 51, 138, 165, 85, 71, 50, 37, 114, 29, 166, 194, 999, 999, 26, 84, 122, 170, 92, 123, 20, 131, 999, 115, 58, 78, 157, 187, 94, 999, 101, 91, 202, 49, 67, 45, 149, 197, 46, 21, 60, 83, 24, 193, 999, 999, 180, 119, 44, 999, 23, 999, 999, 76, 121, 89, 100, 190, 116, 39, 109, 203, 130, 40, 186, 62, 3, 3, 0, 0, 2, 0, 0, 3, 1, 0, 2, 0, 0, 3, 2, 0, 3, 1, 0, 1, 0, 1, 3, 3, 1, 3, 0, 1, 0, 0, 0, 3, 3, 0, 3, 0, 0, 2, 3, 0, 2, 0, 0, 0, 0, 0, 3, 3, 0, 2, 0, 2, 1, 2, 2, 0, 0, 3, 1, 0, 1, 1, 3, 0, 1, 3, 1, 2, 1, 3, 0, 0, 3, 1, 0, 2, 0, 2, 2, 1, 0, 1, 3, 0, 1, 3, 0, 0, 3, 0, 1, 3, 0, 3, 0, 2, 3, 0, 0, 0, 3, 2, 0, 0, 2, 3, 3, 2, 1, 0, 2, 2, 1, 2, 2, 3, 3, 0, 0, 0, 0, 2, 1, 3, 0, 0, 1, 0, 1, 3, 0, 2, 0, 0, 0, 3, 0, 3, 0, 2, 0, 0, 0, 0, 1, 0, 2, 1, 3, 2, 1, 2, 2, 2, 1, 2, 0, 2, 0, 0, 2, 1, 0, 2, 2, 2, 2, 2, 3, 1, 0, 2, 2, 1, 1, 0, 1, 2, 1, 2, 2, 1, 1, 3, 0, 0, 0, 0, 0, 3, 3, 1, 1, 2, 0, 0, 0, 2, 2, 0, 1, 2, 0, 0, 1, 3, 3, 3, 0, 3, 3, 0, 0, 0, 0, 3, 1, 2, 1, 0, 2, 2, 2, 3, 3, 1, 1, 0, 2, 2, 2, 2, 2, 3, 0, 0, 1, 3, 1, 0, 3, 0, 0, 3, 0, 0, 3, 0, 3, 0, 1, 2, 0, 1, 3, 2
RUN_2026-06-19_lowB_baselines_r1c628, 9, 0, 15, 999, 999, 207, 999, 999, 128, 80, 999, 4, 999, 999, 6, 144, 999, 13, 192, 999, 175, 999, 191, 79, 5, 3, 12, 999, 64, 999, 48, 999, 9, 160, 1, 10, 999, 999, 127, 47, 999, 8, 16, 2, 999, 999, 999, 7, 31, 112, 14, 159, 96, 32, 111, 95, 11, 999, 143, 63, 176, 168, 86, 126, 183, 163, 167, 184, 113, 28, 74, 999, 197, 154, 153, 199, 164, 999, 102, 999, 56, 70, 206, 110, 999, 87, 103, 188, 77, 55, 118, 61, 169, 999, 93, 172, 117, 177, 161, 999, 90, 158, 142, 999, 999, 132, 82, 173, 174, 65, 148, 181, 25, 30, 137, 124, 196, 66, 19, 204, 18, 999, 145, 35, 189, 125, 52, 68, 999, 41, 185, 999, 136, 194, 108, 141, 34, 205, 97, 81, 69, 88, 999, 129, 999, 147, 133, 106, 98, 99, 54, 107, 198, 999, 162, 73, 72, 179, 999, 53, 27, 134, 105, 195, 57, 42, 151, 200, 38, 43, 146, 33, 22, 155, 156, 140, 999, 152, 135, 17, 150, 201, 139, 104, 75, 59, 182, 120, 36, 999, 178, 171, 51, 138, 165, 85, 71, 50, 37, 114, 29, 166, 999, 999, 999, 26, 84, 122, 170, 92, 123, 20, 131, 999, 115, 58, 78, 157, 187, 94, 999, 101, 91, 202, 49, 67, 45, 149, 999, 46, 21, 60, 83, 24, 193, 999, 999, 180, 119, 44, 999, 23, 999, 999, 76, 121, 89, 100, 190, 116, 39, 109, 203, 130, 40, 186, 62, 3, 3, 0, 0, 2, 0, 0, 3, 1, 0, 2, 0, 0, 3, 2, 0, 3, 1, 0, 1, 0, 1, 3, 3, 1, 3, 0, 1, 0, 0, 0, 3, 3, 0, 3, 0, 0, 2, 3, 0, 2, 0, 0, 0, 0, 0, 3, 3, 0, 2, 0, 2, 1, 2, 2, 0, 0, 3, 1, 0, 1, 1, 3, 0, 1, 3, 1, 2, 1, 3, 0, 2, 3, 1, 3, 2, 0, 2, 0, 1, 0, 1, 3, 0, 1, 3, 0, 0, 3, 0, 1, 3, 0, 3, 0, 2, 3, 0, 0, 0, 3, 2, 0, 0, 2, 3, 3, 2, 1, 0, 2, 2, 1, 2, 2, 3, 3, 0, 0, 0, 0, 2, 1, 3, 0, 0, 1, 0, 1, 3, 0, 2, 1, 0, 0, 3, 1, 3, 0, 2, 0, 0, 0, 0, 1, 0, 2, 1, 3, 2, 1, 1, 0, 2, 1, 2, 0, 0, 0, 0, 2, 1, 0, 2, 2, 2, 2, 2, 3, 1, 0, 2, 2, 1, 1, 0, 1, 2, 1, 2, 2, 1, 1, 3, 0, 0, 0, 0, 0, 3, 3, 1, 1, 2, 0, 0, 0, 2, 2, 0, 1, 0, 0, 0, 1, 3, 3, 3, 0, 3, 3, 0, 0, 0, 0, 3, 1, 2, 1, 0, 2, 2, 2, 3, 3, 1, 1, 0, 2, 2, 2, 2, 2, 3, 0, 0, 1, 3, 1, 0, 3, 0, 0, 3, 0, 0, 3, 0, 3, 0, 1, 2, 0, 1, 3, 2
RUN_2026-06-19_lowB_baselines_r1c628, 10, 0, 15, 999, 999, 207, 999, 999, 128, 80, 999, 4, 999, 999, 6, 144, 999, 13, 192, 999, 175, 999, 191, 79, 5, 3, 12, 999, 64, 999, 48, 999, 9, 160, 1, 10, 999, 999, 127, 47, 999, 8, 16, 2, 999, 999, 999, 7, 31, 112, 14, 159, 96, 32, 111, 95, 11, 999, 143, 63, 176, 168, 86, 126, 183, 163, 167, 184, 113, 28, 74, 999, 999, 154, 153, 199, 164, 999, 102, 999, 56, 70, 206, 110, 999, 87, 103, 188, 77, 55, 118, 61, 169, 999, 93, 172, 117, 177, 161, 999, 90, 158, 142, 999, 999, 132, 82, 173, 174, 65, 148, 181, 25, 30, 137, 124, 196, 66, 19, 204, 18, 999, 145, 35, 189, 125, 52, 68, 999, 41, 185, 999, 136, 194, 108, 141, 34, 205, 97, 81, 69, 88, 999, 129, 999, 147, 133, 106, 98, 99, 54, 107, 198, 197, 162, 73, 72, 179, 999, 53, 27, 134, 105, 195, 57, 42, 151, 200, 38, 43, 146, 33, 22, 155, 156, 140, 999, 152, 135, 17, 150, 201, 139, 104, 75, 59, 182, 120, 36, 999, 178, 171, 51, 138, 165, 85, 71, 50, 37, 114, 29, 166, 999, 999, 999, 26, 84, 122, 170, 92, 123, 20, 131, 999, 115, 58, 78, 157, 187, 94, 999, 101, 91, 202, 49, 67, 45, 149, 999, 46, 21, 60, 83, 24, 193, 999, 999, 180, 119, 44, 999, 23, 999, 999, 76, 121, 89, 100, 190, 116, 39, 109, 203, 130, 40, 186, 62, 3, 3, 0, 0, 2, 0, 0, 3, 1, 0, 2, 0, 0, 3, 2, 0, 3, 1, 0, 1, 0, 1, 3, 3, 1, 3, 0, 1, 0, 0, 0, 3, 3, 0, 3, 0, 0, 2, 3, 0, 2, 0, 0, 0, 0, 0, 3, 3, 0, 2, 0, 2, 1, 2, 2, 0, 0, 3, 1, 0, 1, 1, 3, 0, 1, 3, 1, 2, 1, 3, 0, 0, 3, 1, 3, 2, 0, 2, 0, 1, 0, 1, 3, 0, 1, 3, 0, 0, 3, 0, 1, 3, 0, 3, 0, 2, 3, 0, 0, 0, 3, 2, 0, 0, 2, 3, 3, 2, 1, 0, 2, 2, 1, 2, 2, 3, 3, 0, 0, 0, 0, 2, 1, 3, 0, 0, 1, 0, 1, 3, 0, 2, 1, 0, 0, 3, 1, 3, 0, 2, 0, 0, 0, 0, 1, 0, 2, 1, 3, 2, 1, 1, 1, 2, 1, 2, 0, 0, 0, 0, 2, 1, 0, 2, 2, 2, 2, 2, 3, 1, 0, 2, 2, 1, 1, 0, 1, 2, 1, 2, 2, 1, 1, 3, 0, 0, 0, 0, 0, 3, 3, 1, 1, 2, 0, 0, 0, 2, 2, 0, 1, 0, 0, 0, 1, 3, 3, 3, 0, 3, 3, 0, 0, 0, 0, 3, 1, 2, 1, 0, 2, 2, 2, 3, 3, 1, 1, 0, 2, 2, 2, 2, 2, 3, 0, 0, 1, 3, 1, 0, 3, 0, 0, 3, 0, 0, 3, 0, 3, 0, 1, 2, 0, 1, 3, 2
RUN_2026-06-19_lowB_baselines_r1c628, 11, 0, 15, 999, 999, 207, 999, 999, 128, 80, 999, 4, 999, 999, 6, 144, 999, 13, 192, 999, 175, 999, 191, 79, 5, 3, 12, 999, 64, 999, 48, 999, 9, 160, 1, 10, 999, 999, 127, 47, 999, 8, 16, 2, 999, 999, 999, 7, 31, 112, 14, 159, 96, 32, 111, 95, 11, 999, 143, 63, 176, 168, 86, 126, 183, 163, 167, 184, 113, 28, 74, 999, 999, 154, 153, 199, 164, 999, 102, 999, 56, 70, 206, 110, 999, 87, 103, 188, 77, 55, 118, 61, 169, 999, 93, 172, 117, 177, 161, 999, 90, 158, 142, 999, 999, 132, 82, 173, 174, 65, 148, 181, 25, 30, 137, 124, 999, 66, 19, 204, 18, 999, 145, 35, 189, 125, 52, 68, 999, 41, 185, 999, 136, 999, 108, 141, 34, 999, 97, 81, 69, 88, 999, 129, 197, 147, 133, 106, 98, 99, 54, 107, 198, 195, 162, 73, 72, 179, 205, 53, 27, 134, 105, 999, 57, 42, 151, 200, 38, 43, 146, 33, 22, 155, 156, 140, 999, 152, 135, 17, 150, 201, 139, 104, 75, 59, 182, 120, 36, 999, 178, 171, 51, 138, 165, 85, 71, 50, 37, 114, 29, 166, 194, 196, 999, 26, 84, 122, 170, 92, 123, 20, 131, 999, 115, 58, 78, 157, 187, 94, 999, 101, 91, 202, 49, 67, 45, 149, 999, 46, 21, 60, 83, 24, 193, 999, 999, 180, 119, 44, 999, 23, 999, 999, 76, 121, 89, 100, 190, 116, 39, 109, 203, 130, 40, 186, 62, 3, 3, 0, 0, 2, 0, 0, 3, 1, 0, 2, 0, 0, 3, 2, 0, 3, 1, 0, 1, 0, 1, 3, 3, 1, 3, 0, 1, 0, 0, 0, 3, 3, 0, 3, 0, 0, 2, 3, 0, 2, 0, 0, 0, 0, 0, 3, 3, 0, 2, 0, 2, 1, 2, 2, 0, 0, 3, 1, 0, 1, 1, 3, 0, 1, 3, 1, 2, 1, 3, 0, 0, 3, 1, 3, 2, 0, 2, 0, 1, 0, 1, 3, 0, 1, 3, 0, 0, 3, 0, 1, 3, 0, 3, 0, 2, 3, 0, 0, 0, 3, 2, 0, 0, 2, 3, 3, 2, 1, 0, 2, 2, 1, 2, 2, 0, 3, 0, 0, 0, 0, 2, 1, 3, 0, 0, 1, 0, 1, 3, 0, 2, 0, 0, 0, 3, 0, 3, 0, 2, 0, 0, 0, 2, 1, 0, 2, 1, 3, 2, 1, 1, 0, 2, 1, 2, 0, 2, 0, 0, 2, 1, 0, 2, 2, 2, 2, 2, 3, 1, 0, 2, 2, 1, 1, 0, 1, 2, 1, 2, 2, 1, 1, 3, 0, 0, 0, 0, 0, 3, 3, 1, 1, 2, 0, 0, 0, 2, 2, 0, 1, 2, 1, 0, 1, 3, 3, 3, 0, 3, 3, 0, 0, 0, 0, 3, 1, 2, 1, 0, 2, 2, 2, 3, 3, 1, 1, 0, 2, 2, 2, 2, 2, 3, 0, 0, 1, 3, 1, 0, 3, 0, 0, 3, 0, 0, 3, 0, 3, 0, 1, 2, 0, 1, 3, 2
RUN_2026-06-19_lowB_baselines_r1c578, 12, 0, 15, 999, 999, 80, 143, 175, 64, 191, 192, 5, 999, 999, 7, 127, 128, 3, 999, 144, 160, 999, 159, 999, 14, 6, 13, 999, 999, 999, 112, 999, 10, 999, 1, 11, 207, 999, 32, 47, 176, 9, 999, 2, 999, 999, 31, 8, 999, 95, 4, 111, 16, 48, 999, 79, 12, 96, 63, 999, 999, 163, 19, 82, 999, 999, 199, 20, 200, 179, 999, 193, 35, 70, 58, 105, 138, 184, 74, 171, 194, 187, 36, 54, 999, 174, 38, 94, 81, 71, 999, 116, 999, 52, 173, 29, 100, 106, 162, 139, 999, 186, 134, 999, 999, 999, 182, 999, 181, 75, 999, 102, 170, 125, 44, 45, 98, 91, 177, 999, 24, 92, 110, 133, 161, 142, 101, 118, 185, 107, 126, 999, 83, 124, 108, 40, 76, 999, 72, 165, 164, 999, 999, 205, 129, 999, 33, 204, 188, 121, 203, 122, 49, 999, 195, 999, 37, 999, 73, 17, 178, 147, 135, 21, 119, 123, 151, 41, 999, 131, 56, 145, 59, 197, 117, 201, 202, 42, 148, 166, 152, 109, 65, 51, 153, 132, 28, 999, 43, 88, 169, 183, 198, 172, 84, 137, 158, 50, 68, 30, 67, 104, 27, 114, 999, 93, 130, 66, 90, 157, 61, 57, 77, 167, 141, 39, 189, 154, 999, 99, 206, 999, 23, 190, 89, 156, 25, 999, 149, 46, 97, 34, 85, 87, 168, 53, 60, 86, 103, 155, 69, 113, 115, 196, 18, 26, 62, 120, 150, 78, 136, 55, 180, 999, 140, 146, 22, 3, 3, 0, 0, 0, 1, 1, 3, 3, 3, 2, 0, 0, 3, 0, 3, 3, 0, 3, 3, 0, 1, 0, 3, 1, 3, 0, 0, 0, 0, 0, 3, 0, 0, 3, 0, 0, 0, 3, 1, 2, 0, 0, 0, 0, 2, 3, 0, 2, 2, 0, 2, 1, 0, 2, 0, 0, 3, 0, 0, 2, 2, 2, 0, 0, 3, 0, 3, 1, 0, 0, 2, 1, 2, 0, 0, 0, 1, 0, 1, 2, 2, 1, 0, 1, 2, 1, 3, 1, 0, 3, 0, 0, 0, 2, 3, 2, 3, 3, 0, 1, 2, 0, 0, 0, 2, 0, 3, 3, 0, 3, 2, 0, 0, 1, 1, 2, 1, 0, 1, 1, 0, 3, 1, 0, 3, 3, 0, 2, 1, 0, 0, 0, 1, 3, 1, 0, 0, 1, 2, 0, 0, 3, 0, 0, 3, 0, 3, 1, 0, 1, 2, 0, 3, 0, 0, 0, 0, 1, 0, 1, 0, 2, 2, 3, 0, 2, 0, 2, 0, 0, 2, 0, 2, 2, 1, 2, 1, 2, 0, 0, 2, 3, 1, 3, 0, 0, 0, 3, 1, 0, 3, 0, 3, 0, 0, 0, 1, 1, 2, 0, 3, 1, 0, 2, 3, 0, 2, 1, 2, 0, 0, 1, 0, 2, 0, 0, 0, 2, 1, 0, 3, 1, 3, 2, 1, 0, 3, 2, 2, 0, 1, 0, 2, 3, 1, 2, 2, 1, 2, 3, 3, 2, 1, 0, 3, 2, 3, 2, 1, 0, 3, 0, 2, 1, 1
RUN_2026-06-19_lowB_baselines_r1c812, 13, 0, 15, 999, 999, 96, 64, 80, 128, 159, 999, 3, 999, 999, 5, 144, 48, 11, 999, 999, 999, 999, 999, 176, 14, 4, 13, 175, 999, 999, 191, 999, 8, 999, 9, 1, 32, 143, 47, 111, 192, 7, 16, 10, 999, 999, 31, 6, 95, 207, 2, 160, 112, 79, 127, 63, 12, 999, 999, 999, 999, 999, 196, 156, 999, 180, 164, 110, 999, 999, 202, 37, 999, 999, 109, 51, 999, 73, 138, 201, 163, 36, 52, 205, 70, 195, 69, 56, 157, 55, 206, 158, 97, 174, 149, 29, 999, 74, 150, 139, 189, 177, 161, 57, 104, 999, 178, 199, 135, 88, 999, 183, 46, 92, 148, 34, 18, 33, 58, 103, 65, 204, 999, 151, 40, 91, 999, 145, 140, 132, 94, 39, 999, 155, 62, 999, 41, 60, 136, 129, 194, 152, 198, 76, 999, 126, 53, 118, 59, 142, 54, 71, 147, 35, 153, 181, 119, 120, 169, 113, 185, 117, 146, 19, 49, 116, 75, 131, 89, 23, 999, 999, 999, 81, 24, 197, 105, 123, 25, 26, 999, 130, 38, 184, 999, 45, 999, 186, 165, 187, 999, 115, 125, 44, 999, 166, 107, 999, 200, 30, 27, 168, 154, 99, 167, 188, 100, 203, 43, 134, 87, 172, 137, 28, 108, 86, 179, 124, 85, 67, 999, 999, 84, 90, 78, 17, 106, 77, 50, 61, 133, 93, 83, 98, 171, 122, 170, 193, 72, 173, 114, 66, 22, 182, 82, 190, 999, 20, 121, 21, 141, 68, 999, 162, 101, 102, 42, 3, 3, 0, 0, 0, 3, 3, 3, 3, 0, 2, 0, 0, 3, 2, 3, 3, 0, 0, 0, 0, 0, 1, 3, 1, 3, 1, 0, 0, 2, 0, 3, 0, 0, 3, 2, 0, 2, 3, 1, 2, 0, 0, 0, 0, 2, 3, 3, 2, 2, 2, 2, 3, 2, 2, 0, 0, 0, 0, 0, 0, 0, 0, 0, 2, 0, 0, 0, 0, 0, 2, 0, 0, 1, 0, 0, 3, 2, 3, 3, 3, 3, 1, 0, 3, 1, 3, 3, 3, 2, 2, 3, 1, 0, 2, 0, 2, 1, 3, 2, 2, 1, 0, 1, 0, 2, 1, 0, 0, 0, 2, 2, 0, 3, 1, 1, 2, 0, 3, 2, 0, 0, 2, 2, 0, 0, 0, 1, 3, 2, 0, 0, 0, 2, 0, 0, 2, 3, 2, 3, 1, 1, 0, 0, 3, 0, 2, 1, 1, 2, 1, 1, 0, 0, 0, 3, 0, 3, 1, 3, 0, 1, 2, 3, 2, 0, 0, 1, 1, 0, 0, 0, 1, 0, 0, 3, 1, 0, 2, 0, 0, 0, 3, 0, 1, 0, 1, 2, 0, 0, 2, 3, 3, 0, 2, 0, 0, 1, 1, 0, 2, 3, 1, 3, 1, 1, 1, 0, 1, 3, 0, 3, 2, 2, 3, 0, 1, 1, 1, 0, 0, 2, 2, 1, 2, 3, 0, 1, 1, 2, 1, 2, 0, 2, 1, 2, 0, 3, 3, 2, 2, 2, 2, 0, 2, 0, 2, 3, 2, 2, 0, 0, 0, 2, 3, 3
RUN_2026-06-19_lowB_baselines_r1c812, 14, 0, 15, 999, 999, 96, 64, 80, 128, 159, 999, 3, 999, 999, 5, 144, 48, 11, 999, 999, 999, 999, 999, 176, 14, 4, 13, 175, 999, 999, 191, 999, 8, 999, 9, 1, 32, 143, 47, 111, 192, 7, 16, 10, 999, 999, 31, 6, 95, 207, 2, 160, 112, 79, 127, 63, 12, 999, 999, 999, 999, 999, 196, 156, 999, 180, 164, 110, 201, 999, 202, 37, 999, 999, 109, 51, 999, 73, 138, 999, 163, 36, 52, 205, 70, 195, 69, 56, 157, 55, 206, 158, 97, 174, 149, 29, 999, 74, 150, 139, 189, 177, 161, 57, 104, 999, 178, 199, 135, 88, 999, 183, 46, 92, 148, 34, 18, 33, 58, 103, 65, 204, 999, 151, 40, 91, 999, 145, 140, 132, 94, 39, 999, 155, 62, 999, 41, 60, 136, 129, 194, 152, 198, 76, 999, 126, 53, 118, 59, 142, 54, 71, 147, 35, 153, 181, 119, 120, 169, 113, 185, 117, 146, 19, 49, 116, 75, 131, 89, 23, 999, 999, 999, 81, 24, 197, 105, 123, 25, 26, 999, 130, 38, 184, 999, 45, 999, 186, 165, 187, 999, 115, 125, 44, 999, 166, 107, 999, 200, 30, 27, 168, 154, 99, 167, 188, 100, 203, 43, 134, 87, 172, 137, 28, 108, 86, 179, 124, 85, 67, 999, 999, 84, 90, 78, 17, 106, 77, 50, 61, 133, 93, 83, 98, 171, 122, 170, 193, 72, 173, 114, 66, 22, 182, 82, 190, 999, 20, 121, 21, 141, 68, 999, 162, 101, 102, 42, 3, 3, 0, 0, 0, 3, 3, 3, 3, 0, 2, 0, 0, 3, 2, 3, 3, 0, 0, 0, 0, 0, 1, 3, 1, 3, 1, 0, 0, 2, 0, 3, 0, 0, 3, 2, 0, 2, 3, 1, 2, 0, 0, 0, 0, 2, 3, 3, 2, 2, 2, 2, 3, 2, 2, 0, 0, 0, 0, 0, 0, 0, 0, 0, 2, 0, 0, 0, 0, 0, 2, 0, 0, 1, 0, 0, 3, 2, 0, 3, 3, 3, 1, 0, 3, 1, 3, 3, 3, 2, 2, 3, 1, 0, 2, 0, 2, 1, 3, 2, 2, 1, 0, 1, 0, 2, 1, 0, 0, 0, 2, 2, 0, 3, 1, 1, 2, 0, 3, 2, 0, 0, 2, 2, 0, 0, 0, 1, 3, 2, 0, 0, 0, 2, 0, 0, 2, 3, 2, 3, 1, 1, 0, 0, 3, 0, 2, 1, 1, 2, 1, 1, 0, 0, 0, 3, 0, 3, 1, 3, 0, 1, 2, 3, 2, 0, 0, 1, 1, 0, 0, 0, 1, 0, 0, 3, 1, 0, 2, 0, 0, 0, 3, 0, 1, 0, 1, 2, 0, 0, 2, 3, 3, 0, 2, 0, 0, 1, 1, 0, 2, 3, 1, 3, 1, 1, 1, 0, 1, 3, 0, 3, 2, 2, 3, 0, 1, 1, 1, 0, 0, 2, 2, 1, 2, 3, 0, 1, 1, 2, 1, 2, 0, 2, 1, 2, 0, 3, 3, 2, 2, 2, 2, 0, 2, 0, 2, 3, 2, 2, 0, 0, 0, 2, 3, 3
RUN_2026-06-19_lowB_baselines_r1c982, 15, 0, 15, 999, 999, 207, 999, 191, 80, 999, 999, 13, 999, 999, 6, 999, 999, 11, 160, 112, 176, 32, 96, 999, 14, 5, 10, 999, 999, 999, 999, 192, 9, 999, 3, 1, 143, 999, 47, 111, 48, 8, 16, 4, 999, 175, 31, 7, 159, 63, 12, 128, 999, 64, 95, 79, 2, 999, 144, 999, 127, 999, 999, 136, 149, 206, 133, 199, 999, 99, 999, 93, 154, 26, 25, 999, 999, 999, 98, 41, 156, 157, 999, 999, 62, 89, 77, 155, 165, 999, 181, 18, 39, 152, 92, 999, 999, 78, 19, 73, 38, 107, 123, 198, 999, 115, 204, 999, 178, 129, 29, 999, 137, 124, 43, 85, 162, 44, 86, 28, 131, 999, 182, 117, 120, 101, 173, 188, 108, 197, 116, 186, 172, 132, 53, 45, 52, 65, 105, 203, 190, 195, 81, 146, 999, 134, 141, 201, 200, 97, 170, 147, 110, 113, 202, 194, 61, 94, 185, 205, 66, 999, 125, 106, 148, 153, 83, 999, 163, 166, 82, 164, 187, 177, 104, 174, 169, 72, 130, 999, 145, 999, 84, 999, 36, 167, 90, 50, 67, 109, 999, 42, 20, 27, 54, 70, 122, 138, 999, 30, 150, 184, 51, 168, 34, 999, 71, 140, 196, 151, 60, 119, 135, 76, 46, 142, 103, 121, 58, 999, 126, 87, 35, 69, 68, 17, 161, 171, 33, 180, 56, 183, 55, 49, 158, 118, 999, 59, 114, 999, 24, 40, 102, 193, 23, 37, 22, 179, 75, 88, 21, 74, 91, 189, 57, 139, 100, 3, 3, 0, 0, 2, 0, 1, 3, 0, 0, 2, 0, 0, 3, 0, 0, 3, 1, 3, 3, 1, 3, 0, 3, 1, 3, 0, 0, 0, 0, 0, 3, 0, 0, 3, 0, 0, 2, 3, 1, 2, 0, 0, 0, 1, 2, 3, 3, 2, 2, 2, 0, 1, 2, 2, 0, 0, 1, 0, 2, 0, 0, 1, 2, 1, 3, 3, 0, 0, 0, 2, 3, 0, 2, 0, 0, 0, 2, 2, 3, 1, 0, 0, 2, 2, 1, 3, 0, 0, 1, 0, 3, 0, 0, 0, 0, 2, 1, 2, 1, 3, 3, 0, 0, 1, 3, 0, 2, 1, 2, 0, 3, 0, 0, 3, 3, 0, 0, 2, 0, 0, 1, 2, 1, 1, 1, 3, 2, 3, 3, 1, 2, 2, 1, 3, 3, 1, 0, 1, 3, 3, 3, 1, 0, 2, 3, 3, 3, 2, 3, 1, 2, 0, 2, 2, 1, 0, 3, 0, 2, 0, 2, 3, 1, 3, 0, 0, 3, 2, 1, 3, 1, 3, 2, 1, 0, 0, 1, 0, 1, 0, 2, 0, 3, 3, 0, 0, 1, 3, 0, 3, 0, 2, 1, 3, 0, 3, 0, 1, 0, 2, 0, 2, 1, 0, 0, 3, 3, 0, 2, 0, 1, 3, 1, 2, 3, 1, 2, 0, 1, 0, 2, 2, 3, 2, 0, 2, 1, 3, 0, 1, 3, 2, 3, 0, 0, 2, 1, 0, 2, 1, 1, 0, 3, 0, 1, 0, 1, 1, 0, 1, 3, 2, 1, 2, 1
RUN_2026-06-19_lowB_baselines_r1c982, 16, 0, 15, 999, 999, 207, 999, 191, 80, 999, 999, 13, 999, 999, 6, 999, 999, 11, 160, 112, 176, 32, 96, 999, 14, 5, 10, 999, 999, 999, 999, 192, 9, 999, 3, 1, 143, 999, 47, 111, 48, 8, 16, 4, 999, 175, 31, 7, 159, 63, 12, 128, 999, 64, 95, 79, 2, 999, 144, 999, 127, 999, 999, 136, 149, 206, 133, 199, 999, 99, 999, 93, 154, 26, 25, 999, 999, 999, 98, 41, 156, 157, 999, 999, 62, 89, 77, 155, 165, 999, 181, 18, 39, 152, 92, 999, 999, 78, 19, 73, 38, 107, 123, 198, 999, 115, 999, 204, 178, 129, 29, 999, 137, 124, 43, 85, 162, 44, 86, 28, 131, 999, 182, 117, 120, 101, 173, 188, 108, 197, 116, 186, 172, 132, 53, 45, 52, 65, 105, 203, 190, 195, 81, 146, 999, 134, 141, 201, 200, 97, 170, 147, 110, 113, 202, 194, 61, 94, 185, 205, 66, 999, 125, 106, 148, 153, 83, 999, 163, 166, 82, 164, 187, 177, 104, 174, 169, 72, 130, 999, 145, 999, 84, 999, 36, 167, 90, 50, 67, 109, 999, 42, 20, 27, 54, 70, 122, 138, 999, 30, 150, 184, 51, 168, 34, 999, 71, 140, 196, 151, 60, 119, 135, 76, 46, 142, 103, 121, 58, 999, 126, 87, 35, 69, 68, 17, 161, 171, 33, 180, 56, 183, 55, 49, 158, 118, 999, 59, 114, 999, 24, 40, 102, 193, 23, 37, 22, 179, 75, 88, 21, 74, 91, 189, 57, 139, 100, 3, 3, 0, 0, 2, 0, 1, 3, 0, 0, 2, 0, 0, 3, 0, 0, 3, 1, 3, 3, 1, 3, 0, 3, 1, 3, 0, 0, 0, 0, 0, 3, 0, 0, 3, 0, 0, 2, 3, 1, 2, 0, 0, 0, 1, 2, 3, 3, 2, 2, 2, 0, 1, 2, 2, 0, 0, 1, 0, 2, 0, 0, 1, 2, 1, 3, 3, 0, 0, 0, 2, 3, 0, 2, 0, 0, 0, 2, 2, 3, 1, 0, 0, 2, 2, 1, 3, 0, 0, 1, 0, 3, 0, 0, 0, 0, 2, 1, 2, 1, 3, 3, 0, 0, 1, 0, 1, 2, 1, 2, 0, 3, 0, 0, 3, 3, 0, 0, 2, 0, 0, 1, 2, 1, 1, 1, 3, 2, 3, 3, 1, 2, 2, 1, 3, 3, 1, 0, 1, 3, 3, 3, 1, 0, 2, 3, 3, 3, 2, 3, 1, 2, 0, 2, 2, 1, 0, 3, 0, 2, 0, 2, 3, 1, 3, 0, 0, 3, 2, 1, 3, 1, 3, 2, 1, 0, 0, 1, 0, 1, 0, 2, 0, 3, 3, 0, 0, 1, 3, 0, 3, 0, 2, 1, 3, 0, 3, 0, 1, 0, 2, 0, 2, 1, 0, 0, 3, 3, 0, 2, 0, 1, 3, 1, 2, 3, 1, 2, 0, 1, 0, 2, 2, 3, 2, 0, 2, 1, 3, 0, 1, 3, 2, 3, 0, 0, 2, 1, 0, 2, 1, 1, 0, 3, 0, 1, 0, 1, 1, 0, 1, 3, 2, 1, 2, 1
RUN_2026-06-19_lowB_baselines_r1c771, 17, 0, 15, 999, 999, 80, 999, 999, 64, 999, 999, 3, 176, 999, 8, 999, 159, 4, 128, 999, 95, 999, 999, 111, 14, 7, 6, 175, 191, 999, 63, 999, 11, 999, 12, 1, 207, 999, 32, 999, 144, 10, 192, 13, 47, 999, 31, 9, 160, 112, 2, 79, 16, 999, 48, 127, 5, 96, 999, 143, 999, 22, 20, 187, 21, 158, 55, 174, 56, 104, 70, 169, 170, 999, 197, 140, 133, 88, 161, 33, 168, 36, 49, 203, 157, 71, 141, 183, 113, 184, 27, 149, 81, 177, 114, 999, 167, 999, 28, 999, 999, 190, 150, 201, 147, 18, 999, 92, 202, 999, 137, 182, 999, 999, 178, 179, 93, 163, 999, 125, 131, 146, 194, 134, 30, 185, 46, 205, 188, 204, 999, 151, 171, 136, 78, 126, 181, 37, 116, 39, 40, 72, 65, 103, 23, 118, 100, 156, 117, 35, 123, 84, 107, 154, 999, 34, 155, 50, 86, 999, 24, 17, 999, 999, 102, 999, 115, 999, 59, 89, 139, 76, 38, 132, 87, 73, 189, 66, 75, 148, 152, 200, 999, 105, 51, 91, 198, 999, 67, 153, 52, 196, 29, 68, 99, 90, 206, 106, 82, 135, 145, 45, 162, 121, 199, 54, 83, 101, 165, 186, 173, 195, 166, 25, 119, 110, 41, 193, 180, 69, 999, 172, 120, 999, 77, 124, 138, 999, 164, 109, 43, 999, 98, 122, 85, 26, 999, 58, 999, 60, 999, 42, 129, 19, 108, 57, 62, 999, 94, 999, 61, 130, 74, 97, 53, 44, 142, 3, 3, 0, 0, 0, 0, 0, 3, 0, 0, 2, 0, 0, 3, 0, 1, 3, 1, 0, 1, 0, 0, 3, 3, 1, 3, 1, 3, 0, 2, 0, 3, 0, 0, 3, 0, 0, 0, 0, 1, 2, 0, 0, 0, 0, 2, 3, 1, 0, 2, 0, 2, 0, 0, 2, 0, 0, 0, 1, 0, 3, 2, 1, 1, 3, 2, 2, 2, 1, 2, 0, 1, 0, 2, 0, 1, 0, 3, 0, 0, 2, 0, 1, 2, 1, 3, 0, 1, 2, 2, 3, 3, 0, 2, 0, 3, 0, 1, 0, 0, 2, 3, 0, 1, 0, 0, 2, 1, 0, 3, 3, 0, 0, 1, 2, 0, 3, 0, 3, 1, 3, 3, 0, 1, 1, 2, 0, 2, 2, 0, 2, 3, 0, 3, 2, 3, 3, 3, 0, 1, 0, 3, 1, 0, 2, 1, 0, 1, 3, 3, 0, 0, 2, 0, 2, 1, 1, 3, 0, 1, 0, 0, 0, 0, 0, 0, 0, 0, 0, 2, 2, 0, 2, 3, 1, 2, 2, 3, 2, 0, 3, 0, 1, 0, 1, 1, 0, 0, 1, 0, 0, 0, 1, 1, 0, 1, 2, 0, 3, 1, 0, 0, 3, 1, 0, 2, 1, 3, 2, 3, 1, 1, 1, 3, 0, 1, 3, 0, 2, 0, 2, 0, 0, 3, 3, 1, 0, 0, 1, 3, 0, 3, 0, 3, 1, 0, 1, 0, 1, 0, 0, 0, 0, 3, 3, 1, 0, 2, 0, 0, 3, 1, 2, 1, 3, 2
RUN_2026-06-19_lowB_baselines_r1c771, 18, 0, 15, 999, 999, 80, 999, 999, 64, 999, 999, 3, 176, 999, 8, 192, 159, 4, 128, 999, 95, 999, 999, 111, 14, 7, 6, 175, 191, 999, 63, 999, 11, 999, 12, 1, 207, 999, 32, 999, 144, 10, 999, 13, 47, 999, 31, 9, 160, 112, 2, 79, 16, 999, 48, 127, 5, 96, 999, 143, 999, 22, 20, 187, 21, 158, 55, 174, 56, 104, 70, 169, 170, 999, 197, 140, 133, 88, 161, 33, 168, 36, 49, 203, 157, 71, 141, 183, 113, 184, 27, 149, 81, 177, 114, 999, 167, 999, 28, 999, 999, 190, 150, 201, 147, 18, 999, 92, 202, 999, 137, 182, 193, 999, 178, 179, 93, 163, 999, 125, 131, 146, 194, 134, 30, 185, 46, 205, 188, 204, 999, 151, 171, 136, 78, 126, 181, 37, 116, 39, 40, 72, 65, 103, 23, 118, 100, 156, 117, 35, 123, 84, 107, 154, 999, 34, 155, 50, 86, 999, 24, 17, 999, 999, 102, 999, 115, 999, 59, 89, 139, 76, 38, 132, 87, 73, 189, 66, 75, 148, 152, 200, 999, 105, 51, 91, 198, 999, 67, 153, 52, 196, 29, 68, 99, 90, 206, 106, 82, 135, 145, 45, 162, 121, 199, 54, 83, 101, 165, 186, 173, 195, 166, 25, 119, 110, 41, 999, 180, 69, 999, 172, 120, 999, 77, 124, 138, 999, 164, 109, 43, 999, 98, 122, 85, 26, 999, 58, 999, 60, 999, 42, 129, 19, 108, 57, 62, 999, 94, 999, 61, 130, 74, 97, 53, 44, 142, 3, 3, 0, 0, 0, 0, 0, 3, 0, 0, 2, 0, 0, 3, 2, 1, 3, 1, 0, 1, 0, 0, 3, 3, 1, 3, 1, 3, 0, 2, 0, 3, 0, 0, 3, 0, 0, 0, 0, 1, 2, 0, 0, 0, 0, 2, 3, 1, 0, 2, 0, 2, 0, 0, 2, 0, 0, 0, 1, 0, 3, 2, 1, 1, 3, 2, 2, 2, 1, 2, 0, 1, 0, 2, 0, 1, 0, 3, 0, 0, 2, 0, 1, 2, 1, 3, 0, 1, 2, 2, 3, 3, 0, 2, 0, 3, 0, 1, 0, 0, 2, 3, 0, 1, 0, 0, 2, 1, 0, 3, 3, 3, 0, 1, 2, 0, 3, 0, 3, 1, 3, 3, 0, 1, 1, 2, 0, 2, 2, 0, 2, 3, 0, 3, 2, 3, 3, 3, 0, 1, 0, 3, 1, 0, 2, 1, 0, 1, 3, 3, 0, 0, 2, 0, 2, 1, 1, 3, 0, 1, 0, 0, 0, 0, 0, 0, 0, 0, 0, 2, 2, 0, 2, 3, 1, 2, 2, 3, 2, 0, 3, 0, 1, 0, 1, 1, 0, 0, 1, 0, 0, 0, 1, 1, 0, 1, 2, 0, 3, 1, 0, 0, 3, 1, 0, 2, 1, 3, 2, 3, 1, 1, 1, 3, 0, 1, 0, 0, 2, 0, 2, 0, 0, 3, 3, 1, 0, 0, 1, 3, 0, 3, 0, 3, 1, 0, 1, 0, 1, 0, 0, 0, 0, 3, 3, 1, 0, 2, 0, 0, 3, 1, 2, 1, 3, 2
RUN_2026-06-19_lowB_baselines_r1c771, 19, 0, 15, 999, 999, 80, 999, 999, 64, 999, 999, 3, 176, 999, 8, 999, 159, 4, 128, 999, 95, 999, 999, 111, 14, 7, 6, 175, 191, 999, 63, 999, 11, 999, 12, 1, 207, 999, 32, 999, 144, 10, 999, 13, 47, 192, 31, 9, 160, 112, 2, 79, 16, 999, 48, 127, 5, 96, 999, 143, 999, 22, 20, 187, 21, 158, 55, 174, 56, 104, 70, 169, 170, 999, 197, 140, 133, 88, 161, 33, 168, 36, 49, 203, 157, 71, 141, 183, 113, 184, 27, 149, 81, 177, 114, 999, 167, 999, 28, 999, 999, 190, 150, 201, 147, 18, 999, 92, 202, 999, 137, 182, 999, 999, 178, 179, 93, 163, 999, 125, 131, 146, 194, 134, 30, 185, 46, 205, 188, 204, 999, 151, 171, 136, 78, 126, 181, 37, 116, 39, 40, 72, 65, 103, 23, 118, 100, 156, 117, 35, 123, 84, 107, 154, 999, 34, 155, 50, 86, 999, 24, 17, 999, 999, 102, 999, 115, 999, 59, 89, 139, 76, 38, 132, 87, 73, 189, 66, 75, 148, 152, 200, 999, 105, 51, 91, 198, 999, 67, 153, 52, 196, 29, 68, 99, 90, 206, 106, 82, 135, 145, 45, 162, 121, 199, 54, 83, 101, 165, 186, 173, 195, 166, 25, 119, 110, 41, 999, 180, 69, 999, 172, 120, 999, 77, 124, 138, 999, 164, 109, 43, 999, 98, 122, 85, 26, 193, 58, 999, 60, 999, 42, 129, 19, 108, 57, 62, 999, 94, 999, 61, 130, 74, 97, 53, 44, 142, 3, 3, 0, 0, 0, 0, 0, 3, 0, 0, 2, 0, 0, 3, 0, 1, 3, 1, 0, 1, 0, 0, 3, 3, 1, 3, 1, 3, 0, 2, 0, 3, 0, 0, 3, 0, 0, 0, 0, 1, 2, 0, 0, 0, 3, 2, 3, 1, 0, 2, 0, 2, 0, 0, 2, 0, 0, 0, 1, 0, 3, 2, 1, 1, 3, 2, 2, 2, 1, 2, 0, 1, 0, 2, 0, 1, 0, 3, 0, 0, 2, 0, 1, 2, 1, 3, 0, 1, 2, 2, 3, 3, 0, 2, 0, 3, 0, 1, 0, 0, 2, 3, 0, 1, 0, 0, 2, 1, 0, 3, 3, 0, 0, 1, 2, 0, 3, 0, 3, 1, 3, 3, 0, 1, 1, 2, 0, 2, 2, 0, 2, 3, 0, 3, 2, 3, 3, 3, 0, 1, 0, 3, 1, 0, 2, 1, 0, 1, 3, 3, 0, 0, 2, 0, 2, 1, 1, 3, 0, 1, 0, 0, 0, 0, 0, 0, 0, 0, 0, 2, 2, 0, 2, 3, 1, 2, 2, 3, 2, 0, 3, 0, 1, 0, 1, 1, 0, 0, 1, 0, 0, 0, 1, 1, 0, 1, 2, 0, 3, 1, 0, 0, 3, 1, 0, 2, 1, 3, 2, 3, 1, 1, 1, 3, 0, 1, 0, 0, 2, 0, 2, 0, 0, 3, 3, 1, 0, 0, 1, 3, 0, 3, 0, 3, 1, 0, 1, 0, 1, 0, 0, 0, 0, 3, 3, 1, 0, 2, 0, 0, 3, 1, 2, 1, 3, 2
RUN_2026-06-19_lowB_baselines_r1c537, 20, 0, 15, 999, 999, 127, 176, 999, 32, 96, 999, 6, 999, 143, 11, 48, 175, 7, 999, 999, 999, 160, 192, 999, 14, 10, 9, 191, 207, 999, 80, 999, 3, 999, 1, 4, 999, 999, 47, 144, 999, 2, 999, 13, 999, 111, 999, 12, 31, 79, 5, 64, 16, 999, 95, 63, 8, 112, 128, 159, 999, 190, 87, 200, 174, 999, 999, 999, 51, 103, 50, 81, 204, 184, 999, 999, 55, 999, 89, 92, 78, 999, 999, 108, 146, 120, 126, 88, 158, 25, 138, 54, 162, 109, 999, 142, 105, 82, 125, 154, 119, 999, 36, 171, 35, 206, 164, 189, 198, 156, 199, 39, 65, 99, 205, 195, 97, 167, 49, 182, 29, 177, 166, 52, 19, 153, 40, 180, 172, 137, 113, 21, 170, 999, 98, 187, 30, 102, 999, 130, 37, 999, 165, 181, 33, 106, 117, 84, 132, 133, 53, 107, 86, 85, 140, 203, 999, 67, 101, 17, 152, 131, 141, 168, 83, 999, 999, 201, 155, 69, 114, 157, 999, 149, 197, 121, 194, 150, 38, 163, 179, 41, 202, 71, 58, 196, 28, 90, 23, 68, 178, 999, 61, 183, 74, 26, 116, 186, 56, 72, 188, 151, 42, 27, 104, 999, 45, 118, 91, 60, 57, 115, 148, 999, 73, 134, 136, 999, 999, 44, 59, 34, 46, 75, 185, 77, 93, 169, 145, 124, 129, 76, 70, 123, 43, 122, 66, 193, 999, 139, 18, 173, 999, 999, 24, 62, 999, 999, 999, 94, 22, 161, 110, 147, 20, 100, 135, 3, 3, 0, 0, 2, 3, 0, 3, 1, 0, 2, 0, 1, 3, 2, 1, 3, 0, 0, 0, 1, 3, 0, 3, 1, 3, 1, 3, 0, 0, 0, 3, 0, 0, 3, 0, 0, 2, 1, 0, 2, 0, 0, 0, 1, 0, 3, 3, 2, 2, 2, 2, 0, 2, 2, 0, 0, 1, 1, 0, 0, 2, 3, 0, 0, 0, 0, 2, 1, 2, 0, 0, 2, 0, 0, 2, 0, 3, 0, 3, 0, 0, 1, 3, 1, 1, 3, 0, 2, 3, 0, 0, 2, 0, 0, 1, 2, 2, 0, 1, 0, 1, 2, 2, 1, 1, 3, 2, 0, 1, 1, 3, 0, 3, 0, 3, 0, 0, 0, 0, 1, 0, 2, 1, 3, 1, 1, 3, 3, 0, 3, 2, 0, 3, 3, 1, 0, 0, 0, 3, 0, 1, 0, 1, 0, 1, 0, 3, 0, 3, 1, 0, 3, 2, 2, 0, 2, 3, 1, 1, 0, 3, 0, 1, 0, 0, 2, 1, 0, 0, 3, 0, 3, 2, 2, 2, 2, 2, 1, 1, 3, 2, 1, 1, 2, 0, 2, 1, 1, 0, 0, 2, 0, 3, 1, 0, 3, 2, 1, 2, 3, 2, 0, 1, 0, 1, 1, 3, 1, 2, 0, 0, 0, 0, 2, 2, 0, 0, 3, 2, 3, 2, 2, 0, 3, 3, 2, 0, 1, 2, 0, 0, 1, 0, 2, 2, 2, 0, 2, 2, 0, 0, 0, 3, 3, 0, 0, 0, 2, 1, 0, 3, 0, 0, 3, 1
RUN_2026-06-19_lowB_baselines_r1c537, 21, 0, 15, 999, 999, 127, 176, 999, 32, 96, 999, 6, 999, 143, 11, 48, 175, 7, 999, 999, 999, 160, 192, 999, 14, 10, 9, 191, 207, 999, 80, 999, 3, 999, 1, 4, 999, 999, 47, 144, 999, 2, 999, 13, 999, 111, 999, 12, 31, 79, 5, 64, 16, 999, 95, 63, 8, 112, 128, 159, 999, 190, 87, 200, 174, 999, 999, 999, 51, 103, 50, 81, 204, 184, 999, 999, 55, 999, 89, 92, 78, 999, 999, 108, 146, 120, 126, 88, 158, 25, 138, 54, 162, 109, 999, 142, 105, 82, 125, 154, 119, 999, 36, 171, 35, 206, 164, 189, 198, 156, 199, 39, 65, 99, 205, 195, 97, 167, 49, 182, 29, 177, 166, 52, 19, 153, 40, 180, 172, 137, 113, 21, 170, 999, 98, 187, 30, 102, 999, 130, 37, 999, 165, 181, 33, 106, 117, 84, 132, 133, 53, 107, 86, 85, 140, 999, 203, 67, 101, 17, 152, 131, 141, 168, 83, 999, 999, 201, 155, 69, 114, 157, 999, 149, 197, 121, 194, 150, 38, 163, 179, 41, 202, 71, 58, 196, 28, 90, 23, 68, 178, 999, 61, 183, 74, 26, 116, 186, 56, 72, 188, 151, 42, 27, 104, 999, 45, 118, 91, 60, 57, 115, 148, 999, 73, 134, 136, 999, 999, 44, 59, 34, 46, 75, 185, 77, 93, 169, 145, 124, 129, 76, 70, 123, 43, 122, 66, 193, 999, 139, 18, 173, 999, 999, 24, 62, 999, 999, 999, 94, 22, 161, 110, 147, 20, 100, 135, 3, 3, 0, 0, 2, 3, 0, 3, 1, 0, 2, 0, 1, 3, 2, 1, 3, 0, 0, 0, 1, 3, 0, 3, 1, 3, 1, 3, 0, 0, 0, 3, 0, 0, 3, 0, 0, 2, 1, 0, 2, 0, 0, 0, 1, 0, 3, 3, 2, 2, 2, 2, 0, 2, 2, 0, 0, 1, 1, 0, 0, 2, 3, 0, 0, 0, 0, 2, 1, 2, 0, 0, 2, 0, 0, 2, 0, 3, 0, 3, 0, 0, 1, 3, 1, 1, 3, 0, 2, 3, 0, 0, 2, 0, 0, 1, 2, 2, 0, 1, 0, 1, 2, 2, 1, 1, 3, 2, 0, 1, 1, 3, 0, 3, 0, 3, 0, 0, 0, 0, 1, 0, 2, 1, 3, 1, 1, 3, 3, 0, 3, 2, 0, 3, 3, 1, 0, 0, 0, 3, 0, 1, 0, 1, 0, 1, 0, 3, 0, 3, 1, 0, 3, 2, 0, 1, 2, 3, 1, 1, 0, 3, 0, 1, 0, 0, 2, 1, 0, 0, 3, 0, 3, 2, 2, 2, 2, 2, 1, 1, 3, 2, 1, 1, 2, 0, 2, 1, 1, 0, 0, 2, 0, 3, 1, 0, 3, 2, 1, 2, 3, 2, 0, 1, 0, 1, 1, 3, 1, 2, 0, 0, 0, 0, 2, 2, 0, 0, 3, 2, 3, 2, 2, 0, 3, 3, 2, 0, 1, 2, 0, 0, 1, 0, 2, 2, 2, 0, 2, 2, 0, 0, 0, 3, 3, 0, 0, 0, 2, 1, 0, 3, 0, 0, 3, 1
RUN_2026-06-19_lowB_baselines_r1c537, 22, 0, 15, 999, 999, 127, 176, 999, 32, 96, 999, 6, 999, 143, 11, 48, 175, 7, 999, 999, 999, 160, 192, 999, 14, 10, 9, 191, 207, 999, 80, 999, 3, 999, 1, 4, 999, 999, 47, 144, 999, 2, 999, 13, 999, 111, 999, 12, 31, 79, 5, 64, 16, 999, 95, 63, 8, 112, 128, 159, 999, 190, 87, 200, 174, 999, 999, 999, 51, 103, 50, 81, 204, 184, 999, 999, 55, 999, 89, 92, 78, 999, 999, 108, 146, 120, 126, 88, 158, 25, 138, 54, 162, 109, 999, 142, 105, 82, 125, 154, 119, 999, 36, 171, 35, 206, 164, 189, 198, 156, 199, 39, 65, 99, 205, 195, 97, 167, 49, 182, 29, 177, 166, 52, 19, 153, 40, 180, 172, 137, 113, 21, 170, 999, 98, 187, 30, 102, 999, 130, 37, 999, 165, 181, 33, 106, 117, 84, 132, 133, 53, 107, 86, 85, 140, 203, 999, 67, 101, 17, 152, 131, 141, 168, 83, 999, 999, 201, 155, 69, 114, 157, 999, 149, 197, 121, 999, 150, 38, 163, 179, 41, 202, 71, 58, 196, 28, 90, 23, 68, 178, 999, 61, 183, 74, 26, 116, 186, 56, 72, 188, 151, 42, 27, 104, 999, 45, 118, 91, 60, 57, 115, 148, 999, 73, 134, 136, 999, 999, 44, 59, 34, 46, 75, 185, 77, 93, 169, 145, 124, 129, 76, 70, 123, 43, 122, 66, 999, 999, 139, 18, 173, 999, 194, 24, 62, 999, 999, 193, 94, 22, 161, 110, 147, 20, 100, 135, 3, 3, 0, 0, 2, 3, 0, 3, 1, 0, 2, 0, 1, 3, 2, 1, 3, 0, 0, 0, 1, 3, 0, 3, 1, 3, 1, 3, 0, 0, 0, 3, 0, 0, 3, 0, 0, 2, 1, 0, 2, 0, 0, 0, 1, 0, 3, 3, 2, 2, 2, 2, 0, 2, 2, 0, 0, 1, 1, 0, 0, 2, 3, 0, 0, 0, 0, 2, 1, 2, 0, 0, 2, 0, 0, 2, 0, 3, 0, 3, 0, 0, 1, 3, 1, 1, 3, 0, 2, 3, 0, 0, 2, 0, 0, 1, 2, 2, 0, 1, 0, 1, 2, 2, 1, 1, 3, 2, 0, 1, 1, 3, 0, 3, 0, 3, 0, 0, 0, 0, 1, 0, 2, 1, 3, 1, 1, 3, 3, 0, 3, 2, 0, 3, 3, 1, 0, 0, 0, 3, 0, 1, 0, 1, 0, 1, 0, 3, 0, 3, 1, 0, 3, 2, 2, 0, 2, 3, 1, 1, 0, 3, 0, 1, 0, 0, 2, 1, 0, 0, 3, 0, 3, 2, 2, 0, 2, 2, 1, 1, 3, 2, 1, 1, 2, 0, 2, 1, 1, 0, 0, 2, 0, 3, 1, 0, 3, 2, 1, 2, 3, 2, 0, 1, 0, 1, 1, 3, 1, 2, 0, 0, 0, 0, 2, 2, 0, 0, 3, 2, 3, 2, 2, 0, 3, 3, 2, 0, 1, 2, 0, 0, 1, 0, 2, 2, 0, 0, 2, 2, 0, 0, 3, 3, 3, 0, 0, 2, 2, 1, 0, 3, 0, 0, 3, 1
RUN_2026-06-19_lowB_baselines_r1c537, 23, 0, 15, 999, 999, 127, 176, 999, 32, 96, 999, 6, 999, 143, 11, 48, 175, 7, 999, 999, 999, 160, 192, 999, 14, 10, 9, 191, 207, 999, 80, 999, 3, 999, 1, 4, 999, 999, 47, 144, 999, 2, 999, 13, 999, 111, 999, 12, 31, 79, 5, 64, 16, 999, 95, 63, 8, 112, 128, 159, 999, 190, 87, 200, 174, 999, 999, 999, 51, 103, 50, 81, 204, 184, 999, 999, 55, 999, 89, 92, 78, 999, 999, 108, 146, 120, 126, 88, 158, 25, 138, 54, 162, 109, 999, 142, 105, 82, 125, 154, 119, 999, 36, 171, 35, 206, 164, 189, 198, 156, 199, 39, 65, 99, 205, 195, 97, 167, 49, 182, 29, 177, 166, 52, 19, 153, 40, 180, 172, 137, 113, 21, 170, 999, 98, 187, 30, 102, 999, 130, 37, 999, 165, 181, 33, 106, 117, 84, 132, 133, 53, 107, 86, 85, 140, 999, 203, 67, 101, 17, 152, 131, 141, 168, 83, 999, 999, 201, 155, 69, 114, 157, 999, 149, 197, 121, 999, 150, 38, 163, 179, 41, 202, 71, 58, 196, 28, 90, 23, 68, 178, 999, 61, 183, 74, 26, 116, 186, 56, 72, 188, 151, 42, 27, 104, 999, 45, 118, 91, 60, 57, 115, 148, 999, 73, 134, 136, 999, 999, 44, 59, 34, 46, 75, 185, 77, 93, 169, 145, 124, 129, 76, 70, 123, 43, 122, 66, 999, 999, 139, 18, 173, 999, 194, 24, 62, 999, 999, 193, 94, 22, 161, 110, 147, 20, 100, 135, 3, 3, 0, 0, 2, 3, 0, 3, 1, 0, 2, 0, 1, 3, 2, 1, 3, 0, 0, 0, 1, 3, 0, 3, 1, 3, 1, 3, 0, 0, 0, 3, 0, 0, 3, 0, 0, 2, 1, 0, 2, 0, 0, 0, 1, 0, 3, 3, 2, 2, 2, 2, 0, 2, 2, 0, 0, 1, 1, 0, 0, 2, 3, 0, 0, 0, 0, 2, 1, 2, 0, 0, 2, 0, 0, 2, 0, 3, 0, 3, 0, 0, 1, 3, 1, 1, 3, 0, 2, 3, 0, 0, 2, 0, 0, 1, 2, 2, 0, 1, 0, 1, 2, 2, 1, 1, 3, 2, 0, 1, 1, 3, 0, 3, 0, 3, 0, 0, 0, 0, 1, 0, 2, 1, 3, 1, 1, 3, 3, 0, 3, 2, 0, 3, 3, 1, 0, 0, 0, 3, 0, 1, 0, 1, 0, 1, 0, 3, 0, 3, 1, 0, 3, 2, 0, 1, 2, 3, 1, 1, 0, 3, 0, 1, 0, 0, 2, 1, 0, 0, 3, 0, 3, 2, 2, 0, 2, 2, 1, 1, 3, 2, 1, 1, 2, 0, 2, 1, 1, 0, 0, 2, 0, 3, 1, 0, 3, 2, 1, 2, 3, 2, 0, 1, 0, 1, 1, 3, 1, 2, 0, 0, 0, 0, 2, 2, 0, 0, 3, 2, 3, 2, 2, 0, 3, 3, 2, 0, 1, 2, 0, 0, 1, 0, 2, 2, 0, 0, 2, 2, 0, 0, 3, 3, 3, 0, 0, 2, 2, 1, 0, 3, 0, 0, 3, 1
RUN_2026-06-19_lowB_baselines_r1c535, 24, 0, 15, 999, 999, 64, 999, 63, 48, 175, 79, 10, 111, 112, 6, 159, 999, 11, 999, 999, 207, 999, 128, 160, 9, 5, 4, 999, 999, 999, 999, 999, 3, 191, 1, 13, 192, 95, 999, 127, 176, 2, 999, 8, 999, 47, 999, 7, 31, 96, 14, 143, 16, 999, 999, 999, 12, 80, 32, 144, 999, 20, 202, 156, 131, 999, 168, 999, 65, 999, 140, 78, 999, 40, 133, 50, 197, 124, 203, 132, 201, 196, 134, 102, 86, 62, 61, 77, 66, 82, 35, 999, 999, 169, 41, 97, 130, 155, 34, 999, 21, 999, 142, 158, 74, 84, 146, 199, 42, 99, 58, 184, 55, 187, 56, 75, 126, 162, 104, 999, 999, 83, 30, 177, 172, 110, 200, 999, 85, 999, 185, 188, 105, 193, 999, 43, 157, 93, 49, 147, 98, 68, 999, 999, 114, 153, 94, 109, 89, 152, 125, 18, 118, 174, 194, 36, 195, 70, 33, 90, 135, 19, 81, 173, 154, 999, 999, 999, 123, 180, 17, 141, 189, 26, 999, 205, 183, 46, 107, 113, 163, 164, 69, 122, 116, 161, 999, 52, 92, 137, 138, 27, 149, 167, 181, 59, 999, 51, 182, 186, 108, 115, 76, 165, 57, 121, 67, 37, 139, 23, 88, 38, 39, 28, 999, 103, 999, 171, 999, 53, 999, 204, 73, 117, 148, 24, 100, 87, 166, 72, 29, 45, 91, 198, 179, 999, 71, 206, 101, 170, 136, 190, 145, 999, 999, 54, 119, 22, 150, 129, 25, 44, 151, 106, 120, 178, 60, 3, 3, 0, 0, 0, 0, 1, 3, 3, 1, 2, 2, 3, 3, 0, 0, 3, 0, 0, 1, 0, 3, 1, 3, 1, 3, 0, 0, 0, 0, 0, 3, 1, 0, 3, 2, 0, 0, 3, 1, 2, 0, 0, 0, 1, 0, 3, 3, 0, 2, 0, 2, 0, 0, 0, 0, 0, 1, 3, 0, 0, 2, 2, 1, 0, 2, 0, 2, 0, 1, 2, 0, 1, 1, 1, 1, 0, 0, 1, 0, 0, 3, 1, 3, 1, 1, 1, 0, 2, 0, 0, 0, 3, 2, 1, 2, 0, 3, 0, 3, 0, 0, 0, 2, 1, 1, 2, 3, 2, 2, 1, 1, 2, 2, 1, 1, 1, 2, 0, 0, 0, 3, 0, 3, 1, 1, 0, 2, 0, 3, 2, 0, 3, 0, 2, 1, 1, 3, 2, 3, 2, 0, 0, 1, 0, 0, 3, 1, 2, 3, 3, 0, 3, 3, 1, 1, 0, 3, 2, 2, 2, 0, 1, 3, 0, 0, 0, 2, 0, 1, 0, 3, 0, 0, 1, 2, 3, 1, 0, 1, 1, 2, 2, 2, 0, 0, 3, 1, 3, 1, 2, 0, 3, 0, 2, 0, 0, 2, 0, 0, 1, 0, 3, 2, 0, 1, 0, 3, 3, 1, 3, 0, 2, 0, 3, 0, 3, 0, 1, 0, 0, 3, 1, 0, 3, 2, 0, 2, 1, 3, 3, 2, 0, 1, 0, 0, 1, 1, 1, 3, 0, 3, 0, 0, 1, 3, 2, 0, 3, 2, 0, 0, 0, 3, 3, 0
RUN_2026-06-19_lowB_baselines_r1c535, 25, 0, 15, 999, 999, 64, 999, 63, 48, 175, 79, 10, 111, 112, 6, 159, 999, 11, 999, 999, 999, 207, 128, 160, 9, 5, 4, 999, 999, 999, 999, 999, 3, 191, 1, 13, 192, 95, 999, 127, 176, 2, 999, 8, 999, 47, 999, 7, 31, 96, 14, 143, 16, 999, 999, 999, 12, 80, 32, 144, 999, 20, 202, 156, 131, 999, 168, 999, 65, 999, 140, 78, 999, 40, 133, 50, 197, 124, 203, 132, 999, 196, 134, 102, 86, 62, 61, 77, 66, 82, 35, 999, 999, 169, 41, 97, 130, 155, 34, 999, 21, 200, 142, 158, 74, 84, 146, 199, 42, 99, 58, 184, 55, 187, 56, 75, 126, 162, 104, 201, 999, 83, 30, 177, 172, 110, 999, 999, 85, 999, 185, 188, 105, 193, 999, 43, 157, 93, 49, 147, 98, 68, 999, 999, 114, 153, 94, 109, 89, 152, 125, 18, 118, 174, 194, 36, 195, 70, 33, 90, 135, 19, 81, 173, 154, 999, 999, 999, 123, 180, 17, 141, 189, 26, 999, 205, 183, 46, 107, 113, 163, 164, 69, 122, 116, 161, 999, 52, 92, 137, 138, 27, 149, 167, 181, 59, 999, 51, 182, 186, 108, 115, 76, 165, 57, 121, 67, 37, 139, 23, 88, 38, 39, 28, 999, 103, 999, 171, 999, 53, 999, 204, 73, 117, 148, 24, 100, 87, 166, 72, 29, 45, 91, 198, 179, 206, 71, 999, 101, 170, 136, 190, 145, 999, 999, 54, 119, 22, 150, 129, 25, 44, 151, 106, 120, 178, 60, 3, 3, 0, 0, 0, 0, 1, 3, 3, 1, 2, 2, 3, 3, 0, 0, 3, 0, 0, 0, 3, 3, 1, 3, 1, 3, 0, 0, 0, 0, 0, 3, 1, 0, 3, 2, 0, 0, 3, 1, 2, 0, 0, 0, 1, 0, 3, 3, 0, 2, 0, 2, 0, 0, 0, 0, 0, 1, 3, 0, 0, 2, 2, 1, 0, 2, 0, 2, 0, 1, 2, 0, 1, 1, 1, 1, 0, 0, 1, 0, 0, 3, 1, 3, 1, 1, 1, 0, 2, 0, 0, 0, 3, 2, 1, 2, 0, 3, 0, 3, 0, 0, 0, 2, 1, 1, 2, 3, 2, 2, 1, 1, 2, 2, 1, 1, 1, 2, 0, 0, 0, 3, 0, 3, 1, 0, 0, 2, 0, 3, 2, 0, 3, 0, 2, 1, 1, 3, 2, 3, 2, 0, 0, 1, 0, 0, 3, 1, 2, 3, 3, 0, 3, 3, 1, 1, 0, 3, 2, 2, 2, 0, 1, 3, 0, 0, 0, 2, 0, 1, 0, 3, 0, 0, 1, 2, 3, 1, 0, 1, 1, 2, 2, 2, 0, 0, 3, 1, 3, 1, 2, 0, 3, 0, 2, 0, 0, 2, 0, 0, 1, 0, 3, 2, 0, 1, 0, 3, 3, 1, 3, 0, 2, 0, 3, 0, 3, 0, 1, 0, 0, 3, 1, 0, 3, 2, 0, 2, 1, 3, 3, 2, 0, 1, 1, 0, 0, 1, 1, 3, 0, 3, 0, 0, 1, 3, 2, 0, 3, 2, 0, 0, 0, 3, 3, 0
RUN_2026-06-19_lowB_baselines_r1c535, 26, 0, 15, 999, 999, 64, 999, 63, 48, 175, 79, 10, 111, 112, 6, 159, 999, 11, 999, 999, 999, 207, 128, 160, 9, 5, 4, 999, 999, 999, 999, 999, 3, 191, 1, 13, 192, 95, 999, 127, 176, 2, 999, 8, 999, 47, 999, 7, 31, 96, 14, 143, 16, 999, 999, 999, 12, 80, 32, 144, 999, 20, 202, 156, 131, 999, 168, 999, 65, 999, 140, 78, 999, 40, 133, 50, 197, 124, 203, 132, 201, 196, 134, 102, 86, 62, 61, 77, 66, 82, 35, 999, 999, 169, 41, 97, 130, 155, 34, 999, 21, 999, 142, 158, 74, 84, 146, 199, 42, 99, 58, 184, 55, 187, 56, 75, 126, 162, 104, 999, 999, 83, 30, 177, 172, 110, 200, 999, 85, 999, 185, 188, 105, 193, 999, 43, 157, 93, 49, 147, 98, 68, 999, 999, 114, 153, 94, 109, 89, 152, 125, 18, 118, 174, 194, 36, 195, 70, 33, 90, 135, 19, 81, 173, 154, 999, 999, 999, 123, 180, 17, 141, 189, 26, 999, 205, 183, 46, 107, 113, 163, 164, 69, 122, 116, 161, 999, 52, 92, 137, 138, 27, 149, 167, 181, 59, 999, 51, 182, 186, 108, 115, 76, 165, 57, 121, 67, 37, 139, 23, 88, 38, 39, 28, 999, 103, 999, 171, 999, 53, 999, 204, 73, 117, 148, 24, 100, 87, 166, 72, 29, 45, 91, 198, 179, 206, 71, 999, 101, 170, 136, 190, 145, 999, 999, 54, 119, 22, 150, 129, 25, 44, 151, 106, 120, 178, 60, 3, 3, 0, 0, 0, 0, 1, 3, 3, 1, 2, 2, 3, 3, 0, 0, 3, 0, 0, 0, 3, 3, 1, 3, 1, 3, 0, 0, 0, 0, 0, 3, 1, 0, 3, 2, 0, 0, 3, 1, 2, 0, 0, 0, 1, 0, 3, 3, 0, 2, 0, 2, 0, 0, 0, 0, 0, 1, 3, 0, 0, 2, 2, 1, 0, 2, 0, 2, 0, 1, 2, 0, 1, 1, 1, 1, 0, 0, 1, 0, 0, 3, 1, 3, 1, 1, 1, 0, 2, 0, 0, 0, 3, 2, 1, 2, 0, 3, 0, 3, 0, 0, 0, 2, 1, 1, 2, 3, 2, 2, 1, 1, 2, 2, 1, 1, 1, 2, 0, 0, 0, 3, 0, 3, 1, 1, 0, 2, 0, 3, 2, 0, 3, 0, 2, 1, 1, 3, 2, 3, 2, 0, 0, 1, 0, 0, 3, 1, 2, 3, 3, 0, 3, 3, 1, 1, 0, 3, 2, 2, 2, 0, 1, 3, 0, 0, 0, 2, 0, 1, 0, 3, 0, 0, 1, 2, 3, 1, 0, 1, 1, 2, 2, 2, 0, 0, 3, 1, 3, 1, 2, 0, 3, 0, 2, 0, 0, 2, 0, 0, 1, 0, 3, 2, 0, 1, 0, 3, 3, 1, 3, 0, 2, 0, 3, 0, 3, 0, 1, 0, 0, 3, 1, 0, 3, 2, 0, 2, 1, 3, 3, 2, 0, 1, 1, 0, 0, 1, 1, 3, 0, 3, 0, 0, 1, 3, 2, 0, 3, 2, 0, 0, 0, 3, 3, 0
RUN_2026-06-19_lowB_baselines_r1c535, 27, 0, 15, 999, 999, 64, 999, 63, 48, 175, 79, 10, 111, 112, 6, 159, 999, 11, 999, 999, 207, 999, 128, 160, 9, 5, 4, 999, 999, 999, 999, 999, 3, 191, 1, 13, 192, 95, 999, 127, 176, 2, 999, 8, 999, 47, 999, 7, 31, 96, 14, 143, 16, 999, 999, 999, 12, 80, 32, 144, 999, 20, 202, 156, 131, 999, 168, 999, 65, 999, 140, 78, 999, 40, 133, 50, 197, 124, 203, 132, 999, 196, 134, 102, 86, 62, 61, 77, 66, 82, 35, 999, 999, 169, 41, 97, 130, 155, 34, 999, 21, 200, 142, 158, 74, 84, 146, 199, 42, 99, 58, 184, 55, 187, 56, 75, 126, 162, 104, 201, 999, 83, 30, 177, 172, 110, 999, 999, 85, 999, 185, 188, 105, 193, 999, 43, 157, 93, 49, 147, 98, 68, 999, 999, 114, 153, 94, 109, 89, 152, 125, 18, 118, 174, 194, 36, 195, 70, 33, 90, 135, 19, 81, 173, 154, 999, 999, 999, 123, 180, 17, 141, 189, 26, 999, 205, 183, 46, 107, 113, 163, 164, 69, 122, 116, 161, 999, 52, 92, 137, 138, 27, 149, 167, 181, 59, 999, 51, 182, 186, 108, 115, 76, 165, 57, 121, 67, 37, 139, 23, 88, 38, 39, 28, 999, 103, 999, 171, 999, 53, 999, 204, 73, 117, 148, 24, 100, 87, 166, 72, 29, 45, 91, 198, 179, 999, 71, 206, 101, 170, 136, 190, 145, 999, 999, 54, 119, 22, 150, 129, 25, 44, 151, 106, 120, 178, 60, 3, 3, 0, 0, 0, 0, 1, 3, 3, 1, 2, 2, 3, 3, 0, 0, 3, 0, 0, 1, 0, 3, 1, 3, 1, 3, 0, 0, 0, 0, 0, 3, 1, 0, 3, 2, 0, 0, 3, 1, 2, 0, 0, 0, 1, 0, 3, 3, 0, 2, 0, 2, 0, 0, 0, 0, 0, 1, 3, 0, 0, 2, 2, 1, 0, 2, 0, 2, 0, 1, 2, 0, 1, 1, 1, 1, 0, 0, 1, 0, 0, 3, 1, 3, 1, 1, 1, 0, 2, 0, 0, 0, 3, 2, 1, 2, 0, 3, 0, 3, 0, 0, 0, 2, 1, 1, 2, 3, 2, 2, 1, 1, 2, 2, 1, 1, 1, 2, 0, 0, 0, 3, 0, 3, 1, 0, 0, 2, 0, 3, 2, 0, 3, 0, 2, 1, 1, 3, 2, 3, 2, 0, 0, 1, 0, 0, 3, 1, 2, 3, 3, 0, 3, 3, 1, 1, 0, 3, 2, 2, 2, 0, 1, 3, 0, 0, 0, 2, 0, 1, 0, 3, 0, 0, 1, 2, 3, 1, 0, 1, 1, 2, 2, 2, 0, 0, 3, 1, 3, 1, 2, 0, 3, 0, 2, 0, 0, 2, 0, 0, 1, 0, 3, 2, 0, 1, 0, 3, 3, 1, 3, 0, 2, 0, 3, 0, 3, 0, 1, 0, 0, 3, 1, 0, 3, 2, 0, 2, 1, 3, 3, 2, 0, 1, 0, 0, 1, 1, 1, 3, 0, 3, 0, 0, 1, 3, 2, 0, 3, 2, 0, 0, 0, 3, 3, 0
RUN_2026-06-19_lowB_baselines_r1c319, 28, 0, 15, 999, 999, 16, 999, 999, 96, 192, 79, 5, 999, 111, 10, 999, 191, 6, 999, 175, 159, 999, 999, 144, 9, 4, 8, 176, 207, 999, 64, 999, 1, 160, 2, 13, 999, 95, 999, 999, 999, 12, 63, 3, 999, 999, 47, 11, 31, 128, 14, 999, 112, 999, 999, 127, 7, 32, 48, 143, 80, 177, 91, 50, 161, 178, 76, 197, 196, 69, 53, 78, 137, 129, 41, 106, 130, 103, 999, 136, 51, 162, 999, 165, 999, 40, 70, 17, 77, 71, 999, 145, 146, 119, 107, 24, 90, 181, 164, 105, 999, 21, 206, 156, 198, 999, 199, 999, 183, 49, 140, 62, 135, 30, 133, 65, 157, 205, 37, 84, 182, 85, 999, 42, 46, 999, 26, 185, 189, 149, 34, 20, 201, 999, 134, 66, 999, 68, 39, 193, 999, 131, 184, 190, 194, 202, 94, 60, 169, 139, 999, 123, 171, 170, 52, 44, 101, 55, 999, 93, 200, 121, 187, 102, 132, 109, 203, 153, 154, 104, 174, 72, 195, 999, 19, 113, 88, 115, 33, 23, 186, 204, 97, 92, 179, 86, 141, 108, 58, 43, 56, 138, 25, 114, 99, 74, 22, 999, 180, 999, 999, 999, 75, 999, 117, 59, 61, 152, 151, 125, 57, 168, 999, 27, 73, 54, 89, 163, 29, 150, 122, 999, 38, 81, 98, 155, 124, 100, 173, 82, 116, 999, 166, 87, 172, 28, 120, 126, 167, 36, 147, 999, 142, 999, 999, 67, 83, 999, 158, 45, 35, 999, 110, 18, 188, 148, 118, 3, 3, 0, 0, 0, 0, 0, 3, 1, 1, 2, 0, 1, 3, 0, 1, 3, 0, 1, 1, 0, 0, 1, 3, 1, 3, 3, 3, 0, 0, 0, 3, 3, 0, 3, 0, 0, 0, 0, 0, 2, 2, 0, 0, 0, 2, 3, 3, 0, 2, 0, 2, 0, 0, 2, 0, 0, 1, 1, 0, 3, 3, 0, 0, 0, 2, 1, 1, 1, 3, 2, 1, 3, 3, 2, 1, 0, 0, 3, 1, 0, 0, 0, 0, 3, 1, 3, 3, 1, 0, 1, 0, 0, 3, 2, 2, 1, 3, 1, 0, 0, 0, 0, 1, 0, 3, 0, 0, 3, 2, 0, 3, 1, 1, 3, 0, 1, 1, 3, 1, 1, 0, 2, 1, 0, 0, 3, 1, 1, 2, 0, 1, 0, 3, 2, 0, 0, 1, 0, 0, 1, 1, 1, 1, 3, 0, 3, 1, 0, 0, 0, 0, 3, 3, 3, 1, 2, 0, 0, 3, 1, 0, 3, 3, 1, 0, 2, 1, 0, 0, 3, 1, 0, 2, 2, 2, 1, 1, 1, 3, 2, 2, 3, 0, 1, 0, 1, 3, 3, 1, 1, 1, 0, 1, 3, 2, 0, 2, 0, 0, 0, 3, 0, 1, 3, 0, 3, 2, 1, 2, 1, 0, 1, 0, 1, 1, 3, 3, 0, 1, 0, 2, 1, 3, 3, 0, 1, 1, 0, 1, 0, 1, 0, 0, 1, 0, 3, 2, 3, 0, 0, 1, 0, 0, 1, 3, 0, 2, 0, 2, 0, 1, 2, 0, 3, 0
RUN_2026-06-19_lowB_baselines_r1c319, 29, 0, 15, 999, 999, 16, 999, 999, 96, 192, 79, 5, 999, 111, 10, 999, 191, 6, 999, 175, 159, 999, 999, 144, 9, 4, 8, 176, 207, 999, 64, 999, 1, 160, 2, 13, 999, 95, 999, 999, 999, 12, 63, 3, 999, 999, 47, 11, 31, 128, 14, 999, 112, 999, 999, 127, 7, 32, 48, 143, 80, 177, 91, 50, 161, 178, 76, 197, 196, 69, 53, 78, 137, 129, 41, 106, 130, 103, 999, 136, 51, 162, 999, 165, 999, 40, 70, 17, 77, 71, 999, 145, 146, 119, 107, 24, 90, 181, 164, 105, 999, 21, 206, 156, 198, 999, 199, 999, 183, 49, 140, 62, 135, 30, 133, 65, 157, 999, 37, 84, 182, 85, 202, 42, 46, 999, 26, 185, 189, 149, 34, 20, 999, 205, 134, 66, 204, 68, 39, 193, 999, 131, 184, 190, 194, 999, 94, 60, 169, 139, 999, 123, 171, 170, 52, 44, 101, 55, 999, 93, 200, 121, 187, 102, 132, 109, 999, 153, 154, 104, 174, 72, 195, 999, 19, 113, 88, 115, 33, 23, 186, 201, 97, 92, 179, 86, 141, 108, 58, 43, 56, 138, 25, 114, 99, 74, 22, 999, 180, 203, 999, 999, 75, 999, 117, 59, 61, 152, 151, 125, 57, 168, 999, 27, 73, 54, 89, 163, 29, 150, 122, 999, 38, 81, 98, 155, 124, 100, 173, 82, 116, 999, 166, 87, 172, 28, 120, 126, 167, 36, 147, 999, 142, 999, 999, 67, 83, 999, 158, 45, 35, 999, 110, 18, 188, 148, 118, 3, 3, 0, 0, 0, 0, 0, 3, 1, 1, 2, 0, 1, 3, 0, 1, 3, 0, 1, 1, 0, 0, 1, 3, 1, 3, 3, 3, 0, 0, 0, 3, 3, 0, 3, 0, 0, 0, 0, 0, 2, 2, 0, 0, 0, 2, 3, 3, 0, 2, 0, 2, 0, 0, 2, 0, 0, 1, 1, 0, 3, 3, 0, 0, 0, 2, 1, 1, 1, 3, 2, 1, 3, 3, 2, 1, 0, 0, 3, 1, 0, 0, 0, 0, 3, 1, 3, 3, 1, 0, 1, 0, 0, 3, 2, 2, 1, 3, 1, 0, 0, 0, 0, 1, 0, 3, 0, 0, 3, 2, 0, 3, 1, 1, 3, 0, 0, 1, 3, 1, 1, 1, 2, 1, 0, 0, 3, 1, 1, 2, 0, 0, 3, 3, 2, 0, 0, 1, 0, 0, 1, 1, 1, 1, 0, 0, 3, 1, 0, 0, 0, 0, 3, 3, 3, 1, 2, 0, 0, 3, 1, 0, 3, 3, 1, 0, 2, 1, 0, 0, 3, 1, 0, 2, 2, 2, 1, 1, 1, 3, 3, 2, 3, 0, 1, 0, 1, 3, 3, 1, 1, 1, 0, 1, 3, 2, 0, 2, 2, 0, 0, 3, 0, 1, 3, 0, 3, 2, 1, 2, 1, 0, 1, 0, 1, 1, 3, 3, 0, 1, 0, 2, 1, 3, 3, 0, 1, 1, 0, 1, 0, 1, 0, 0, 1, 0, 3, 2, 3, 0, 0, 1, 0, 0, 1, 3, 0, 2, 0, 2, 0, 1, 2, 0, 3, 0
RUN_2026-06-19_lowB_baselines_r1c319, 30, 0, 15, 999, 999, 16, 999, 999, 96, 192, 79, 5, 999, 111, 10, 999, 191, 6, 999, 175, 159, 999, 999, 144, 9, 4, 8, 176, 207, 999, 64, 999, 1, 160, 2, 13, 999, 95, 999, 999, 999, 12, 63, 3, 999, 999, 47, 11, 31, 128, 14, 999, 112, 999, 999, 127, 7, 32, 48, 143, 80, 177, 91, 50, 161, 178, 76, 197, 196, 69, 53, 78, 137, 129, 41, 106, 130, 103, 999, 136, 51, 162, 999, 165, 999, 40, 70, 17, 77, 71, 999, 145, 146, 119, 107, 24, 90, 181, 164, 105, 999, 21, 206, 156, 198, 999, 999, 199, 183, 49, 140, 62, 135, 30, 133, 65, 157, 205, 37, 84, 182, 85, 999, 42, 46, 999, 26, 185, 189, 149, 34, 20, 201, 999, 134, 66, 999, 68, 39, 193, 999, 131, 184, 190, 194, 202, 94, 60, 169, 139, 999, 123, 171, 170, 52, 44, 101, 55, 999, 93, 200, 121, 187, 102, 132, 109, 203, 153, 154, 104, 174, 72, 195, 999, 19, 113, 88, 115, 33, 23, 186, 204, 97, 92, 179, 86, 141, 108, 58, 43, 56, 138, 25, 114, 99, 74, 22, 999, 180, 999, 999, 999, 75, 999, 117, 59, 61, 152, 151, 125, 57, 168, 999, 27, 73, 54, 89, 163, 29, 150, 122, 999, 38, 81, 98, 155, 124, 100, 173, 82, 116, 999, 166, 87, 172, 28, 120, 126, 167, 36, 147, 999, 142, 999, 999, 67, 83, 999, 158, 45, 35, 999, 110, 18, 188, 148, 118, 3, 3, 0, 0, 0, 0, 0, 3, 1, 1, 2, 0, 1, 3, 0, 1, 3, 0, 1, 1, 0, 0, 1, 3, 1, 3, 3, 3, 0, 0, 0, 3, 3, 0, 3, 0, 0, 0, 0, 0, 2, 2, 0, 0, 0, 2, 3, 3, 0, 2, 0, 2, 0, 0, 2, 0, 0, 1, 1, 0, 3, 3, 0, 0, 0, 2, 1, 1, 1, 3, 2, 1, 3, 3, 2, 1, 0, 0, 3, 1, 0, 0, 0, 0, 3, 1, 3, 3, 1, 0, 1, 0, 0, 3, 2, 2, 1, 3, 1, 0, 0, 0, 0, 1, 0, 0, 1, 0, 3, 2, 0, 3, 1, 1, 3, 0, 1, 1, 3, 1, 1, 0, 2, 1, 0, 0, 3, 1, 1, 2, 0, 1, 0, 3, 2, 0, 0, 1, 0, 0, 1, 1, 1, 1, 3, 0, 3, 1, 0, 0, 0, 0, 3, 3, 3, 1, 2, 0, 0, 3, 1, 0, 3, 3, 1, 0, 2, 1, 0, 0, 3, 1, 0, 2, 2, 2, 1, 1, 1, 3, 2, 2, 3, 0, 1, 0, 1, 3, 3, 1, 1, 1, 0, 1, 3, 2, 0, 2, 0, 0, 0, 3, 0, 1, 3, 0, 3, 2, 1, 2, 1, 0, 1, 0, 1, 1, 3, 3, 0, 1, 0, 2, 1, 3, 3, 0, 1, 1, 0, 1, 0, 1, 0, 0, 1, 0, 3, 2, 3, 0, 0, 1, 0, 0, 1, 3, 0, 2, 0, 2, 0, 1, 2, 0, 3, 0
RUN_2026-06-19_lowB_baselines_r1c319, 31, 0, 15, 999, 999, 16, 999, 999, 96, 192, 79, 5, 999, 111, 10, 999, 191, 6, 999, 175, 159, 999, 999, 144, 9, 4, 8, 176, 207, 999, 64, 999, 1, 160, 2, 13, 999, 95, 999, 999, 999, 12, 63, 3, 999, 999, 47, 11, 31, 128, 14, 999, 112, 999, 999, 127, 7, 32, 48, 143, 80, 177, 91, 50, 161, 178, 76, 197, 196, 69, 53, 78, 137, 129, 41, 106, 130, 103, 999, 136, 51, 162, 999, 165, 999, 40, 70, 17, 77, 71, 999, 145, 146, 119, 107, 24, 90, 181, 164, 105, 999, 21, 206, 156, 198, 999, 999, 199, 183, 49, 140, 62, 135, 30, 133, 65, 157, 999, 37, 84, 182, 85, 202, 42, 46, 999, 26, 185, 189, 149, 34, 20, 999, 205, 134, 66, 204, 68, 39, 193, 999, 131, 184, 190, 194, 999, 94, 60, 169, 139, 999, 123, 171, 170, 52, 44, 101, 55, 999, 93, 200, 121, 187, 102, 132, 109, 999, 153, 154, 104, 174, 72, 195, 999, 19, 113, 88, 115, 33, 23, 186, 201, 97, 92, 179, 86, 141, 108, 58, 43, 56, 138, 25, 114, 99, 74, 22, 999, 180, 203, 999, 999, 75, 999, 117, 59, 61, 152, 151, 125, 57, 168, 999, 27, 73, 54, 89, 163, 29, 150, 122, 999, 38, 81, 98, 155, 124, 100, 173, 82, 116, 999, 166, 87, 172, 28, 120, 126, 167, 36, 147, 999, 142, 999, 999, 67, 83, 999, 158, 45, 35, 999, 110, 18, 188, 148, 118, 3, 3, 0, 0, 0, 0, 0, 3, 1, 1, 2, 0, 1, 3, 0, 1, 3, 0, 1, 1, 0, 0, 1, 3, 1, 3, 3, 3, 0, 0, 0, 3, 3, 0, 3, 0, 0, 0, 0, 0, 2, 2, 0, 0, 0, 2, 3, 3, 0, 2, 0, 2, 0, 0, 2, 0, 0, 1, 1, 0, 3, 3, 0, 0, 0, 2, 1, 1, 1, 3, 2, 1, 3, 3, 2, 1, 0, 0, 3, 1, 0, 0, 0, 0, 3, 1, 3, 3, 1, 0, 1, 0, 0, 3, 2, 2, 1, 3, 1, 0, 0, 0, 0, 1, 0, 0, 1, 0, 3, 2, 0, 3, 1, 1, 3, 0, 0, 1, 3, 1, 1, 1, 2, 1, 0, 0, 3, 1, 1, 2, 0, 0, 3, 3, 2, 0, 0, 1, 0, 0, 1, 1, 1, 1, 0, 0, 3, 1, 0, 0, 0, 0, 3, 3, 3, 1, 2, 0, 0, 3, 1, 0, 3, 3, 1, 0, 2, 1, 0, 0, 3, 1, 0, 2, 2, 2, 1, 1, 1, 3, 3, 2, 3, 0, 1, 0, 1, 3, 3, 1, 1, 1, 0, 1, 3, 2, 0, 2, 2, 0, 0, 3, 0, 1, 3, 0, 3, 2, 1, 2, 1, 0, 1, 0, 1, 1, 3, 3, 0, 1, 0, 2, 1, 3, 3, 0, 1, 1, 0, 1, 0, 1, 0, 0, 1, 0, 3, 2, 3, 0, 0, 1, 0, 0, 1, 3, 0, 2, 0, 2, 0, 1, 2, 0, 3, 0
RUN_2026-06-19_lowB_baselines_r1c783, 32, 0, 15, 999, 999, 207, 111, 999, 999, 999, 79, 3, 999, 999, 11, 191, 999, 4, 80, 999, 999, 999, 999, 127, 14, 10, 13, 999, 192, 999, 176, 999, 6, 999, 7, 1, 159, 999, 144, 31, 175, 12, 95, 9, 999, 16, 48, 8, 32, 47, 2, 999, 63, 160, 64, 112, 5, 999, 128, 96, 143, 154, 29, 181, 197, 135, 200, 91, 205, 141, 140, 999, 71, 65, 999, 999, 28, 81, 999, 153, 69, 117, 41, 35, 204, 134, 92, 33, 34, 40, 53, 201, 115, 72, 131, 101, 138, 174, 206, 158, 46, 107, 182, 166, 165, 198, 125, 133, 999, 202, 108, 199, 18, 169, 57, 161, 999, 149, 50, 999, 110, 190, 104, 999, 49, 126, 193, 170, 194, 103, 999, 999, 162, 150, 56, 999, 999, 179, 98, 184, 203, 97, 75, 87, 999, 180, 118, 119, 999, 163, 99, 155, 77, 61, 136, 999, 999, 113, 152, 157, 42, 168, 120, 25, 151, 164, 189, 89, 66, 67, 86, 185, 105, 82, 999, 187, 76, 100, 88, 109, 74, 39, 62, 196, 121, 148, 93, 70, 27, 171, 195, 124, 94, 999, 20, 999, 999, 45, 22, 999, 999, 58, 999, 146, 23, 999, 26, 137, 145, 38, 73, 114, 999, 102, 999, 172, 106, 54, 17, 51, 90, 122, 139, 999, 78, 55, 83, 183, 21, 30, 52, 24, 36, 60, 167, 84, 68, 19, 85, 44, 178, 132, 999, 177, 116, 156, 43, 123, 37, 147, 59, 173, 188, 130, 186, 129, 142, 3, 3, 0, 0, 2, 1, 0, 0, 0, 1, 2, 0, 0, 3, 0, 0, 3, 1, 0, 0, 0, 0, 3, 3, 1, 3, 0, 1, 0, 0, 0, 3, 0, 0, 3, 0, 0, 0, 3, 3, 2, 2, 0, 0, 3, 0, 3, 1, 2, 2, 0, 0, 1, 0, 0, 0, 0, 1, 3, 2, 3, 0, 1, 0, 3, 2, 2, 2, 0, 2, 0, 3, 2, 0, 0, 0, 2, 0, 3, 2, 2, 3, 0, 2, 3, 3, 1, 1, 3, 3, 2, 2, 3, 3, 0, 3, 3, 3, 2, 1, 2, 1, 3, 3, 0, 0, 3, 0, 0, 3, 2, 0, 2, 2, 3, 0, 1, 0, 0, 0, 3, 2, 0, 0, 2, 1, 0, 1, 2, 0, 0, 0, 1, 3, 0, 0, 0, 0, 0, 2, 2, 1, 0, 0, 2, 0, 0, 0, 2, 2, 1, 2, 2, 0, 0, 0, 2, 3, 3, 2, 3, 3, 2, 0, 2, 1, 0, 3, 3, 3, 3, 3, 0, 0, 1, 3, 2, 0, 1, 2, 0, 0, 3, 2, 0, 2, 1, 2, 0, 2, 2, 1, 0, 3, 0, 0, 3, 0, 0, 0, 3, 0, 1, 2, 0, 0, 3, 1, 3, 2, 0, 0, 1, 0, 1, 3, 1, 3, 0, 2, 1, 2, 0, 1, 2, 1, 0, 0, 2, 0, 0, 1, 3, 3, 2, 3, 0, 1, 0, 0, 0, 0, 2, 2, 1, 0, 1, 2, 1, 3, 3, 1, 3, 0, 1, 3
RUN_2026-06-19_lowB_baselines_r1c783, 33, 0, 15, 999, 999, 207, 111, 999, 999, 999, 79, 3, 999, 999, 11, 191, 999, 4, 80, 999, 999, 999, 999, 127, 14, 10, 13, 999, 192, 999, 176, 999, 6, 999, 7, 1, 159, 999, 144, 31, 175, 12, 95, 9, 999, 16, 48, 8, 32, 47, 2, 999, 63, 160, 64, 112, 5, 999, 128, 96, 143, 154, 29, 181, 197, 135, 999, 91, 205, 141, 140, 201, 71, 65, 999, 999, 28, 81, 999, 153, 69, 117, 41, 35, 204, 134, 92, 33, 34, 40, 53, 999, 115, 72, 131, 101, 138, 174, 206, 158, 46, 107, 182, 166, 165, 198, 125, 133, 199, 999, 108, 999, 18, 169, 57, 161, 999, 149, 50, 999, 110, 190, 104, 999, 49, 126, 193, 170, 194, 103, 999, 999, 162, 150, 56, 999, 999, 179, 98, 184, 200, 97, 75, 87, 203, 180, 118, 119, 999, 163, 99, 155, 77, 61, 136, 999, 999, 113, 152, 157, 42, 168, 120, 25, 151, 164, 189, 89, 66, 67, 86, 185, 105, 82, 999, 187, 76, 100, 88, 109, 74, 39, 62, 196, 121, 148, 93, 70, 27, 171, 195, 124, 94, 999, 20, 999, 999, 45, 22, 999, 999, 58, 999, 146, 23, 202, 26, 137, 145, 38, 73, 114, 999, 102, 999, 172, 106, 54, 17, 51, 90, 122, 139, 999, 78, 55, 83, 183, 21, 30, 52, 24, 36, 60, 167, 84, 68, 19, 85, 44, 178, 132, 999, 177, 116, 156, 43, 123, 37, 147, 59, 173, 188, 130, 186, 129, 142, 3, 3, 0, 0, 2, 1, 0, 0, 0, 1, 2, 0, 0, 3, 0, 0, 3, 1, 0, 0, 0, 0, 3, 3, 1, 3, 0, 1, 0, 0, 0, 3, 0, 0, 3, 0, 0, 0, 3, 3, 2, 2, 0, 0, 3, 0, 3, 1, 2, 2, 0, 0, 1, 0, 0, 0, 0, 1, 3, 2, 3, 0, 1, 0, 3, 0, 2, 2, 0, 2, 1, 3, 2, 0, 0, 0, 2, 0, 3, 2, 2, 3, 0, 2, 3, 3, 1, 1, 3, 3, 0, 2, 3, 3, 0, 3, 3, 3, 2, 1, 2, 1, 3, 3, 0, 0, 3, 0, 0, 3, 0, 0, 2, 2, 3, 0, 1, 0, 0, 0, 3, 2, 0, 0, 2, 1, 0, 1, 2, 0, 0, 0, 1, 3, 0, 0, 0, 0, 0, 1, 2, 1, 0, 2, 2, 0, 0, 0, 2, 2, 1, 2, 2, 0, 0, 0, 2, 3, 3, 2, 3, 3, 2, 0, 2, 1, 0, 3, 3, 3, 3, 3, 0, 0, 1, 3, 2, 0, 1, 2, 0, 0, 3, 2, 0, 2, 1, 2, 0, 2, 2, 1, 0, 3, 0, 0, 3, 0, 0, 0, 3, 0, 1, 2, 1, 0, 3, 1, 3, 2, 0, 0, 1, 0, 1, 3, 1, 3, 0, 2, 1, 2, 0, 1, 2, 1, 0, 0, 2, 0, 0, 1, 3, 3, 2, 3, 0, 1, 0, 0, 0, 0, 2, 2, 1, 0, 1, 2, 1, 3, 3, 1, 3, 0, 1, 3
RUN_2026-06-19_lowB_baselines_r1c783, 34, 0, 15, 999, 999, 207, 111, 999, 999, 999, 79, 3, 999, 999, 11, 191, 999, 4, 80, 999, 999, 999, 999, 127, 14, 10, 13, 999, 192, 999, 176, 999, 6, 999, 7, 1, 159, 999, 144, 31, 175, 12, 95, 9, 999, 16, 48, 8, 32, 47, 2, 999, 63, 160, 64, 112, 5, 999, 128, 96, 143, 154, 29, 181, 999, 135, 999, 91, 205, 141, 140, 198, 71, 65, 999, 999, 28, 81, 999, 153, 69, 117, 41, 35, 204, 134, 92, 33, 34, 40, 53, 197, 115, 72, 131, 101, 138, 174, 206, 158, 46, 107, 182, 166, 165, 999, 125, 133, 999, 202, 108, 999, 18, 169, 57, 161, 999, 149, 50, 999, 110, 190, 104, 999, 49, 126, 193, 170, 194, 103, 999, 999, 162, 150, 56, 999, 999, 179, 98, 184, 203, 97, 75, 87, 999, 180, 118, 119, 200, 163, 99, 155, 77, 61, 136, 999, 999, 113, 152, 157, 42, 168, 120, 25, 151, 164, 189, 89, 66, 67, 86, 185, 105, 82, 999, 187, 76, 100, 88, 109, 74, 39, 62, 196, 121, 148, 93, 70, 27, 171, 195, 124, 94, 201, 20, 999, 999, 45, 22, 999, 999, 58, 999, 146, 23, 999, 26, 137, 145, 38, 73, 114, 999, 102, 199, 172, 106, 54, 17, 51, 90, 122, 139, 999, 78, 55, 83, 183, 21, 30, 52, 24, 36, 60, 167, 84, 68, 19, 85, 44, 178, 132, 999, 177, 116, 156, 43, 123, 37, 147, 59, 173, 188, 130, 186, 129, 142, 3, 3, 0, 0, 2, 1, 0, 0, 0, 1, 2, 0, 0, 3, 0, 0, 3, 1, 0, 0, 0, 0, 3, 3, 1, 3, 0, 1, 0, 0, 0, 3, 0, 0, 3, 0, 0, 0, 3, 3, 2, 2, 0, 0, 3, 0, 3, 1, 2, 2, 0, 0, 1, 0, 0, 0, 0, 1, 3, 2, 3, 0, 1, 0, 3, 0, 2, 2, 0, 2, 1, 3, 2, 0, 0, 0, 2, 0, 3, 2, 2, 3, 0, 2, 3, 3, 1, 1, 3, 3, 3, 2, 3, 3, 0, 3, 3, 3, 2, 1, 2, 1, 3, 3, 0, 0, 3, 0, 0, 3, 0, 0, 2, 2, 3, 0, 1, 0, 0, 0, 3, 2, 0, 0, 2, 1, 0, 1, 2, 0, 0, 0, 1, 3, 0, 0, 0, 0, 0, 2, 2, 1, 0, 0, 2, 0, 0, 0, 2, 2, 1, 2, 2, 0, 0, 0, 2, 3, 3, 2, 3, 3, 2, 0, 2, 1, 0, 3, 3, 3, 3, 3, 0, 0, 1, 3, 2, 0, 1, 2, 0, 0, 3, 2, 0, 2, 1, 2, 0, 2, 2, 1, 1, 3, 0, 0, 3, 0, 0, 0, 3, 0, 1, 2, 0, 0, 3, 1, 3, 2, 0, 0, 1, 3, 1, 3, 1, 3, 0, 2, 1, 2, 0, 1, 2, 1, 0, 0, 2, 0, 0, 1, 3, 3, 2, 3, 0, 1, 0, 0, 0, 0, 2, 2, 1, 0, 1, 2, 1, 3, 3, 1, 3, 0, 1, 3
RUN_2026-06-19_lowB_baselines_r1c783, 35, 0, 15, 999, 999, 207, 111, 999, 999, 999, 79, 3, 999, 999, 11, 191, 999, 4, 80, 999, 999, 999, 999, 127, 14, 10, 13, 999, 192, 999, 176, 999, 6, 999, 7, 1, 159, 999, 144, 31, 175, 12, 95, 9, 999, 16, 48, 8, 32, 47, 2, 999, 63, 160, 64, 112, 5, 999, 128, 96, 143, 154, 29, 181, 197, 135, 200, 91, 205, 141, 140, 999, 71, 65, 999, 999, 28, 81, 201, 153, 69, 117, 41, 35, 204, 134, 92, 33, 34, 40, 53, 999, 115, 72, 131, 101, 138, 174, 206, 158, 46, 107, 182, 166, 165, 198, 125, 133, 999, 999, 108, 199, 18, 169, 57, 161, 999, 149, 50, 999, 110, 190, 104, 999, 49, 126, 193, 170, 194, 103, 999, 999, 162, 150, 56, 999, 999, 179, 98, 184, 999, 97, 75, 87, 203, 180, 118, 119, 999, 163, 99, 155, 77, 61, 136, 999, 999, 113, 152, 157, 42, 168, 120, 25, 151, 164, 189, 89, 66, 67, 86, 185, 105, 82, 999, 187, 76, 100, 88, 109, 74, 39, 62, 196, 121, 148, 93, 70, 27, 171, 195, 124, 94, 999, 20, 999, 999, 45, 22, 999, 999, 58, 999, 146, 23, 202, 26, 137, 145, 38, 73, 114, 999, 102, 999, 172, 106, 54, 17, 51, 90, 122, 139, 999, 78, 55, 83, 183, 21, 30, 52, 24, 36, 60, 167, 84, 68, 19, 85, 44, 178, 132, 999, 177, 116, 156, 43, 123, 37, 147, 59, 173, 188, 130, 186, 129, 142, 3, 3, 0, 0, 2, 1, 0, 0, 0, 1, 2, 0, 0, 3, 0, 0, 3, 1, 0, 0, 0, 0, 3, 3, 1, 3, 0, 1, 0, 0, 0, 3, 0, 0, 3, 0, 0, 0, 3, 3, 2, 2, 0, 0, 3, 0, 3, 1, 2, 2, 0, 0, 1, 0, 0, 0, 0, 1, 3, 2, 3, 0, 1, 0, 3, 2, 2, 2, 0, 2, 0, 3, 2, 0, 0, 0, 2, 0, 3, 2, 2, 3, 0, 2, 3, 3, 1, 1, 3, 3, 0, 2, 3, 3, 0, 3, 3, 3, 2, 1, 2, 1, 3, 3, 0, 0, 3, 0, 0, 3, 2, 0, 2, 2, 3, 0, 1, 0, 0, 0, 3, 2, 0, 0, 2, 1, 0, 1, 2, 0, 0, 0, 1, 3, 0, 0, 0, 0, 0, 0, 2, 1, 0, 2, 2, 0, 0, 0, 2, 2, 1, 2, 2, 0, 0, 0, 2, 3, 3, 2, 3, 3, 2, 0, 2, 1, 0, 3, 3, 3, 3, 3, 0, 0, 1, 3, 2, 0, 1, 2, 0, 0, 3, 2, 0, 2, 1, 2, 0, 2, 2, 1, 0, 3, 0, 0, 3, 0, 0, 0, 3, 0, 1, 2, 1, 0, 3, 1, 3, 2, 0, 0, 1, 0, 1, 3, 1, 3, 0, 2, 1, 2, 0, 1, 2, 1, 0, 0, 2, 0, 0, 1, 3, 3, 2, 3, 0, 1, 0, 0, 0, 0, 2, 2, 1, 0, 1, 2, 1, 3, 3, 1, 3, 0, 1, 3
RUN_2026-06-19_lowB_baselines_r1c783, 36, 0, 15, 999, 999, 207, 111, 999, 999, 999, 79, 3, 999, 999, 11, 191, 999, 4, 80, 999, 999, 999, 999, 127, 14, 10, 13, 999, 192, 999, 176, 999, 6, 999, 7, 1, 159, 999, 144, 31, 175, 12, 95, 9, 999, 16, 48, 8, 32, 47, 2, 999, 63, 160, 64, 112, 5, 999, 128, 96, 143, 154, 29, 181, 197, 135, 196, 91, 205, 141, 140, 999, 71, 65, 999, 999, 28, 81, 999, 153, 69, 117, 41, 35, 204, 134, 92, 33, 34, 40, 53, 999, 115, 72, 131, 101, 138, 174, 206, 158, 46, 107, 182, 166, 165, 999, 125, 133, 999, 202, 108, 999, 18, 169, 57, 161, 999, 149, 50, 999, 110, 190, 104, 999, 49, 126, 193, 170, 194, 103, 999, 999, 162, 150, 56, 999, 999, 179, 98, 184, 203, 97, 75, 87, 999, 180, 118, 119, 200, 163, 99, 155, 77, 61, 136, 999, 999, 113, 152, 157, 42, 168, 120, 25, 151, 164, 189, 89, 66, 67, 86, 185, 105, 82, 999, 187, 76, 100, 88, 109, 74, 39, 62, 999, 121, 148, 93, 70, 27, 171, 195, 124, 94, 201, 20, 999, 999, 45, 22, 999, 198, 58, 999, 146, 23, 999, 26, 137, 145, 38, 73, 114, 999, 102, 199, 172, 106, 54, 17, 51, 90, 122, 139, 999, 78, 55, 83, 183, 21, 30, 52, 24, 36, 60, 167, 84, 68, 19, 85, 44, 178, 132, 999, 177, 116, 156, 43, 123, 37, 147, 59, 173, 188, 130, 186, 129, 142, 3, 3, 0, 0, 2, 1, 0, 0, 0, 1, 2, 0, 0, 3, 0, 0, 3, 1, 0, 0, 0, 0, 3, 3, 1, 3, 0, 1, 0, 0, 0, 3, 0, 0, 3, 0, 0, 0, 3, 3, 2, 2, 0, 0, 3, 0, 3, 1, 2, 2, 0, 0, 1, 0, 0, 0, 0, 1, 3, 2, 3, 0, 1, 2, 3, 3, 2, 2, 0, 2, 0, 3, 2, 0, 0, 0, 2, 0, 3, 2, 2, 3, 0, 2, 3, 3, 1, 1, 3, 3, 0, 2, 3, 3, 0, 3, 3, 3, 2, 1, 2, 1, 3, 3, 0, 0, 3, 0, 0, 3, 0, 0, 2, 2, 3, 0, 1, 0, 0, 0, 3, 2, 0, 0, 2, 1, 0, 1, 2, 0, 0, 0, 1, 3, 0, 0, 0, 0, 0, 2, 2, 1, 0, 0, 2, 0, 0, 0, 2, 2, 1, 2, 2, 0, 0, 0, 2, 3, 3, 2, 3, 3, 2, 0, 2, 1, 0, 3, 3, 3, 3, 3, 0, 0, 1, 3, 2, 0, 1, 2, 0, 0, 0, 2, 0, 2, 1, 2, 0, 2, 2, 1, 1, 3, 0, 0, 3, 0, 0, 0, 3, 0, 1, 2, 0, 0, 3, 1, 3, 2, 0, 0, 1, 3, 1, 3, 1, 3, 0, 2, 1, 2, 0, 1, 2, 1, 0, 0, 2, 0, 0, 1, 3, 3, 2, 3, 0, 1, 0, 0, 0, 0, 2, 2, 1, 0, 1, 2, 1, 3, 3, 1, 3, 0, 1, 3
RUN_2026-06-19_lowB_baselines_r2c437, 0, 0, 15, 999, 999, 999, 9, 64, 999, 48, 112, 999, 3, 999, 95, 999, 999, 6, 176, 999, 207, 999, 16, 10, 999, 8, 5, 999, 143, 999, 175, 32, 159, 999, 1, 144, 999, 2, 96, 31, 999, 4, 999, 192, 127, 14, 13, 111, 999, 63, 80, 191, 128, 999, 12, 11, 160, 79, 47, 7, 999, 130, 84, 142, 999, 43, 131, 18, 146, 203, 202, 85, 42, 49, 33, 117, 70, 93, 141, 999, 86, 147, 68, 138, 77, 118, 61, 78, 62, 51, 999, 999, 114, 137, 109, 999, 999, 50, 19, 999, 21, 92, 999, 190, 198, 76, 171, 999, 197, 155, 54, 188, 53, 135, 28, 166, 151, 34, 25, 183, 999, 27, 182, 29, 81, 999, 206, 194, 91, 999, 184, 119, 178, 204, 30, 120, 158, 74, 140, 44, 156, 999, 129, 134, 23, 41, 58, 133, 59, 126, 999, 106, 73, 124, 157, 125, 57, 39, 67, 52, 107, 145, 132, 55, 56, 105, 60, 101, 89, 24, 173, 195, 100, 65, 162, 999, 45, 181, 170, 161, 174, 139, 150, 189, 999, 71, 999, 99, 999, 98, 999, 104, 88, 999, 26, 87, 165, 72, 115, 999, 177, 205, 83, 94, 110, 102, 22, 37, 136, 187, 999, 75, 193, 121, 97, 38, 199, 148, 999, 201, 200, 103, 149, 999, 152, 186, 66, 167, 154, 82, 116, 17, 108, 90, 40, 153, 196, 69, 169, 20, 185, 999, 123, 113, 36, 180, 46, 164, 999, 999, 163, 122, 172, 168, 179, 35, 999, 3, 3, 0, 0, 0, 0, 3, 0, 1, 3, 0, 1, 0, 0, 0, 0, 3, 1, 0, 1, 0, 3, 2, 0, 1, 3, 0, 3, 0, 2, 0, 0, 0, 0, 2, 0, 3, 0, 3, 0, 2, 0, 3, 0, 0, 1, 0, 0, 2, 1, 0, 2, 0, 1, 1, 3, 2, 3, 0, 0, 0, 1, 2, 0, 3, 0, 2, 0, 0, 2, 2, 3, 0, 2, 0, 1, 0, 2, 0, 2, 1, 2, 0, 2, 1, 1, 3, 3, 1, 0, 0, 2, 1, 3, 0, 0, 0, 1, 0, 0, 1, 0, 1, 0, 2, 3, 0, 3, 0, 3, 2, 1, 3, 2, 0, 1, 1, 1, 3, 0, 3, 3, 3, 2, 0, 2, 1, 0, 0, 3, 0, 3, 3, 1, 2, 2, 3, 3, 1, 2, 0, 1, 3, 3, 1, 1, 0, 0, 3, 0, 3, 3, 2, 0, 2, 0, 2, 2, 1, 2, 3, 1, 1, 3, 1, 3, 0, 0, 3, 3, 3, 1, 1, 1, 0, 3, 1, 0, 3, 0, 0, 3, 2, 0, 3, 0, 3, 0, 2, 0, 3, 1, 0, 0, 0, 0, 2, 1, 0, 1, 0, 3, 1, 3, 1, 3, 0, 1, 1, 0, 0, 2, 3, 1, 1, 2, 2, 0, 2, 2, 2, 0, 0, 1, 2, 1, 2, 2, 1, 1, 0, 0, 0, 0, 2, 2, 1, 0, 2, 2, 0, 2, 2, 1, 3, 3, 1, 0, 0, 1, 2, 3, 0, 2, 1, 0
RUN_2026-06-19_lowB_baselines_r2c437, 1, 0, 15, 999, 999, 999, 9, 64, 999, 48, 112, 192, 3, 999, 95, 999, 999, 6, 176, 999, 207, 999, 16, 10, 999, 8, 5, 999, 143, 999, 175, 32, 159, 999, 1, 144, 999, 2, 96, 31, 999, 4, 999, 999, 127, 14, 13, 111, 999, 63, 80, 191, 128, 999, 12, 11, 160, 79, 47, 7, 999, 130, 84, 142, 999, 43, 131, 18, 146, 203, 202, 85, 42, 49, 33, 117, 70, 93, 141, 999, 86, 147, 68, 138, 77, 118, 61, 78, 62, 51, 999, 999, 114, 137, 109, 999, 999, 50, 19, 999, 21, 92, 999, 190, 198, 76, 171, 999, 197, 155, 54, 188, 53, 135, 28, 166, 151, 34, 25, 183, 999, 27, 182, 29, 81, 999, 206, 194, 91, 999, 184, 119, 178, 204, 30, 120, 158, 74, 140, 44, 156, 999, 129, 134, 23, 41, 58, 133, 59, 126, 999, 106, 73, 124, 157, 125, 57, 39, 67, 52, 107, 145, 132, 55, 56, 105, 60, 101, 89, 24, 173, 195, 100, 65, 162, 999, 45, 181, 170, 161, 174, 139, 150, 189, 999, 71, 999, 99, 999, 98, 999, 104, 88, 999, 26, 87, 165, 72, 115, 999, 177, 205, 83, 94, 110, 102, 22, 37, 136, 187, 999, 75, 193, 121, 97, 38, 199, 148, 999, 201, 200, 103, 149, 999, 152, 186, 66, 167, 154, 82, 116, 17, 108, 90, 40, 153, 196, 69, 169, 20, 185, 999, 123, 113, 36, 180, 46, 164, 999, 999, 163, 122, 172, 168, 179, 35, 999, 3, 3, 0, 0, 0, 0, 3, 0, 1, 3, 1, 1, 0, 0, 0, 0, 3, 1, 0, 1, 0, 3, 2, 0, 1, 3, 0, 3, 0, 2, 0, 0, 0, 0, 2, 0, 3, 0, 3, 0, 2, 0, 0, 0, 0, 1, 0, 0, 2, 1, 0, 2, 0, 1, 1, 3, 2, 3, 0, 0, 0, 1, 2, 0, 3, 0, 2, 0, 0, 2, 2, 3, 0, 2, 0, 1, 0, 2, 0, 2, 1, 2, 0, 2, 1, 1, 3, 3, 1, 0, 0, 2, 1, 3, 0, 0, 0, 1, 0, 0, 1, 0, 1, 0, 2, 3, 0, 3, 0, 3, 2, 1, 3, 2, 0, 1, 1, 1, 3, 0, 3, 3, 3, 2, 0, 2, 1, 0, 0, 3, 0, 3, 3, 1, 2, 2, 3, 3, 1, 2, 0, 1, 3, 3, 1, 1, 0, 0, 3, 0, 3, 3, 2, 0, 2, 0, 2, 2, 1, 2, 3, 1, 1, 3, 1, 3, 0, 0, 3, 3, 3, 1, 1, 1, 0, 3, 1, 0, 3, 0, 0, 3, 2, 0, 3, 0, 3, 0, 2, 0, 3, 1, 0, 0, 0, 0, 2, 1, 0, 1, 0, 3, 1, 3, 1, 3, 0, 1, 1, 0, 0, 2, 3, 1, 1, 2, 2, 0, 2, 2, 2, 0, 0, 1, 2, 1, 2, 2, 1, 1, 0, 0, 0, 0, 2, 2, 1, 0, 2, 2, 0, 2, 2, 1, 3, 3, 1, 0, 0, 1, 2, 3, 0, 2, 1, 0
RUN_2026-06-19_lowB_baselines_r2c533, 2, 0, 15, 999, 999, 999, 10, 48, 32, 207, 143, 999, 8, 176, 999, 191, 79, 11, 112, 999, 175, 999, 999, 4, 999, 14, 3, 999, 47, 999, 999, 128, 144, 63, 1, 999, 95, 7, 999, 999, 999, 2, 127, 159, 31, 9, 6, 999, 111, 80, 64, 999, 192, 999, 5, 12, 160, 16, 96, 13, 999, 38, 39, 202, 183, 203, 200, 182, 22, 184, 82, 167, 19, 156, 999, 56, 999, 198, 134, 171, 157, 199, 23, 25, 51, 999, 108, 57, 81, 52, 145, 130, 129, 172, 24, 124, 169, 114, 170, 999, 150, 103, 119, 58, 186, 999, 999, 92, 139, 999, 35, 59, 93, 163, 201, 140, 26, 206, 999, 999, 46, 149, 110, 104, 65, 190, 43, 179, 133, 118, 44, 181, 42, 999, 36, 187, 94, 999, 185, 999, 87, 204, 180, 60, 71, 85, 999, 84, 83, 164, 88, 117, 70, 91, 116, 148, 20, 999, 54, 193, 196, 76, 75, 50, 78, 999, 161, 86, 126, 89, 136, 53, 61, 49, 33, 21, 135, 41, 123, 177, 999, 37, 40, 195, 101, 18, 27, 151, 152, 90, 105, 999, 999, 69, 165, 99, 34, 68, 999, 194, 125, 55, 106, 153, 999, 162, 999, 100, 67, 174, 142, 102, 158, 28, 109, 131, 29, 74, 98, 72, 146, 168, 115, 166, 121, 999, 173, 107, 137, 66, 120, 45, 999, 113, 205, 999, 77, 189, 999, 999, 197, 141, 188, 155, 999, 147, 132, 30, 999, 73, 178, 138, 154, 17, 97, 122, 62, 3, 3, 0, 0, 0, 0, 3, 3, 3, 1, 0, 1, 3, 0, 0, 1, 3, 1, 0, 1, 0, 0, 2, 0, 1, 3, 0, 3, 0, 0, 0, 2, 1, 0, 0, 0, 3, 0, 0, 0, 2, 2, 1, 0, 0, 1, 0, 3, 0, 1, 0, 2, 0, 1, 1, 3, 0, 1, 0, 0, 0, 0, 0, 2, 3, 1, 3, 1, 3, 0, 1, 2, 1, 0, 0, 0, 2, 3, 3, 1, 2, 2, 0, 2, 0, 2, 3, 1, 1, 1, 3, 2, 3, 0, 2, 2, 1, 1, 0, 0, 3, 2, 0, 3, 0, 0, 2, 3, 0, 1, 3, 3, 3, 0, 1, 1, 3, 0, 0, 0, 2, 3, 1, 2, 0, 3, 1, 1, 2, 3, 0, 3, 0, 1, 2, 0, 0, 2, 0, 2, 3, 1, 2, 0, 2, 0, 2, 1, 0, 2, 1, 3, 0, 2, 3, 3, 0, 1, 1, 3, 3, 2, 1, 1, 0, 1, 2, 2, 3, 1, 3, 3, 1, 0, 0, 1, 2, 1, 3, 0, 0, 0, 3, 3, 0, 1, 1, 0, 3, 0, 0, 0, 1, 3, 3, 2, 0, 0, 3, 3, 0, 2, 2, 0, 2, 0, 3, 0, 1, 2, 0, 0, 0, 2, 2, 0, 3, 2, 1, 1, 0, 3, 2, 0, 0, 0, 3, 1, 1, 2, 1, 0, 0, 3, 0, 2, 0, 0, 0, 3, 3, 2, 1, 0, 2, 2, 2, 0, 0, 0, 2, 2, 2, 3, 3, 0
RUN_2026-06-19_lowB_baselines_r2c533, 3, 0, 15, 999, 999, 999, 10, 48, 32, 207, 143, 999, 8, 176, 999, 191, 79, 11, 112, 999, 175, 999, 999, 4, 999, 14, 3, 999, 47, 999, 999, 128, 144, 63, 1, 999, 95, 7, 999, 999, 999, 2, 127, 159, 31, 9, 6, 999, 111, 80, 64, 999, 192, 999, 5, 12, 160, 16, 96, 13, 999, 38, 39, 202, 183, 203, 200, 182, 22, 184, 82, 167, 19, 156, 999, 56, 198, 999, 134, 171, 157, 199, 23, 25, 51, 999, 108, 57, 81, 52, 145, 130, 129, 172, 24, 124, 169, 114, 170, 999, 150, 103, 119, 58, 186, 999, 999, 92, 139, 999, 35, 59, 93, 163, 201, 140, 26, 206, 999, 999, 46, 149, 110, 104, 65, 190, 43, 179, 133, 118, 44, 181, 42, 999, 36, 187, 94, 999, 185, 999, 87, 204, 180, 60, 71, 85, 999, 84, 83, 164, 88, 117, 70, 91, 116, 148, 20, 999, 54, 193, 196, 76, 75, 50, 78, 999, 161, 86, 126, 89, 136, 53, 61, 49, 33, 21, 135, 41, 123, 177, 999, 37, 40, 999, 101, 18, 27, 151, 152, 90, 105, 999, 999, 69, 165, 99, 34, 68, 195, 194, 125, 55, 106, 153, 999, 162, 999, 100, 67, 174, 142, 102, 158, 28, 109, 131, 29, 74, 98, 72, 146, 168, 115, 166, 121, 999, 173, 107, 137, 66, 120, 45, 999, 113, 205, 999, 77, 189, 999, 999, 197, 141, 188, 155, 999, 147, 132, 30, 999, 73, 178, 138, 154, 17, 97, 122, 62, 3, 3, 0, 0, 0, 0, 3, 3, 3, 1, 0, 1, 3, 0, 0, 1, 3, 1, 0, 1, 0, 0, 2, 0, 1, 3, 0, 3, 0, 0, 0, 2, 1, 0, 0, 0, 3, 0, 0, 0, 2, 2, 1, 0, 0, 1, 0, 3, 0, 1, 0, 2, 0, 1, 1, 3, 0, 1, 0, 0, 0, 0, 0, 2, 3, 1, 3, 1, 3, 0, 1, 2, 1, 0, 0, 3, 0, 3, 3, 1, 2, 2, 0, 2, 0, 2, 3, 1, 1, 1, 3, 2, 3, 0, 2, 2, 1, 1, 0, 0, 3, 2, 0, 3, 0, 0, 2, 3, 0, 1, 3, 3, 3, 0, 1, 1, 3, 0, 0, 0, 2, 3, 1, 2, 0, 3, 1, 1, 2, 3, 0, 3, 0, 1, 2, 0, 0, 2, 0, 2, 3, 1, 2, 0, 2, 0, 2, 1, 0, 2, 1, 3, 0, 2, 3, 3, 0, 1, 1, 3, 3, 2, 1, 1, 0, 1, 2, 2, 3, 1, 3, 3, 1, 0, 0, 1, 2, 1, 3, 0, 0, 0, 0, 3, 0, 1, 1, 0, 3, 0, 0, 0, 1, 3, 3, 2, 0, 3, 0, 3, 0, 2, 2, 0, 2, 0, 3, 0, 1, 2, 0, 0, 0, 2, 2, 0, 3, 2, 1, 1, 0, 3, 2, 0, 0, 0, 3, 1, 1, 2, 1, 0, 0, 3, 0, 2, 0, 0, 0, 3, 3, 2, 1, 0, 2, 2, 2, 0, 0, 0, 2, 2, 2, 3, 3, 0
RUN_2026-06-19_lowB_baselines_r2c533, 4, 0, 15, 999, 999, 999, 10, 48, 32, 207, 143, 999, 8, 176, 999, 191, 79, 11, 112, 999, 175, 999, 999, 4, 999, 14, 3, 999, 47, 999, 999, 128, 144, 63, 1, 999, 95, 7, 999, 999, 999, 2, 127, 159, 31, 9, 6, 999, 111, 80, 64, 999, 192, 999, 5, 12, 160, 16, 96, 13, 999, 38, 39, 202, 183, 203, 200, 182, 22, 184, 82, 167, 19, 156, 999, 56, 999, 198, 134, 171, 157, 199, 23, 25, 51, 999, 108, 57, 81, 52, 145, 130, 129, 172, 24, 124, 169, 114, 170, 999, 150, 103, 119, 58, 186, 999, 999, 92, 139, 999, 35, 59, 93, 163, 999, 140, 26, 206, 999, 999, 46, 149, 110, 104, 65, 190, 43, 179, 133, 118, 44, 181, 42, 201, 36, 187, 94, 999, 185, 999, 87, 204, 180, 60, 71, 85, 999, 84, 83, 164, 88, 117, 70, 91, 116, 148, 20, 999, 54, 193, 196, 76, 75, 50, 78, 999, 161, 86, 126, 89, 136, 53, 61, 49, 33, 21, 135, 41, 123, 177, 999, 37, 40, 999, 101, 18, 27, 151, 152, 90, 105, 999, 999, 69, 165, 99, 34, 68, 195, 194, 125, 55, 106, 153, 999, 162, 999, 100, 67, 174, 142, 102, 158, 28, 109, 131, 29, 74, 98, 72, 146, 168, 115, 166, 121, 999, 173, 107, 137, 66, 120, 45, 999, 113, 205, 999, 77, 189, 999, 999, 197, 141, 188, 155, 999, 147, 132, 30, 999, 73, 178, 138, 154, 17, 97, 122, 62, 3, 3, 0, 0, 0, 0, 3, 3, 3, 1, 0, 1, 3, 0, 0, 1, 3, 1, 0, 1, 0, 0, 2, 0, 1, 3, 0, 3, 0, 0, 0, 2, 1, 0, 0, 0, 3, 0, 0, 0, 2, 2, 1, 0, 0, 1, 0, 3, 0, 1, 0, 2, 0, 1, 1, 3, 0, 1, 0, 0, 0, 0, 0, 2, 3, 1, 3, 1, 3, 0, 1, 2, 1, 0, 0, 0, 2, 3, 3, 1, 2, 2, 0, 2, 0, 2, 3, 1, 1, 1, 3, 2, 3, 0, 2, 2, 1, 1, 0, 0, 3, 2, 0, 3, 0, 0, 2, 3, 0, 1, 3, 3, 3, 0, 1, 1, 3, 0, 0, 0, 2, 3, 1, 2, 0, 3, 1, 1, 2, 3, 0, 3, 0, 1, 2, 0, 0, 2, 0, 2, 3, 1, 2, 0, 2, 0, 2, 1, 0, 2, 1, 3, 0, 2, 3, 3, 0, 1, 1, 3, 3, 2, 1, 1, 0, 1, 2, 2, 3, 1, 3, 3, 1, 0, 0, 1, 2, 1, 3, 0, 0, 0, 0, 3, 0, 1, 1, 0, 3, 0, 0, 0, 1, 3, 3, 2, 0, 3, 0, 3, 0, 2, 2, 0, 2, 0, 3, 0, 1, 2, 0, 0, 0, 2, 2, 0, 3, 2, 1, 1, 0, 3, 2, 0, 0, 0, 3, 1, 1, 2, 1, 0, 0, 3, 0, 2, 0, 0, 0, 3, 3, 2, 1, 0, 2, 2, 2, 0, 0, 0, 2, 2, 2, 3, 3, 0
RUN_2026-06-19_lowB_baselines_r2c533, 5, 0, 15, 999, 999, 999, 10, 48, 32, 207, 143, 999, 8, 176, 999, 191, 79, 11, 112, 999, 175, 999, 999, 4, 999, 14, 3, 999, 47, 999, 999, 128, 144, 63, 1, 999, 95, 7, 999, 999, 999, 2, 127, 159, 31, 9, 6, 999, 111, 80, 64, 999, 192, 999, 5, 12, 160, 16, 96, 13, 999, 38, 39, 202, 183, 203, 200, 182, 22, 184, 82, 167, 19, 156, 999, 56, 198, 999, 134, 171, 157, 199, 23, 25, 51, 999, 108, 57, 81, 52, 145, 130, 129, 172, 24, 124, 169, 114, 170, 999, 150, 103, 119, 58, 186, 999, 999, 92, 139, 999, 35, 59, 93, 163, 999, 140, 26, 206, 999, 999, 46, 149, 110, 104, 65, 190, 43, 179, 133, 118, 44, 181, 42, 201, 36, 187, 94, 999, 185, 999, 87, 204, 180, 60, 71, 85, 999, 84, 83, 164, 88, 117, 70, 91, 116, 148, 20, 999, 54, 193, 196, 76, 75, 50, 78, 999, 161, 86, 126, 89, 136, 53, 61, 49, 33, 21, 135, 41, 123, 177, 999, 37, 40, 999, 101, 18, 27, 151, 152, 90, 105, 999, 999, 69, 165, 99, 34, 68, 195, 194, 125, 55, 106, 153, 999, 162, 999, 100, 67, 174, 142, 102, 158, 28, 109, 131, 29, 74, 98, 72, 146, 168, 115, 166, 121, 999, 173, 107, 137, 66, 120, 45, 999, 113, 205, 999, 77, 189, 999, 999, 197, 141, 188, 155, 999, 147, 132, 30, 999, 73, 178, 138, 154, 17, 97, 122, 62, 3, 3, 0, 0, 0, 0, 3, 3, 3, 1, 0, 1, 3, 0, 0, 1, 3, 1, 0, 1, 0, 0, 2, 0, 1, 3, 0, 3, 0, 0, 0, 2, 1, 0, 0, 0, 3, 0, 0, 0, 2, 2, 1, 0, 0, 1, 0, 3, 0, 1, 0, 2, 0, 1, 1, 3, 0, 1, 0, 0, 0, 0, 0, 2, 3, 1, 3, 1, 3, 0, 1, 2, 1, 0, 0, 3, 0, 3, 3, 1, 2, 2, 0, 2, 0, 2, 3, 1, 1, 1, 3, 2, 3, 0, 2, 2, 1, 1, 0, 0, 3, 2, 0, 3, 0, 0, 2, 3, 0, 1, 3, 3, 3, 0, 1, 1, 3, 0, 0, 0, 2, 3, 1, 2, 0, 3, 1, 1, 2, 3, 0, 3, 0, 1, 2, 0, 0, 2, 0, 2, 3, 1, 2, 0, 2, 0, 2, 1, 0, 2, 1, 3, 0, 2, 3, 3, 0, 1, 1, 3, 3, 2, 1, 1, 0, 1, 2, 2, 3, 1, 3, 3, 1, 0, 0, 1, 2, 1, 3, 0, 0, 0, 0, 3, 0, 1, 1, 0, 3, 0, 0, 0, 1, 3, 3, 2, 0, 3, 0, 3, 0, 2, 2, 0, 2, 0, 3, 0, 1, 2, 0, 0, 0, 2, 2, 0, 3, 2, 1, 1, 0, 3, 2, 0, 0, 0, 3, 1, 1, 2, 1, 0, 0, 3, 0, 2, 0, 0, 0, 3, 3, 2, 1, 0, 2, 2, 2, 0, 0, 0, 2, 2, 2, 3, 3, 0
RUN_2026-06-19_lowB_baselines_r2c533, 6, 0, 15, 999, 999, 999, 10, 48, 32, 207, 143, 999, 8, 176, 999, 191, 79, 11, 112, 999, 175, 999, 999, 4, 999, 14, 3, 999, 47, 999, 999, 128, 144, 63, 1, 999, 95, 7, 999, 999, 999, 2, 127, 159, 31, 9, 6, 999, 111, 80, 64, 999, 192, 999, 5, 12, 160, 16, 96, 13, 999, 38, 39, 202, 183, 203, 200, 182, 22, 184, 82, 167, 19, 156, 999, 56, 198, 999, 134, 171, 157, 199, 23, 25, 51, 999, 108, 57, 81, 52, 145, 130, 129, 172, 24, 124, 169, 114, 170, 999, 150, 103, 119, 58, 186, 999, 999, 92, 139, 999, 35, 59, 93, 163, 999, 140, 26, 206, 999, 999, 46, 149, 110, 104, 65, 190, 43, 179, 133, 118, 44, 181, 42, 201, 36, 187, 94, 999, 185, 999, 87, 204, 180, 60, 71, 85, 999, 84, 83, 164, 88, 117, 70, 91, 116, 148, 20, 999, 54, 193, 196, 76, 75, 50, 78, 999, 161, 86, 126, 89, 136, 53, 61, 49, 33, 21, 135, 41, 123, 177, 999, 37, 40, 195, 101, 18, 27, 151, 152, 90, 105, 999, 999, 69, 165, 99, 34, 68, 999, 194, 125, 55, 106, 153, 999, 162, 999, 100, 67, 174, 142, 102, 158, 28, 109, 131, 29, 74, 98, 72, 146, 168, 115, 166, 121, 999, 173, 107, 137, 66, 120, 45, 999, 113, 205, 999, 77, 189, 999, 999, 197, 141, 188, 155, 999, 147, 132, 30, 999, 73, 178, 138, 154, 17, 97, 122, 62, 3, 3, 0, 0, 0, 0, 3, 3, 3, 1, 0, 1, 3, 0, 0, 1, 3, 1, 0, 1, 0, 0, 2, 0, 1, 3, 0, 3, 0, 0, 0, 2, 1, 0, 0, 0, 3, 0, 0, 0, 2, 2, 1, 0, 0, 1, 0, 3, 0, 1, 0, 2, 0, 1, 1, 3, 0, 1, 0, 0, 0, 0, 0, 2, 3, 1, 3, 1, 3, 0, 1, 2, 1, 0, 0, 3, 0, 3, 3, 1, 2, 2, 0, 2, 0, 2, 3, 1, 1, 1, 3, 2, 3, 0, 2, 2, 1, 1, 0, 0, 3, 2, 0, 3, 0, 0, 2, 3, 0, 1, 3, 3, 3, 0, 1, 1, 3, 0, 0, 0, 2, 3, 1, 2, 0, 3, 1, 1, 2, 3, 0, 3, 0, 1, 2, 0, 0, 2, 0, 2, 3, 1, 2, 0, 2, 0, 2, 1, 0, 2, 1, 3, 0, 2, 3, 3, 0, 1, 1, 3, 3, 2, 1, 1, 0, 1, 2, 2, 3, 1, 3, 3, 1, 0, 0, 1, 2, 1, 3, 0, 0, 0, 3, 3, 0, 1, 1, 0, 3, 0, 0, 0, 1, 3, 3, 2, 0, 0, 3, 3, 0, 2, 2, 0, 2, 0, 3, 0, 1, 2, 0, 0, 0, 2, 2, 0, 3, 2, 1, 1, 0, 3, 2, 0, 0, 0, 3, 1, 1, 2, 1, 0, 0, 3, 0, 2, 0, 0, 0, 3, 3, 2, 1, 0, 2, 2, 2, 0, 0, 0, 2, 2, 2, 3, 3, 0
RUN_2026-06-19_lowB_baselines_r2c533, 7, 0, 15, 999, 999, 999, 10, 48, 32, 207, 143, 999, 8, 176, 999, 191, 79, 11, 112, 999, 175, 999, 999, 4, 999, 14, 3, 999, 47, 999, 999, 128, 144, 63, 1, 999, 95, 7, 999, 999, 999, 2, 127, 159, 31, 9, 6, 999, 111, 80, 64, 999, 192, 999, 5, 12, 160, 16, 96, 13, 999, 38, 39, 202, 183, 203, 200, 182, 22, 184, 82, 167, 19, 156, 999, 56, 999, 198, 134, 171, 157, 199, 23, 25, 51, 999, 108, 57, 81, 52, 145, 130, 129, 172, 24, 124, 169, 114, 170, 999, 150, 103, 119, 58, 186, 999, 999, 92, 139, 999, 35, 59, 93, 163, 201, 140, 26, 206, 999, 999, 46, 149, 110, 104, 65, 190, 43, 179, 133, 118, 44, 181, 42, 999, 36, 187, 94, 999, 185, 999, 87, 204, 180, 60, 71, 85, 999, 84, 83, 164, 88, 117, 70, 91, 116, 148, 20, 999, 54, 193, 196, 76, 75, 50, 78, 999, 161, 86, 126, 89, 136, 53, 61, 49, 33, 21, 135, 41, 123, 177, 999, 37, 40, 999, 101, 18, 27, 151, 152, 90, 105, 999, 999, 69, 165, 99, 34, 68, 195, 194, 125, 55, 106, 153, 999, 162, 999, 100, 67, 174, 142, 102, 158, 28, 109, 131, 29, 74, 98, 72, 146, 168, 115, 166, 121, 999, 173, 107, 137, 66, 120, 45, 999, 113, 205, 999, 77, 189, 999, 999, 197, 141, 188, 155, 999, 147, 132, 30, 999, 73, 178, 138, 154, 17, 97, 122, 62, 3, 3, 0, 0, 0, 0, 3, 3, 3, 1, 0, 1, 3, 0, 0, 1, 3, 1, 0, 1, 0, 0, 2, 0, 1, 3, 0, 3, 0, 0, 0, 2, 1, 0, 0, 0, 3, 0, 0, 0, 2, 2, 1, 0, 0, 1, 0, 3, 0, 1, 0, 2, 0, 1, 1, 3, 0, 1, 0, 0, 0, 0, 0, 2, 3, 1, 3, 1, 3, 0, 1, 2, 1, 0, 0, 0, 2, 3, 3, 1, 2, 2, 0, 2, 0, 2, 3, 1, 1, 1, 3, 2, 3, 0, 2, 2, 1, 1, 0, 0, 3, 2, 0, 3, 0, 0, 2, 3, 0, 1, 3, 3, 3, 0, 1, 1, 3, 0, 0, 0, 2, 3, 1, 2, 0, 3, 1, 1, 2, 3, 0, 3, 0, 1, 2, 0, 0, 2, 0, 2, 3, 1, 2, 0, 2, 0, 2, 1, 0, 2, 1, 3, 0, 2, 3, 3, 0, 1, 1, 3, 3, 2, 1, 1, 0, 1, 2, 2, 3, 1, 3, 3, 1, 0, 0, 1, 2, 1, 3, 0, 0, 0, 0, 3, 0, 1, 1, 0, 3, 0, 0, 0, 1, 3, 3, 2, 0, 3, 0, 3, 0, 2, 2, 0, 2, 0, 3, 0, 1, 2, 0, 0, 0, 2, 2, 0, 3, 2, 1, 1, 0, 3, 2, 0, 0, 0, 3, 1, 1, 2, 1, 0, 0, 3, 0, 2, 0, 0, 0, 3, 3, 2, 1, 0, 2, 2, 2, 0, 0, 0, 2, 2, 2, 3, 3, 0
RUN_2026-06-19_lowB_baselines_r2c533, 8, 0, 15, 999, 999, 999, 10, 48, 32, 207, 143, 999, 8, 176, 999, 191, 79, 11, 112, 999, 175, 999, 999, 4, 999, 14, 3, 999, 47, 999, 999, 128, 144, 63, 1, 999, 95, 7, 999, 999, 999, 2, 127, 159, 31, 9, 6, 999, 111, 80, 64, 999, 192, 999, 5, 12, 160, 16, 96, 13, 999, 38, 39, 202, 183, 203, 200, 182, 22, 184, 82, 167, 19, 156, 999, 56, 999, 198, 134, 171, 157, 199, 23, 25, 51, 999, 108, 57, 81, 52, 145, 130, 129, 172, 24, 124, 169, 114, 170, 999, 150, 103, 119, 58, 186, 999, 999, 92, 139, 999, 35, 59, 93, 163, 999, 140, 26, 206, 999, 999, 46, 149, 110, 104, 65, 190, 43, 179, 133, 118, 44, 181, 42, 201, 36, 187, 94, 999, 185, 999, 87, 204, 180, 60, 71, 85, 999, 84, 83, 164, 88, 117, 70, 91, 116, 148, 20, 999, 54, 193, 196, 76, 75, 50, 78, 999, 161, 86, 126, 89, 136, 53, 61, 49, 33, 21, 135, 41, 123, 177, 999, 37, 40, 195, 101, 18, 27, 151, 152, 90, 105, 999, 999, 69, 165, 99, 34, 68, 999, 194, 125, 55, 106, 153, 999, 162, 999, 100, 67, 174, 142, 102, 158, 28, 109, 131, 29, 74, 98, 72, 146, 168, 115, 166, 121, 999, 173, 107, 137, 66, 120, 45, 999, 113, 205, 999, 77, 189, 999, 999, 197, 141, 188, 155, 999, 147, 132, 30, 999, 73, 178, 138, 154, 17, 97, 122, 62, 3, 3, 0, 0, 0, 0, 3, 3, 3, 1, 0, 1, 3, 0, 0, 1, 3, 1, 0, 1, 0, 0, 2, 0, 1, 3, 0, 3, 0, 0, 0, 2, 1, 0, 0, 0, 3, 0, 0, 0, 2, 2, 1, 0, 0, 1, 0, 3, 0, 1, 0, 2, 0, 1, 1, 3, 0, 1, 0, 0, 0, 0, 0, 2, 3, 1, 3, 1, 3, 0, 1, 2, 1, 0, 0, 0, 2, 3, 3, 1, 2, 2, 0, 2, 0, 2, 3, 1, 1, 1, 3, 2, 3, 0, 2, 2, 1, 1, 0, 0, 3, 2, 0, 3, 0, 0, 2, 3, 0, 1, 3, 3, 3, 0, 1, 1, 3, 0, 0, 0, 2, 3, 1, 2, 0, 3, 1, 1, 2, 3, 0, 3, 0, 1, 2, 0, 0, 2, 0, 2, 3, 1, 2, 0, 2, 0, 2, 1, 0, 2, 1, 3, 0, 2, 3, 3, 0, 1, 1, 3, 3, 2, 1, 1, 0, 1, 2, 2, 3, 1, 3, 3, 1, 0, 0, 1, 2, 1, 3, 0, 0, 0, 3, 3, 0, 1, 1, 0, 3, 0, 0, 0, 1, 3, 3, 2, 0, 0, 3, 3, 0, 2, 2, 0, 2, 0, 3, 0, 1, 2, 0, 0, 0, 2, 2, 0, 3, 2, 1, 1, 0, 3, 2, 0, 0, 0, 3, 1, 1, 2, 1, 0, 0, 3, 0, 2, 0, 0, 0, 3, 3, 2, 1, 0, 2, 2, 2, 0, 0, 0, 2, 2, 2, 3, 3, 0
RUN_2026-06-19_lowB_baselines_r2c533, 9, 0, 15, 999, 999, 999, 10, 48, 32, 207, 143, 999, 8, 176, 999, 191, 79, 11, 112, 999, 175, 999, 999, 4, 999, 14, 3, 999, 47, 999, 999, 128, 144, 63, 1, 999, 95, 7, 999, 999, 999, 2, 127, 159, 31, 9, 6, 999, 111, 80, 64, 999, 192, 999, 5, 12, 160, 16, 96, 13, 999, 38, 39, 202, 183, 203, 200, 182, 22, 184, 82, 167, 19, 156, 999, 56, 198, 999, 134, 171, 157, 199, 23, 25, 51, 999, 108, 57, 81, 52, 145, 130, 129, 172, 24, 124, 169, 114, 170, 999, 150, 103, 119, 58, 186, 999, 999, 92, 139, 999, 35, 59, 93, 163, 201, 140, 26, 206, 999, 999, 46, 149, 110, 104, 65, 190, 43, 179, 133, 118, 44, 181, 42, 999, 36, 187, 94, 999, 185, 999, 87, 204, 180, 60, 71, 85, 999, 84, 83, 164, 88, 117, 70, 91, 116, 148, 20, 999, 54, 193, 196, 76, 75, 50, 78, 999, 161, 86, 126, 89, 136, 53, 61, 49, 33, 21, 135, 41, 123, 177, 999, 37, 40, 195, 101, 18, 27, 151, 152, 90, 105, 999, 999, 69, 165, 99, 34, 68, 999, 194, 125, 55, 106, 153, 999, 162, 999, 100, 67, 174, 142, 102, 158, 28, 109, 131, 29, 74, 98, 72, 146, 168, 115, 166, 121, 999, 173, 107, 137, 66, 120, 45, 999, 113, 205, 999, 77, 189, 999, 999, 197, 141, 188, 155, 999, 147, 132, 30, 999, 73, 178, 138, 154, 17, 97, 122, 62, 3, 3, 0, 0, 0, 0, 3, 3, 3, 1, 0, 1, 3, 0, 0, 1, 3, 1, 0, 1, 0, 0, 2, 0, 1, 3, 0, 3, 0, 0, 0, 2, 1, 0, 0, 0, 3, 0, 0, 0, 2, 2, 1, 0, 0, 1, 0, 3, 0, 1, 0, 2, 0, 1, 1, 3, 0, 1, 0, 0, 0, 0, 0, 2, 3, 1, 3, 1, 3, 0, 1, 2, 1, 0, 0, 3, 0, 3, 3, 1, 2, 2, 0, 2, 0, 2, 3, 1, 1, 1, 3, 2, 3, 0, 2, 2, 1, 1, 0, 0, 3, 2, 0, 3, 0, 0, 2, 3, 0, 1, 3, 3, 3, 0, 1, 1, 3, 0, 0, 0, 2, 3, 1, 2, 0, 3, 1, 1, 2, 3, 0, 3, 0, 1, 2, 0, 0, 2, 0, 2, 3, 1, 2, 0, 2, 0, 2, 1, 0, 2, 1, 3, 0, 2, 3, 3, 0, 1, 1, 3, 3, 2, 1, 1, 0, 1, 2, 2, 3, 1, 3, 3, 1, 0, 0, 1, 2, 1, 3, 0, 0, 0, 3, 3, 0, 1, 1, 0, 3, 0, 0, 0, 1, 3, 3, 2, 0, 0, 3, 3, 0, 2, 2, 0, 2, 0, 3, 0, 1, 2, 0, 0, 0, 2, 2, 0, 3, 2, 1, 1, 0, 3, 2, 0, 0, 0, 3, 1, 1, 2, 1, 0, 0, 3, 0, 2, 0, 0, 0, 3, 3, 2, 1, 0, 2, 2, 2, 0, 0, 0, 2, 2, 2, 3, 3, 0
RUN_2026-06-19_lowB_baselines_r2c566, 10, 0, 15, 999, 999, 63, 11, 144, 128, 999, 80, 176, 13, 79, 999, 999, 127, 6, 32, 999, 999, 191, 160, 4, 192, 12, 3, 999, 999, 999, 999, 48, 143, 999, 1, 159, 999, 14, 999, 31, 999, 2, 999, 111, 64, 10, 9, 999, 207, 999, 47, 175, 96, 95, 8, 7, 999, 16, 112, 5, 999, 162, 999, 68, 203, 131, 100, 178, 187, 76, 75, 202, 999, 19, 999, 186, 107, 180, 109, 197, 166, 999, 163, 150, 999, 200, 195, 108, 67, 181, 66, 62, 116, 179, 115, 125, 44, 999, 146, 204, 43, 174, 173, 189, 172, 89, 52, 46, 190, 36, 121, 168, 122, 98, 72, 194, 999, 27, 69, 137, 999, 99, 188, 999, 999, 999, 185, 84, 205, 82, 158, 169, 71, 105, 999, 136, 83, 92, 171, 170, 999, 54, 129, 139, 999, 155, 70, 147, 999, 196, 30, 164, 90, 91, 86, 149, 101, 165, 113, 37, 53, 130, 126, 999, 999, 34, 154, 74, 35, 51, 999, 97, 140, 184, 999, 999, 85, 73, 161, 145, 206, 182, 55, 29, 999, 18, 134, 198, 22, 93, 106, 152, 999, 133, 141, 119, 41, 77, 38, 142, 199, 999, 87, 45, 118, 28, 42, 148, 132, 183, 94, 110, 999, 24, 25, 151, 167, 33, 138, 26, 999, 58, 59, 61, 193, 177, 88, 201, 39, 999, 157, 78, 124, 999, 81, 56, 50, 65, 20, 104, 57, 21, 23, 49, 153, 156, 102, 120, 117, 999, 123, 40, 135, 17, 114, 103, 60, 3, 3, 0, 0, 2, 0, 3, 3, 0, 3, 1, 1, 1, 0, 0, 1, 3, 1, 0, 0, 3, 3, 2, 2, 1, 3, 0, 0, 0, 0, 0, 0, 0, 0, 0, 0, 3, 0, 3, 0, 2, 0, 1, 2, 0, 1, 0, 3, 0, 3, 0, 2, 3, 1, 1, 0, 0, 1, 0, 0, 0, 0, 2, 3, 0, 3, 2, 2, 0, 2, 0, 0, 0, 0, 0, 0, 3, 3, 0, 2, 0, 3, 3, 0, 0, 2, 3, 3, 1, 2, 0, 0, 3, 1, 2, 0, 0, 0, 3, 1, 2, 1, 0, 3, 2, 3, 2, 1, 0, 1, 1, 3, 2, 2, 2, 0, 1, 0, 1, 0, 1, 3, 0, 0, 0, 0, 1, 1, 2, 2, 2, 2, 3, 0, 0, 1, 3, 2, 3, 0, 2, 3, 2, 0, 3, 3, 1, 0, 2, 3, 1, 1, 1, 1, 3, 3, 2, 3, 1, 3, 0, 1, 0, 0, 2, 1, 0, 1, 1, 0, 3, 3, 0, 0, 0, 3, 0, 0, 2, 1, 2, 2, 2, 0, 0, 0, 2, 3, 1, 2, 0, 0, 3, 0, 2, 3, 1, 3, 1, 1, 0, 2, 3, 0, 0, 2, 2, 0, 1, 2, 0, 0, 0, 1, 3, 3, 2, 2, 0, 0, 3, 3, 1, 2, 2, 3, 1, 3, 0, 1, 1, 0, 0, 0, 2, 1, 3, 3, 2, 1, 1, 3, 0, 0, 1, 3, 1, 0, 0, 1, 3, 3, 2, 0, 1, 1
RUN_2026-06-19_lowB_baselines_r3c680, 0, 0, 999, 15, 999, 999, 176, 48, 999, 9, 96, 144, 32, 999, 6, 160, 999, 2, 79, 128, 14, 159, 999, 999, 112, 64, 999, 999, 10, 11, 999, 1, 999, 999, 31, 12, 4, 5, 7, 175, 63, 999, 16, 80, 207, 999, 47, 999, 999, 127, 8, 143, 999, 191, 999, 111, 999, 192, 95, 13, 3, 125, 83, 999, 150, 126, 60, 999, 134, 203, 61, 82, 71, 206, 999, 181, 170, 171, 90, 183, 109, 172, 205, 72, 204, 116, 166, 124, 999, 117, 999, 184, 99, 106, 999, 36, 999, 999, 182, 186, 20, 999, 161, 131, 999, 999, 180, 115, 145, 147, 163, 139, 26, 119, 59, 164, 57, 130, 102, 177, 105, 88, 999, 140, 999, 999, 999, 141, 155, 103, 24, 118, 58, 142, 56, 104, 89, 999, 136, 152, 151, 156, 187, 137, 29, 37, 135, 21, 87, 121, 999, 27, 55, 39, 999, 45, 44, 110, 153, 50, 201, 157, 34, 185, 158, 107, 68, 196, 188, 51, 148, 49, 69, 179, 195, 999, 167, 133, 123, 30, 193, 146, 999, 132, 76, 168, 200, 70, 18, 74, 999, 197, 169, 97, 199, 108, 138, 174, 173, 113, 122, 35, 154, 52, 84, 162, 19, 91, 75, 25, 86, 77, 178, 66, 120, 101, 22, 62, 194, 53, 23, 202, 92, 165, 73, 41, 81, 85, 189, 40, 999, 114, 999, 999, 54, 67, 190, 999, 38, 78, 999, 65, 999, 17, 46, 129, 28, 198, 43, 100, 42, 149, 98, 33, 93, 94, 999, 3, 0, 1, 0, 0, 3, 3, 0, 2, 3, 1, 0, 0, 3, 2, 0, 3, 3, 3, 0, 3, 0, 0, 2, 0, 0, 0, 2, 0, 0, 1, 0, 0, 1, 3, 3, 3, 1, 3, 3, 0, 0, 3, 0, 0, 2, 0, 0, 2, 2, 0, 0, 3, 0, 2, 0, 0, 3, 0, 1, 3, 3, 0, 0, 1, 2, 0, 1, 2, 0, 0, 3, 3, 0, 0, 1, 3, 3, 3, 0, 1, 1, 0, 0, 3, 0, 1, 0, 1, 0, 2, 0, 0, 0, 2, 0, 0, 1, 0, 2, 0, 2, 3, 0, 0, 3, 3, 0, 0, 0, 2, 0, 0, 2, 0, 0, 2, 2, 1, 2, 3, 0, 3, 0, 0, 0, 0, 3, 0, 0, 0, 2, 0, 3, 0, 1, 0, 2, 3, 0, 2, 1, 0, 3, 3, 0, 1, 0, 2, 0, 2, 2, 2, 0, 1, 2, 0, 0, 3, 3, 0, 2, 2, 3, 3, 0, 0, 1, 3, 1, 3, 3, 3, 2, 0, 0, 0, 3, 2, 3, 2, 0, 0, 3, 3, 0, 1, 3, 1, 0, 0, 1, 0, 0, 2, 2, 2, 0, 2, 2, 0, 0, 1, 2, 0, 1, 0, 3, 2, 1, 0, 0, 1, 0, 3, 0, 0, 2, 1, 3, 3, 0, 2, 1, 3, 1, 0, 0, 2, 0, 1, 0, 0, 2, 1, 3, 0, 3, 3, 0, 0, 0, 0, 3, 0, 2, 3, 0, 2, 2, 0, 1, 1, 2, 3, 0
RUN_2026-06-19_lowB_baselines_r3c510, 1, 0, 999, 15, 999, 999, 112, 16, 999, 9, 95, 144, 48, 80, 12, 128, 175, 7, 999, 999, 6, 999, 999, 207, 96, 999, 191, 999, 4, 1, 999, 5, 999, 999, 31, 2, 10, 11, 13, 111, 159, 999, 32, 999, 999, 79, 143, 63, 47, 999, 8, 999, 64, 999, 127, 176, 999, 160, 192, 14, 3, 182, 179, 20, 163, 27, 190, 117, 155, 26, 116, 109, 135, 999, 178, 75, 183, 158, 134, 187, 28, 108, 174, 78, 198, 123, 122, 139, 171, 76, 999, 25, 21, 999, 999, 62, 42, 147, 166, 140, 41, 999, 46, 999, 205, 145, 91, 65, 194, 193, 39, 152, 172, 45, 999, 151, 101, 40, 188, 24, 74, 129, 196, 107, 98, 999, 30, 161, 197, 173, 49, 82, 206, 189, 19, 73, 113, 149, 124, 162, 154, 146, 17, 138, 170, 137, 133, 156, 125, 157, 103, 126, 999, 119, 999, 999, 999, 999, 150, 66, 999, 999, 67, 999, 104, 36, 195, 89, 102, 181, 77, 203, 999, 999, 92, 999, 52, 177, 999, 169, 88, 18, 204, 168, 68, 53, 37, 54, 23, 184, 200, 136, 33, 201, 56, 55, 167, 999, 81, 97, 121, 61, 999, 141, 130, 999, 34, 120, 100, 90, 70, 185, 29, 999, 999, 43, 69, 84, 72, 115, 71, 58, 57, 999, 94, 202, 118, 93, 105, 110, 114, 106, 59, 142, 87, 86, 180, 999, 199, 148, 22, 165, 164, 132, 38, 44, 186, 99, 131, 85, 83, 35, 153, 51, 50, 999, 60, 3, 0, 1, 0, 0, 3, 3, 0, 2, 1, 1, 0, 3, 3, 2, 1, 3, 0, 0, 0, 0, 0, 3, 2, 0, 0, 0, 2, 0, 0, 1, 0, 0, 1, 3, 3, 3, 1, 3, 3, 0, 0, 0, 0, 1, 2, 0, 3, 0, 2, 0, 2, 0, 2, 0, 0, 0, 1, 0, 1, 0, 0, 0, 2, 1, 2, 0, 1, 3, 2, 2, 1, 0, 1, 0, 2, 0, 2, 2, 1, 3, 0, 1, 3, 1, 1, 1, 2, 1, 0, 1, 3, 0, 0, 0, 1, 1, 0, 3, 0, 0, 2, 0, 3, 2, 1, 1, 1, 3, 1, 3, 1, 2, 0, 3, 3, 0, 2, 2, 2, 1, 0, 2, 3, 0, 0, 1, 2, 0, 2, 1, 0, 2, 3, 0, 1, 0, 3, 3, 3, 3, 3, 3, 1, 0, 1, 2, 1, 3, 0, 1, 0, 2, 0, 0, 0, 0, 0, 0, 0, 0, 3, 0, 3, 3, 0, 0, 3, 1, 1, 2, 0, 0, 0, 0, 0, 1, 0, 0, 2, 2, 0, 3, 2, 3, 0, 3, 1, 0, 2, 1, 3, 1, 2, 0, 3, 0, 1, 2, 2, 1, 0, 3, 2, 0, 2, 0, 0, 0, 3, 3, 0, 0, 0, 1, 2, 1, 1, 2, 0, 0, 2, 0, 1, 3, 2, 0, 1, 2, 2, 3, 0, 1, 2, 3, 1, 0, 2, 0, 1, 0, 1, 3, 2, 1, 1, 0, 2, 2, 3, 1, 2, 2, 3, 0, 2
RUN_2026-06-19_lowB_baselines_r3c510, 2, 0, 999, 15, 999, 999, 112, 16, 999, 9, 95, 144, 48, 80, 12, 128, 175, 7, 999, 207, 6, 999, 999, 999, 96, 999, 191, 999, 4, 1, 999, 5, 999, 999, 31, 2, 10, 11, 13, 111, 159, 999, 32, 999, 999, 79, 143, 63, 47, 999, 8, 999, 64, 999, 127, 176, 999, 160, 192, 14, 3, 182, 179, 20, 163, 27, 190, 117, 155, 26, 116, 109, 135, 999, 178, 75, 183, 158, 134, 187, 28, 108, 174, 78, 198, 123, 122, 139, 171, 76, 999, 25, 21, 999, 999, 62, 42, 147, 166, 140, 41, 999, 46, 999, 999, 145, 91, 65, 194, 193, 39, 152, 172, 45, 999, 151, 101, 40, 188, 24, 74, 129, 196, 107, 98, 999, 30, 161, 197, 173, 49, 82, 999, 189, 19, 73, 113, 149, 124, 162, 154, 146, 17, 138, 170, 137, 133, 156, 125, 157, 103, 126, 999, 119, 202, 999, 999, 205, 150, 66, 999, 203, 67, 999, 104, 36, 195, 89, 102, 181, 77, 999, 999, 999, 92, 204, 52, 177, 999, 169, 88, 18, 999, 168, 68, 53, 37, 54, 23, 184, 200, 136, 33, 206, 56, 55, 167, 999, 81, 97, 121, 61, 201, 141, 130, 999, 34, 120, 100, 90, 70, 185, 29, 999, 999, 43, 69, 84, 72, 115, 71, 58, 57, 999, 94, 999, 118, 93, 105, 110, 114, 106, 59, 142, 87, 86, 180, 999, 199, 148, 22, 165, 164, 132, 38, 44, 186, 99, 131, 85, 83, 35, 153, 51, 50, 999, 60, 3, 0, 1, 0, 0, 3, 3, 0, 2, 1, 1, 0, 3, 3, 2, 1, 3, 0, 1, 0, 0, 0, 0, 2, 0, 0, 0, 2, 0, 0, 1, 0, 0, 1, 3, 3, 3, 1, 3, 3, 0, 0, 0, 0, 1, 2, 0, 3, 0, 2, 0, 2, 0, 2, 0, 0, 0, 1, 0, 1, 0, 0, 0, 2, 1, 2, 0, 1, 3, 2, 2, 1, 0, 1, 0, 2, 0, 2, 2, 1, 3, 0, 1, 3, 1, 1, 1, 2, 1, 0, 1, 3, 0, 0, 0, 1, 1, 0, 3, 0, 0, 2, 0, 0, 2, 1, 1, 1, 3, 1, 3, 1, 2, 0, 3, 3, 0, 2, 2, 2, 1, 0, 2, 3, 0, 0, 1, 2, 0, 2, 1, 0, 2, 3, 0, 1, 0, 3, 3, 3, 3, 3, 3, 1, 0, 1, 2, 1, 3, 0, 1, 0, 2, 2, 0, 0, 0, 0, 0, 0, 2, 3, 0, 3, 3, 0, 0, 3, 1, 1, 0, 0, 0, 0, 2, 0, 1, 0, 0, 2, 2, 0, 3, 2, 3, 0, 3, 1, 0, 2, 1, 3, 2, 2, 0, 3, 0, 1, 2, 2, 1, 1, 3, 2, 0, 2, 0, 0, 0, 3, 3, 0, 0, 0, 1, 2, 1, 1, 2, 0, 0, 2, 0, 1, 0, 2, 0, 1, 2, 2, 3, 0, 1, 2, 3, 1, 0, 2, 0, 1, 0, 1, 3, 2, 1, 1, 0, 2, 2, 3, 1, 2, 2, 3, 0, 2
RUN_2026-06-19_lowB_baselines_r3c510, 3, 0, 999, 15, 999, 999, 112, 16, 999, 9, 95, 144, 48, 80, 12, 128, 175, 7, 999, 999, 6, 999, 999, 207, 96, 999, 191, 999, 4, 1, 999, 5, 999, 999, 31, 2, 10, 11, 13, 111, 159, 999, 32, 999, 999, 79, 143, 63, 47, 999, 8, 999, 64, 999, 127, 176, 999, 160, 192, 14, 3, 182, 179, 20, 163, 27, 190, 117, 155, 26, 116, 109, 135, 999, 178, 75, 183, 158, 134, 187, 28, 108, 174, 78, 198, 123, 122, 139, 171, 76, 999, 25, 21, 999, 999, 62, 42, 147, 166, 140, 41, 999, 46, 999, 205, 145, 91, 65, 194, 193, 39, 152, 172, 45, 999, 151, 101, 40, 188, 24, 74, 129, 196, 107, 98, 999, 30, 161, 197, 173, 49, 82, 206, 189, 19, 73, 113, 149, 124, 162, 154, 146, 17, 138, 170, 137, 133, 156, 125, 157, 103, 126, 200, 119, 999, 201, 999, 999, 150, 66, 999, 999, 67, 999, 104, 36, 195, 89, 102, 181, 77, 203, 999, 999, 92, 999, 52, 177, 999, 169, 88, 18, 204, 168, 68, 53, 37, 54, 23, 184, 999, 136, 33, 999, 56, 55, 167, 999, 81, 97, 121, 61, 202, 141, 130, 999, 34, 120, 100, 90, 70, 185, 29, 999, 999, 43, 69, 84, 72, 115, 71, 58, 57, 199, 94, 999, 118, 93, 105, 110, 114, 106, 59, 142, 87, 86, 180, 999, 999, 148, 22, 165, 164, 132, 38, 44, 186, 99, 131, 85, 83, 35, 153, 51, 50, 999, 60, 3, 0, 1, 0, 0, 3, 3, 0, 2, 1, 1, 0, 3, 3, 2, 1, 3, 0, 0, 0, 0, 0, 3, 2, 0, 0, 0, 2, 0, 0, 1, 0, 0, 1, 3, 3, 3, 1, 3, 3, 0, 0, 0, 0, 1, 2, 0, 3, 0, 2, 0, 2, 0, 2, 0, 0, 0, 1, 0, 1, 0, 0, 0, 2, 1, 2, 0, 1, 3, 2, 2, 1, 0, 1, 0, 2, 0, 2, 2, 1, 3, 0, 1, 3, 1, 1, 1, 2, 1, 0, 1, 3, 0, 0, 0, 1, 1, 0, 3, 0, 0, 2, 0, 3, 2, 1, 1, 1, 3, 1, 3, 1, 2, 0, 3, 3, 0, 2, 2, 2, 1, 0, 2, 3, 0, 0, 1, 2, 0, 2, 1, 0, 2, 3, 0, 1, 0, 3, 3, 3, 3, 3, 3, 1, 0, 1, 2, 1, 3, 0, 1, 3, 2, 0, 0, 0, 0, 0, 0, 0, 0, 3, 0, 3, 3, 0, 0, 3, 1, 1, 2, 0, 0, 0, 0, 0, 1, 0, 0, 2, 2, 0, 3, 2, 3, 0, 3, 1, 0, 0, 1, 3, 0, 2, 0, 3, 0, 1, 2, 2, 1, 0, 3, 2, 0, 2, 0, 0, 0, 3, 3, 0, 0, 0, 1, 2, 1, 1, 2, 0, 0, 2, 0, 1, 0, 2, 0, 1, 2, 2, 3, 0, 1, 2, 3, 1, 0, 0, 0, 1, 0, 1, 3, 2, 1, 1, 0, 2, 2, 3, 1, 2, 2, 3, 0, 2
RUN_2026-06-19_lowB_baselines_r3c510, 4, 0, 999, 15, 999, 999, 112, 16, 999, 9, 95, 144, 48, 80, 12, 128, 175, 7, 999, 999, 6, 999, 207, 999, 96, 999, 191, 999, 4, 1, 999, 5, 999, 999, 31, 2, 10, 11, 13, 111, 159, 999, 32, 999, 999, 79, 143, 63, 47, 999, 8, 999, 64, 999, 127, 176, 999, 160, 192, 14, 3, 182, 179, 20, 163, 27, 190, 117, 155, 26, 116, 109, 135, 999, 178, 75, 183, 158, 134, 187, 28, 108, 174, 78, 198, 123, 122, 139, 171, 76, 999, 25, 21, 999, 999, 62, 42, 147, 166, 140, 41, 999, 46, 999, 205, 145, 91, 65, 194, 193, 39, 152, 172, 45, 999, 151, 101, 40, 188, 24, 74, 129, 196, 107, 98, 999, 30, 161, 197, 173, 49, 82, 206, 189, 19, 73, 113, 149, 124, 162, 154, 146, 17, 138, 170, 137, 133, 156, 125, 157, 103, 126, 200, 119, 999, 201, 999, 999, 150, 66, 999, 999, 67, 999, 104, 36, 195, 89, 102, 181, 77, 203, 999, 999, 92, 999, 52, 177, 999, 169, 88, 18, 204, 168, 68, 53, 37, 54, 23, 184, 999, 136, 33, 999, 56, 55, 167, 999, 81, 97, 121, 61, 202, 141, 130, 999, 34, 120, 100, 90, 70, 185, 29, 999, 999, 43, 69, 84, 72, 115, 71, 58, 57, 199, 94, 999, 118, 93, 105, 110, 114, 106, 59, 142, 87, 86, 180, 999, 999, 148, 22, 165, 164, 132, 38, 44, 186, 99, 131, 85, 83, 35, 153, 51, 50, 999, 60, 3, 0, 1, 0, 0, 3, 3, 0, 2, 1, 1, 0, 3, 3, 2, 1, 3, 0, 0, 0, 0, 1, 0, 2, 0, 0, 0, 2, 0, 0, 1, 0, 0, 1, 3, 3, 3, 1, 3, 3, 0, 0, 0, 0, 1, 2, 0, 3, 0, 2, 0, 2, 0, 2, 0, 0, 0, 1, 0, 1, 0, 0, 0, 2, 1, 2, 0, 1, 3, 2, 2, 1, 0, 1, 0, 2, 0, 2, 2, 1, 3, 0, 1, 3, 1, 1, 1, 2, 1, 0, 1, 3, 0, 0, 0, 1, 1, 0, 3, 0, 0, 2, 0, 3, 2, 1, 1, 1, 3, 1, 3, 1, 2, 0, 3, 3, 0, 2, 2, 2, 1, 0, 2, 3, 0, 0, 1, 2, 0, 2, 1, 0, 2, 3, 0, 1, 0, 3, 3, 3, 3, 3, 3, 1, 0, 1, 2, 1, 3, 0, 1, 3, 2, 0, 0, 0, 0, 0, 0, 0, 0, 3, 0, 3, 3, 0, 0, 3, 1, 1, 2, 0, 0, 0, 0, 0, 1, 0, 0, 2, 2, 0, 3, 2, 3, 0, 3, 1, 0, 0, 1, 3, 0, 2, 0, 3, 0, 1, 2, 2, 1, 0, 3, 2, 0, 2, 0, 0, 0, 3, 3, 0, 0, 0, 1, 2, 1, 1, 2, 0, 0, 2, 0, 1, 0, 2, 0, 1, 2, 2, 3, 0, 1, 2, 3, 1, 0, 0, 0, 1, 0, 1, 3, 2, 1, 1, 0, 2, 2, 3, 1, 2, 2, 3, 0, 2
RUN_2026-06-19_lowB_baselines_r3c510, 5, 0, 999, 15, 999, 999, 112, 16, 999, 9, 95, 144, 48, 80, 12, 128, 175, 7, 999, 999, 6, 999, 207, 999, 96, 999, 191, 999, 4, 1, 999, 5, 999, 999, 31, 2, 10, 11, 13, 111, 159, 999, 32, 999, 999, 79, 143, 63, 47, 999, 8, 999, 64, 999, 127, 176, 999, 160, 192, 14, 3, 182, 179, 20, 163, 27, 190, 117, 155, 26, 116, 109, 135, 999, 178, 75, 183, 158, 134, 187, 28, 108, 174, 78, 198, 123, 122, 139, 171, 76, 999, 25, 21, 999, 999, 62, 42, 147, 166, 140, 41, 999, 46, 999, 205, 145, 91, 65, 194, 193, 39, 152, 172, 45, 999, 151, 101, 40, 188, 24, 74, 129, 196, 107, 98, 999, 30, 161, 197, 173, 49, 82, 206, 189, 19, 73, 113, 149, 124, 162, 154, 146, 17, 138, 170, 137, 133, 156, 125, 157, 103, 126, 999, 119, 999, 999, 999, 999, 150, 66, 999, 999, 67, 999, 104, 36, 195, 89, 102, 181, 77, 203, 999, 999, 92, 999, 52, 177, 999, 169, 88, 18, 204, 168, 68, 53, 37, 54, 23, 184, 200, 136, 33, 201, 56, 55, 167, 999, 81, 97, 121, 61, 999, 141, 130, 999, 34, 120, 100, 90, 70, 185, 29, 999, 999, 43, 69, 84, 72, 115, 71, 58, 57, 999, 94, 202, 118, 93, 105, 110, 114, 106, 59, 142, 87, 86, 180, 999, 199, 148, 22, 165, 164, 132, 38, 44, 186, 99, 131, 85, 83, 35, 153, 51, 50, 999, 60, 3, 0, 1, 0, 0, 3, 3, 0, 2, 1, 1, 0, 3, 3, 2, 1, 3, 0, 0, 0, 0, 1, 0, 2, 0, 0, 0, 2, 0, 0, 1, 0, 0, 1, 3, 3, 3, 1, 3, 3, 0, 0, 0, 0, 1, 2, 0, 3, 0, 2, 0, 2, 0, 2, 0, 0, 0, 1, 0, 1, 0, 0, 0, 2, 1, 2, 0, 1, 3, 2, 2, 1, 0, 1, 0, 2, 0, 2, 2, 1, 3, 0, 1, 3, 1, 1, 1, 2, 1, 0, 1, 3, 0, 0, 0, 1, 1, 0, 3, 0, 0, 2, 0, 3, 2, 1, 1, 1, 3, 1, 3, 1, 2, 0, 3, 3, 0, 2, 2, 2, 1, 0, 2, 3, 0, 0, 1, 2, 0, 2, 1, 0, 2, 3, 0, 1, 0, 3, 3, 3, 3, 3, 3, 1, 0, 1, 2, 1, 3, 0, 1, 0, 2, 0, 0, 0, 0, 0, 0, 0, 0, 3, 0, 3, 3, 0, 0, 3, 1, 1, 2, 0, 0, 0, 0, 0, 1, 0, 0, 2, 2, 0, 3, 2, 3, 0, 3, 1, 0, 2, 1, 3, 1, 2, 0, 3, 0, 1, 2, 2, 1, 0, 3, 2, 0, 2, 0, 0, 0, 3, 3, 0, 0, 0, 1, 2, 1, 1, 2, 0, 0, 2, 0, 1, 3, 2, 0, 1, 2, 2, 3, 0, 1, 2, 3, 1, 0, 2, 0, 1, 0, 1, 3, 2, 1, 1, 0, 2, 2, 3, 1, 2, 2, 3, 0, 2
RUN_2026-06-19_lowB_baselines_r3c773, 6, 0, 999, 15, 999, 128, 160, 80, 999, 3, 112, 999, 64, 32, 6, 176, 999, 9, 999, 191, 14, 95, 207, 159, 144, 999, 999, 999, 12, 11, 999, 13, 31, 192, 47, 1, 4, 5, 7, 999, 79, 999, 96, 143, 999, 48, 127, 111, 63, 999, 2, 175, 16, 999, 999, 999, 999, 999, 999, 8, 10, 999, 196, 141, 180, 40, 179, 999, 999, 999, 23, 68, 39, 148, 30, 197, 137, 97, 201, 42, 113, 29, 999, 38, 203, 131, 85, 125, 164, 86, 129, 999, 999, 999, 37, 195, 24, 130, 84, 121, 41, 18, 166, 62, 157, 170, 110, 194, 186, 19, 178, 51, 28, 61, 91, 67, 117, 151, 140, 199, 198, 94, 999, 78, 154, 177, 999, 92, 167, 150, 165, 174, 158, 118, 134, 135, 161, 43, 173, 76, 103, 999, 187, 35, 999, 45, 27, 169, 55, 56, 75, 36, 82, 189, 999, 54, 999, 83, 102, 21, 168, 999, 44, 999, 999, 119, 999, 172, 81, 74, 120, 77, 104, 171, 132, 22, 87, 999, 17, 193, 109, 999, 188, 123, 122, 999, 33, 58, 90, 146, 52, 142, 72, 49, 205, 999, 153, 89, 73, 145, 139, 115, 93, 204, 57, 163, 25, 106, 98, 65, 66, 162, 185, 181, 126, 69, 26, 71, 147, 99, 149, 105, 156, 133, 88, 34, 50, 101, 46, 999, 60, 100, 152, 124, 108, 202, 190, 183, 999, 155, 999, 59, 136, 999, 138, 70, 53, 999, 182, 206, 184, 107, 999, 116, 200, 20, 114, 3, 0, 1, 0, 0, 3, 3, 0, 2, 3, 0, 0, 3, 3, 2, 0, 3, 0, 1, 0, 3, 1, 3, 2, 0, 0, 0, 2, 0, 0, 1, 0, 3, 1, 3, 3, 3, 1, 0, 3, 0, 0, 1, 0, 3, 2, 0, 3, 0, 2, 0, 2, 0, 0, 0, 0, 0, 0, 0, 1, 0, 1, 3, 2, 0, 3, 0, 0, 0, 3, 1, 2, 2, 3, 2, 3, 0, 3, 1, 2, 3, 0, 0, 3, 1, 1, 2, 2, 1, 0, 0, 0, 0, 0, 2, 3, 0, 2, 2, 1, 2, 2, 2, 2, 0, 3, 1, 0, 1, 2, 2, 0, 2, 0, 2, 2, 3, 2, 1, 0, 0, 0, 2, 1, 2, 0, 0, 3, 3, 1, 0, 0, 2, 3, 2, 1, 0, 1, 1, 0, 0, 1, 1, 0, 3, 1, 2, 3, 0, 0, 1, 3, 0, 0, 2, 0, 1, 2, 3, 0, 0, 3, 0, 0, 1, 0, 0, 1, 1, 3, 3, 3, 3, 0, 2, 3, 0, 2, 0, 2, 0, 2, 2, 0, 0, 3, 3, 2, 0, 0, 0, 3, 2, 2, 0, 2, 0, 2, 3, 0, 2, 1, 0, 0, 1, 3, 1, 3, 2, 3, 1, 0, 1, 2, 1, 3, 1, 1, 0, 0, 2, 3, 0, 3, 3, 3, 1, 1, 0, 3, 2, 1, 1, 2, 2, 3, 1, 0, 2, 0, 0, 2, 0, 0, 1, 1, 0, 3, 1, 0, 1, 0, 2, 1, 1, 0
RUN_2026-06-19_lowB_baselines_r3c111, 7, 0, 999, 15, 999, 999, 999, 16, 207, 7, 160, 175, 64, 999, 5, 159, 999, 3, 47, 999, 14, 95, 999, 999, 32, 191, 143, 999, 1, 11, 999, 2, 127, 31, 112, 12, 8, 6, 9, 999, 79, 111, 999, 48, 128, 80, 999, 96, 144, 192, 4, 999, 176, 999, 63, 999, 999, 999, 999, 13, 10, 88, 53, 183, 52, 90, 57, 199, 999, 59, 182, 75, 135, 193, 140, 58, 205, 139, 188, 133, 198, 999, 114, 69, 89, 999, 87, 999, 134, 206, 142, 999, 124, 999, 94, 98, 72, 51, 125, 172, 93, 999, 83, 197, 196, 60, 999, 67, 999, 17, 186, 202, 148, 147, 999, 82, 200, 162, 181, 103, 180, 168, 104, 132, 120, 184, 20, 999, 163, 158, 146, 169, 185, 44, 999, 203, 102, 130, 999, 999, 170, 999, 122, 101, 29, 204, 27, 106, 167, 129, 41, 100, 151, 999, 43, 157, 115, 91, 119, 999, 36, 171, 22, 45, 173, 195, 999, 25, 137, 123, 68, 39, 161, 121, 155, 177, 154, 136, 145, 30, 117, 40, 156, 110, 178, 201, 97, 165, 999, 149, 84, 194, 38, 81, 85, 999, 54, 999, 65, 126, 179, 19, 116, 73, 109, 28, 56, 166, 74, 34, 42, 187, 174, 113, 71, 70, 190, 999, 76, 107, 24, 35, 92, 26, 23, 18, 138, 999, 46, 150, 999, 66, 108, 153, 999, 152, 131, 49, 189, 105, 164, 78, 999, 999, 37, 141, 77, 61, 50, 999, 21, 62, 99, 33, 118, 55, 86, 3, 0, 1, 0, 0, 0, 3, 1, 2, 3, 3, 0, 0, 3, 0, 0, 3, 3, 0, 0, 3, 0, 0, 2, 2, 0, 0, 2, 0, 0, 1, 0, 1, 3, 3, 3, 3, 1, 0, 3, 3, 0, 3, 2, 3, 0, 2, 1, 0, 2, 0, 2, 0, 2, 0, 0, 0, 0, 0, 1, 3, 3, 2, 3, 3, 2, 0, 0, 3, 2, 3, 1, 3, 3, 2, 0, 3, 1, 3, 3, 0, 0, 1, 2, 0, 1, 0, 3, 1, 2, 0, 1, 0, 2, 0, 3, 0, 1, 2, 1, 0, 2, 2, 3, 0, 0, 3, 0, 2, 3, 1, 0, 3, 0, 3, 1, 1, 0, 1, 0, 3, 1, 0, 3, 2, 2, 0, 3, 2, 2, 2, 2, 1, 0, 2, 3, 3, 0, 0, 2, 0, 3, 3, 3, 1, 1, 1, 0, 1, 1, 3, 0, 0, 1, 3, 3, 1, 3, 0, 1, 2, 0, 0, 0, 2, 0, 3, 1, 3, 1, 1, 0, 3, 2, 2, 2, 0, 1, 2, 1, 2, 2, 2, 1, 2, 2, 0, 0, 3, 2, 2, 2, 2, 2, 0, 1, 0, 1, 2, 2, 0, 0, 3, 0, 1, 0, 0, 3, 2, 2, 2, 0, 1, 1, 3, 1, 0, 0, 0, 0, 0, 1, 2, 2, 3, 2, 0, 0, 2, 0, 1, 1, 2, 0, 2, 1, 3, 0, 2, 3, 3, 0, 0, 2, 3, 1, 0, 1, 0, 0, 1, 3, 3, 1, 2, 0
RUN_2026-06-19_lowB_baselines_r3c111, 8, 0, 999, 15, 999, 999, 999, 16, 207, 7, 160, 175, 64, 999, 5, 159, 999, 3, 47, 999, 14, 95, 999, 999, 32, 191, 143, 999, 1, 11, 999, 2, 127, 31, 112, 12, 8, 6, 9, 999, 79, 111, 999, 48, 128, 80, 999, 96, 144, 192, 4, 999, 176, 999, 63, 999, 999, 999, 999, 13, 10, 88, 53, 183, 52, 90, 57, 199, 999, 59, 182, 75, 135, 193, 140, 58, 205, 139, 188, 133, 198, 999, 114, 69, 89, 999, 87, 999, 134, 206, 142, 999, 124, 999, 94, 98, 72, 51, 125, 172, 93, 999, 83, 197, 196, 60, 999, 67, 999, 17, 186, 202, 148, 147, 999, 82, 200, 162, 181, 103, 180, 168, 104, 132, 120, 184, 20, 999, 163, 158, 146, 169, 185, 44, 999, 203, 102, 130, 999, 999, 170, 999, 122, 101, 29, 204, 27, 106, 167, 129, 41, 100, 151, 999, 43, 157, 115, 91, 119, 999, 36, 171, 22, 45, 173, 195, 999, 25, 137, 123, 68, 39, 161, 121, 155, 177, 154, 136, 145, 30, 117, 40, 156, 110, 178, 201, 97, 165, 999, 149, 84, 194, 38, 81, 85, 999, 54, 999, 65, 126, 179, 19, 116, 73, 109, 28, 56, 166, 74, 34, 42, 187, 174, 113, 71, 70, 190, 999, 76, 107, 24, 35, 92, 26, 23, 18, 138, 999, 46, 150, 999, 66, 108, 153, 999, 152, 131, 49, 189, 105, 164, 78, 999, 999, 37, 141, 77, 61, 50, 999, 21, 62, 99, 33, 118, 55, 86, 3, 0, 1, 0, 0, 0, 3, 1, 2, 3, 3, 0, 0, 3, 0, 0, 3, 3, 0, 0, 3, 0, 0, 2, 2, 0, 0, 2, 0, 0, 1, 0, 1, 3, 3, 3, 3, 1, 0, 3, 3, 0, 3, 2, 3, 0, 2, 1, 0, 2, 0, 2, 0, 2, 0, 0, 0, 0, 0, 1, 3, 3, 2, 3, 3, 2, 0, 0, 3, 2, 3, 1, 3, 3, 2, 0, 3, 1, 3, 3, 0, 0, 1, 2, 0, 1, 0, 3, 1, 2, 0, 1, 0, 2, 0, 3, 0, 1, 2, 1, 0, 2, 2, 3, 0, 0, 3, 0, 2, 3, 1, 0, 3, 0, 3, 3, 1, 0, 1, 0, 3, 1, 0, 3, 2, 2, 0, 3, 2, 2, 2, 2, 1, 0, 2, 3, 3, 0, 0, 2, 0, 3, 3, 3, 1, 1, 1, 0, 1, 1, 3, 0, 0, 1, 3, 3, 1, 3, 0, 1, 2, 0, 0, 0, 2, 0, 3, 1, 3, 1, 1, 0, 3, 2, 2, 2, 0, 1, 2, 1, 2, 2, 2, 1, 2, 2, 0, 0, 3, 2, 2, 2, 2, 2, 0, 1, 0, 1, 2, 2, 0, 0, 3, 0, 1, 0, 0, 3, 2, 2, 2, 0, 1, 1, 3, 1, 0, 0, 0, 0, 0, 1, 2, 2, 3, 2, 0, 0, 2, 0, 1, 1, 2, 0, 2, 1, 3, 0, 2, 3, 3, 0, 0, 2, 3, 1, 0, 1, 0, 0, 1, 3, 3, 1, 2, 0
RUN_2026-06-19_lowB_baselines_r3c683, 9, 0, 999, 15, 999, 999, 999, 112, 999, 9, 96, 999, 64, 127, 7, 999, 191, 2, 999, 999, 14, 999, 999, 160, 111, 999, 999, 999, 11, 10, 207, 1, 999, 176, 31, 12, 4, 8, 5, 47, 999, 999, 80, 95, 999, 16, 48, 32, 79, 143, 6, 175, 999, 63, 999, 144, 192, 128, 159, 13, 3, 85, 999, 42, 132, 26, 163, 179, 133, 126, 165, 999, 52, 131, 115, 999, 180, 167, 135, 155, 88, 999, 101, 145, 121, 86, 161, 53, 166, 87, 110, 114, 196, 38, 999, 162, 39, 120, 134, 139, 142, 41, 45, 57, 61, 27, 193, 194, 94, 129, 130, 999, 105, 73, 178, 106, 137, 44, 58, 170, 22, 999, 174, 169, 153, 999, 195, 60, 72, 78, 203, 187, 59, 56, 188, 43, 999, 97, 117, 113, 999, 999, 999, 93, 123, 149, 102, 999, 148, 90, 122, 103, 91, 125, 204, 107, 100, 84, 109, 116, 98, 999, 190, 24, 68, 147, 146, 156, 138, 999, 186, 206, 76, 157, 173, 62, 999, 108, 69, 30, 999, 29, 124, 70, 67, 168, 202, 51, 181, 66, 201, 164, 81, 18, 92, 999, 999, 189, 71, 182, 35, 197, 19, 82, 55, 999, 999, 118, 36, 65, 136, 200, 89, 177, 74, 83, 999, 21, 172, 199, 77, 999, 23, 25, 152, 28, 151, 75, 34, 140, 198, 49, 46, 37, 119, 185, 999, 184, 54, 141, 183, 50, 150, 154, 999, 104, 205, 40, 17, 99, 158, 999, 33, 999, 171, 20, 999, 3, 0, 1, 0, 0, 0, 3, 0, 2, 3, 0, 0, 1, 3, 0, 1, 3, 0, 0, 0, 0, 0, 1, 0, 0, 0, 0, 2, 0, 2, 1, 0, 3, 1, 3, 3, 3, 1, 3, 0, 0, 0, 1, 0, 3, 0, 2, 3, 2, 2, 0, 0, 3, 0, 0, 3, 0, 3, 0, 1, 1, 0, 3, 1, 2, 0, 2, 2, 1, 2, 0, 3, 1, 3, 0, 2, 1, 0, 2, 1, 0, 0, 3, 0, 1, 0, 3, 3, 3, 3, 0, 2, 1, 0, 3, 0, 0, 3, 2, 1, 3, 1, 3, 1, 0, 1, 1, 2, 3, 3, 0, 1, 0, 1, 1, 3, 2, 1, 1, 3, 0, 0, 3, 3, 0, 2, 2, 0, 3, 2, 0, 1, 0, 1, 1, 0, 1, 3, 2, 0, 0, 0, 2, 1, 3, 2, 0, 0, 1, 2, 1, 1, 1, 3, 3, 2, 3, 1, 3, 2, 0, 1, 0, 0, 0, 0, 2, 3, 0, 3, 2, 0, 1, 2, 2, 0, 1, 1, 2, 0, 0, 3, 1, 2, 3, 0, 1, 0, 2, 2, 1, 3, 2, 1, 0, 0, 0, 2, 1, 0, 2, 0, 2, 0, 0, 0, 2, 1, 2, 3, 3, 0, 1, 0, 2, 0, 1, 2, 2, 0, 0, 3, 3, 0, 2, 0, 1, 1, 3, 2, 1, 3, 2, 0, 1, 0, 3, 0, 2, 2, 2, 2, 0, 0, 1, 3, 1, 1, 1, 0, 0, 3, 0, 1, 1, 0
RUN_2026-06-19_lowB_baselines_r3c683, 10, 0, 999, 15, 999, 999, 999, 112, 999, 9, 96, 999, 64, 127, 7, 999, 191, 2, 999, 999, 14, 999, 999, 160, 111, 999, 999, 999, 11, 10, 207, 1, 999, 176, 31, 12, 4, 8, 5, 47, 999, 999, 80, 95, 999, 16, 48, 32, 79, 143, 6, 175, 999, 63, 999, 144, 192, 128, 159, 13, 3, 85, 999, 42, 132, 26, 163, 179, 133, 126, 165, 999, 52, 131, 115, 999, 180, 167, 135, 155, 88, 999, 101, 145, 121, 86, 161, 53, 166, 87, 110, 114, 196, 38, 999, 162, 39, 120, 134, 139, 142, 41, 45, 57, 61, 27, 193, 194, 94, 129, 130, 999, 105, 73, 178, 106, 137, 44, 58, 170, 22, 999, 174, 169, 153, 202, 195, 60, 72, 78, 999, 187, 59, 56, 188, 43, 203, 97, 117, 113, 999, 999, 999, 93, 123, 149, 102, 999, 148, 90, 122, 103, 91, 125, 204, 107, 100, 84, 109, 116, 98, 999, 190, 24, 68, 147, 146, 156, 138, 200, 186, 206, 76, 157, 173, 62, 201, 108, 69, 30, 999, 29, 124, 70, 67, 168, 999, 51, 181, 66, 999, 164, 81, 18, 92, 999, 999, 189, 71, 182, 35, 197, 19, 82, 55, 999, 999, 118, 36, 65, 136, 198, 89, 177, 74, 83, 999, 21, 172, 999, 77, 199, 23, 25, 152, 28, 151, 75, 34, 140, 999, 49, 46, 37, 119, 185, 999, 184, 54, 141, 183, 50, 150, 154, 999, 104, 205, 40, 17, 99, 158, 999, 33, 999, 171, 20, 999, 3, 0, 1, 0, 0, 0, 3, 0, 2, 3, 0, 0, 1, 3, 0, 1, 3, 0, 0, 0, 0, 0, 1, 0, 0, 0, 0, 2, 0, 2, 1, 0, 3, 1, 3, 3, 3, 1, 3, 0, 0, 0, 1, 0, 3, 0, 2, 3, 2, 2, 0, 0, 3, 0, 0, 3, 0, 3, 0, 1, 1, 0, 3, 1, 2, 0, 2, 2, 1, 2, 0, 3, 1, 3, 0, 2, 1, 0, 2, 1, 0, 0, 3, 0, 1, 0, 3, 3, 3, 3, 0, 2, 1, 0, 3, 0, 0, 3, 2, 1, 3, 1, 3, 1, 0, 1, 1, 2, 3, 3, 0, 1, 0, 1, 1, 3, 2, 1, 1, 3, 0, 0, 3, 3, 0, 2, 2, 0, 3, 0, 0, 1, 0, 1, 1, 1, 1, 3, 2, 0, 0, 0, 2, 1, 3, 2, 0, 0, 1, 2, 1, 1, 1, 3, 3, 2, 3, 1, 3, 2, 0, 1, 0, 0, 0, 0, 2, 3, 2, 3, 2, 0, 1, 2, 2, 2, 1, 1, 2, 0, 0, 3, 1, 2, 3, 0, 1, 0, 2, 0, 1, 3, 2, 1, 0, 0, 0, 2, 1, 0, 2, 0, 2, 0, 0, 0, 2, 1, 2, 3, 1, 0, 1, 0, 2, 0, 1, 2, 0, 0, 0, 3, 3, 0, 2, 0, 1, 1, 3, 0, 1, 3, 2, 0, 1, 0, 3, 0, 2, 2, 2, 2, 0, 0, 1, 3, 1, 1, 1, 0, 0, 3, 0, 1, 1, 0
RUN_2026-06-19_lowB_baselines_r3c657, 11, 0, 999, 15, 999, 48, 159, 144, 191, 11, 32, 999, 128, 192, 8, 143, 999, 2, 999, 999, 14, 96, 999, 999, 160, 175, 999, 999, 4, 5, 999, 1, 999, 999, 31, 12, 6, 7, 9, 47, 127, 999, 64, 112, 999, 16, 95, 80, 111, 999, 10, 176, 999, 999, 79, 207, 999, 999, 63, 13, 3, 204, 205, 70, 999, 133, 173, 23, 180, 132, 999, 999, 196, 172, 76, 66, 49, 123, 187, 67, 62, 171, 197, 999, 61, 999, 74, 124, 198, 999, 188, 999, 65, 36, 24, 81, 199, 77, 35, 73, 69, 999, 177, 126, 104, 999, 203, 169, 89, 158, 90, 26, 107, 999, 39, 178, 185, 138, 84, 125, 71, 88, 108, 152, 105, 193, 86, 142, 110, 20, 136, 154, 999, 167, 166, 194, 68, 189, 100, 170, 190, 149, 999, 999, 101, 25, 999, 131, 21, 119, 999, 41, 999, 165, 999, 99, 147, 181, 115, 120, 85, 116, 164, 60, 134, 206, 999, 43, 27, 153, 999, 999, 109, 145, 34, 200, 999, 18, 148, 30, 137, 179, 29, 168, 44, 50, 999, 162, 163, 37, 28, 91, 999, 156, 174, 141, 55, 22, 75, 106, 51, 52, 157, 140, 72, 82, 53, 183, 93, 129, 184, 118, 92, 202, 130, 201, 54, 59, 999, 999, 195, 102, 103, 42, 186, 113, 139, 45, 999, 38, 114, 58, 46, 94, 83, 78, 155, 146, 97, 122, 999, 98, 40, 33, 121, 182, 117, 87, 17, 56, 161, 57, 135, 151, 999, 19, 150, 3, 0, 1, 0, 0, 1, 3, 1, 2, 3, 0, 0, 3, 3, 0, 0, 3, 0, 0, 0, 1, 0, 0, 2, 2, 0, 0, 2, 0, 0, 1, 0, 0, 1, 3, 3, 3, 1, 3, 3, 0, 0, 3, 0, 3, 2, 2, 3, 0, 2, 2, 0, 0, 2, 2, 0, 0, 3, 0, 1, 0, 3, 2, 0, 3, 0, 2, 1, 2, 0, 0, 2, 1, 1, 0, 2, 3, 1, 1, 1, 0, 1, 0, 2, 0, 3, 3, 1, 0, 3, 0, 2, 3, 2, 2, 0, 2, 3, 1, 1, 0, 1, 3, 2, 0, 1, 3, 3, 3, 3, 0, 1, 0, 3, 0, 1, 3, 1, 3, 2, 0, 2, 2, 2, 3, 2, 2, 1, 1, 2, 3, 0, 2, 3, 3, 0, 0, 2, 3, 0, 0, 0, 0, 1, 1, 0, 3, 0, 1, 0, 2, 0, 3, 0, 2, 0, 1, 3, 2, 1, 1, 1, 1, 3, 1, 0, 1, 0, 0, 0, 0, 3, 1, 1, 1, 0, 1, 0, 2, 3, 0, 0, 3, 3, 1, 0, 1, 0, 3, 3, 2, 0, 2, 2, 0, 2, 2, 1, 2, 1, 3, 0, 1, 1, 2, 3, 0, 1, 2, 3, 0, 3, 2, 1, 3, 3, 1, 0, 0, 2, 3, 3, 1, 1, 2, 2, 3, 0, 2, 0, 3, 3, 1, 1, 3, 2, 3, 3, 3, 0, 1, 2, 2, 2, 2, 1, 0, 1, 2, 1, 0, 1, 1, 0, 3, 0
RUN_2026-06-19_lowB_baselines_r3c657, 12, 0, 999, 15, 999, 48, 159, 144, 191, 11, 32, 999, 128, 192, 8, 143, 999, 2, 999, 999, 14, 96, 999, 999, 160, 175, 999, 999, 4, 5, 999, 1, 999, 999, 31, 12, 6, 7, 9, 47, 127, 999, 64, 112, 999, 16, 95, 80, 111, 999, 10, 176, 999, 999, 79, 999, 207, 999, 63, 13, 3, 204, 205, 70, 999, 133, 173, 23, 180, 132, 999, 999, 196, 172, 76, 66, 49, 123, 187, 67, 62, 171, 197, 999, 61, 999, 74, 124, 198, 999, 188, 999, 65, 36, 24, 81, 199, 77, 35, 73, 69, 999, 177, 126, 104, 999, 203, 169, 89, 158, 90, 26, 107, 999, 39, 178, 185, 138, 84, 125, 71, 88, 108, 152, 105, 193, 86, 142, 110, 20, 136, 154, 999, 167, 166, 194, 68, 189, 100, 170, 190, 149, 999, 999, 101, 25, 999, 131, 21, 119, 999, 41, 999, 165, 999, 99, 147, 181, 115, 120, 85, 116, 164, 60, 134, 999, 206, 43, 27, 153, 999, 999, 109, 145, 34, 200, 999, 18, 148, 30, 137, 179, 29, 168, 44, 50, 999, 162, 163, 37, 28, 91, 999, 156, 174, 141, 55, 22, 75, 106, 51, 52, 157, 140, 72, 82, 53, 183, 93, 129, 184, 118, 92, 202, 130, 201, 54, 59, 999, 999, 195, 102, 103, 42, 186, 113, 139, 45, 999, 38, 114, 58, 46, 94, 83, 78, 155, 146, 97, 122, 999, 98, 40, 33, 121, 182, 117, 87, 17, 56, 161, 57, 135, 151, 999, 19, 150, 3, 0, 1, 0, 0, 1, 3, 1, 2, 3, 0, 0, 3, 3, 0, 0, 3, 0, 0, 0, 1, 0, 0, 2, 2, 0, 0, 2, 0, 0, 1, 0, 0, 1, 3, 3, 3, 1, 3, 3, 0, 0, 3, 0, 3, 2, 2, 3, 0, 2, 2, 0, 0, 2, 0, 1, 0, 3, 0, 1, 0, 3, 2, 0, 3, 0, 2, 1, 2, 0, 0, 2, 1, 1, 0, 2, 3, 1, 1, 1, 0, 1, 0, 2, 0, 3, 3, 1, 0, 3, 0, 2, 3, 2, 2, 0, 2, 3, 1, 1, 0, 1, 3, 2, 0, 1, 3, 3, 3, 3, 0, 1, 0, 3, 0, 1, 3, 1, 3, 2, 0, 2, 2, 2, 3, 2, 2, 1, 1, 2, 3, 0, 2, 3, 3, 0, 0, 2, 3, 0, 0, 0, 0, 1, 1, 0, 3, 0, 1, 0, 2, 0, 3, 0, 2, 0, 1, 3, 2, 1, 1, 1, 1, 3, 0, 3, 1, 0, 0, 0, 0, 3, 1, 1, 1, 0, 1, 0, 2, 3, 0, 0, 3, 3, 1, 0, 1, 0, 3, 3, 2, 0, 2, 2, 0, 2, 2, 1, 2, 1, 3, 0, 1, 1, 2, 3, 0, 1, 2, 3, 0, 3, 2, 1, 3, 3, 1, 0, 0, 2, 3, 3, 1, 1, 2, 2, 3, 0, 2, 0, 3, 3, 1, 1, 3, 2, 3, 3, 3, 0, 1, 2, 2, 2, 2, 1, 0, 1, 2, 1, 0, 1, 1, 0, 3, 0
RUN_2026-06-19_lowB_baselines_r3c657, 13, 0, 999, 15, 999, 48, 159, 144, 191, 11, 32, 999, 128, 192, 8, 143, 999, 2, 999, 999, 14, 96, 999, 999, 160, 175, 999, 999, 4, 5, 999, 1, 999, 999, 31, 12, 6, 7, 9, 47, 127, 999, 64, 112, 999, 16, 95, 80, 111, 999, 10, 176, 999, 999, 79, 999, 207, 999, 63, 13, 3, 204, 205, 70, 999, 133, 173, 23, 180, 132, 999, 999, 196, 172, 76, 66, 49, 123, 187, 67, 62, 171, 197, 999, 61, 999, 74, 124, 198, 999, 188, 999, 65, 36, 24, 81, 199, 77, 35, 73, 69, 999, 177, 126, 104, 999, 203, 169, 89, 158, 90, 26, 107, 999, 39, 178, 185, 138, 84, 125, 71, 88, 108, 152, 105, 193, 86, 142, 110, 20, 136, 154, 999, 167, 166, 194, 68, 189, 100, 170, 190, 149, 999, 999, 101, 25, 999, 131, 21, 119, 999, 41, 186, 165, 999, 99, 147, 181, 115, 120, 85, 116, 164, 60, 134, 999, 206, 43, 27, 153, 999, 999, 109, 145, 34, 200, 999, 18, 148, 30, 137, 179, 29, 168, 44, 50, 999, 162, 163, 37, 28, 91, 999, 156, 174, 141, 55, 22, 75, 106, 51, 52, 157, 140, 72, 82, 53, 183, 93, 129, 184, 118, 92, 202, 130, 201, 54, 59, 999, 999, 195, 102, 103, 42, 999, 113, 139, 45, 999, 38, 114, 58, 46, 94, 83, 78, 155, 146, 97, 122, 999, 98, 40, 33, 121, 182, 117, 87, 17, 56, 161, 57, 135, 151, 999, 19, 150, 3, 0, 1, 0, 0, 1, 3, 1, 2, 3, 0, 0, 3, 3, 0, 0, 3, 0, 0, 0, 1, 0, 0, 2, 2, 0, 0, 2, 0, 0, 1, 0, 0, 1, 3, 3, 3, 1, 3, 3, 0, 0, 3, 0, 3, 2, 2, 3, 0, 2, 2, 0, 0, 2, 0, 1, 0, 3, 0, 1, 0, 3, 2, 0, 3, 0, 2, 1, 2, 0, 0, 2, 1, 1, 0, 2, 3, 1, 1, 1, 0, 1, 0, 2, 0, 3, 3, 1, 0, 3, 0, 2, 3, 2, 2, 0, 2, 3, 1, 1, 0, 1, 3, 2, 0, 1, 3, 3, 3, 3, 0, 1, 0, 3, 0, 1, 3, 1, 3, 2, 0, 2, 2, 2, 3, 2, 2, 1, 1, 2, 3, 0, 2, 3, 3, 0, 0, 2, 3, 0, 0, 0, 0, 1, 1, 0, 3, 0, 1, 0, 2, 0, 3, 0, 2, 0, 1, 3, 2, 1, 1, 1, 1, 3, 0, 3, 1, 0, 0, 0, 0, 3, 1, 1, 1, 0, 1, 0, 2, 3, 0, 0, 3, 3, 1, 0, 1, 0, 3, 3, 2, 0, 2, 2, 0, 2, 2, 1, 2, 1, 3, 0, 1, 1, 2, 3, 0, 1, 2, 3, 0, 3, 2, 1, 3, 3, 1, 0, 0, 2, 3, 3, 1, 0, 2, 2, 3, 0, 2, 0, 3, 3, 1, 1, 3, 2, 3, 3, 3, 0, 1, 2, 2, 2, 2, 1, 0, 1, 2, 1, 0, 1, 1, 0, 3, 0
RUN_2026-06-19_lowB_baselines_r3c657, 14, 0, 999, 15, 999, 48, 159, 144, 191, 11, 32, 999, 128, 192, 8, 143, 999, 2, 999, 999, 14, 96, 999, 999, 160, 175, 999, 999, 4, 5, 999, 1, 999, 999, 31, 12, 6, 7, 9, 47, 127, 999, 64, 112, 999, 16, 95, 80, 111, 999, 10, 176, 999, 999, 79, 207, 999, 999, 63, 13, 3, 204, 205, 70, 999, 133, 173, 23, 180, 132, 999, 999, 196, 172, 76, 66, 49, 123, 187, 67, 62, 171, 197, 999, 61, 999, 74, 124, 198, 999, 188, 999, 65, 36, 24, 81, 199, 77, 35, 73, 69, 999, 177, 126, 104, 999, 203, 169, 89, 158, 90, 26, 107, 999, 39, 178, 185, 138, 84, 125, 71, 88, 108, 152, 105, 193, 86, 142, 110, 20, 136, 154, 999, 167, 166, 194, 68, 189, 100, 170, 190, 149, 999, 999, 101, 25, 999, 131, 21, 119, 999, 41, 186, 165, 999, 99, 147, 181, 115, 120, 85, 116, 164, 60, 134, 206, 999, 43, 27, 153, 999, 999, 109, 145, 34, 200, 999, 18, 148, 30, 137, 179, 29, 168, 44, 50, 999, 162, 163, 37, 28, 91, 999, 156, 174, 141, 55, 22, 75, 106, 51, 52, 157, 140, 72, 82, 53, 183, 93, 129, 184, 118, 92, 202, 130, 201, 54, 59, 999, 999, 195, 102, 103, 42, 999, 113, 139, 45, 999, 38, 114, 58, 46, 94, 83, 78, 155, 146, 97, 122, 999, 98, 40, 33, 121, 182, 117, 87, 17, 56, 161, 57, 135, 151, 999, 19, 150, 3, 0, 1, 0, 0, 1, 3, 1, 2, 3, 0, 0, 3, 3, 0, 0, 3, 0, 0, 0, 1, 0, 0, 2, 2, 0, 0, 2, 0, 0, 1, 0, 0, 1, 3, 3, 3, 1, 3, 3, 0, 0, 3, 0, 3, 2, 2, 3, 0, 2, 2, 0, 0, 2, 2, 0, 0, 3, 0, 1, 0, 3, 2, 0, 3, 0, 2, 1, 2, 0, 0, 2, 1, 1, 0, 2, 3, 1, 1, 1, 0, 1, 0, 2, 0, 3, 3, 1, 0, 3, 0, 2, 3, 2, 2, 0, 2, 3, 1, 1, 0, 1, 3, 2, 0, 1, 3, 3, 3, 3, 0, 1, 0, 3, 0, 1, 3, 1, 3, 2, 0, 2, 2, 2, 3, 2, 2, 1, 1, 2, 3, 0, 2, 3, 3, 0, 0, 2, 3, 0, 0, 0, 0, 1, 1, 0, 3, 0, 1, 0, 2, 0, 3, 0, 2, 0, 1, 3, 2, 1, 1, 1, 1, 3, 1, 0, 1, 0, 0, 0, 0, 3, 1, 1, 1, 0, 1, 0, 2, 3, 0, 0, 3, 3, 1, 0, 1, 0, 3, 3, 2, 0, 2, 2, 0, 2, 2, 1, 2, 1, 3, 0, 1, 1, 2, 3, 0, 1, 2, 3, 0, 3, 2, 1, 3, 3, 1, 0, 0, 2, 3, 3, 1, 0, 2, 2, 3, 0, 2, 0, 3, 3, 1, 1, 3, 2, 3, 3, 3, 0, 1, 2, 2, 2, 2, 1, 0, 1, 2, 1, 0, 1, 1, 0, 3, 0
RUN_2026-06-19_lowB_baselines_r3c532, 15, 0, 999, 15, 999, 16, 999, 999, 191, 9, 128, 80, 48, 192, 7, 175, 999, 12, 160, 999, 14, 143, 64, 999, 999, 999, 999, 999, 10, 1, 999, 11, 999, 999, 31, 2, 4, 8, 5, 63, 127, 999, 32, 159, 999, 96, 111, 47, 112, 999, 6, 176, 144, 999, 95, 79, 999, 999, 207, 13, 3, 999, 999, 189, 198, 20, 157, 188, 999, 182, 106, 105, 121, 125, 40, 52, 126, 199, 173, 179, 181, 17, 36, 142, 114, 999, 39, 113, 197, 196, 76, 999, 107, 124, 38, 75, 136, 19, 152, 195, 54, 999, 205, 66, 204, 24, 59, 100, 22, 25, 202, 65, 135, 999, 177, 201, 101, 183, 999, 999, 999, 184, 119, 999, 154, 151, 118, 60, 50, 26, 999, 190, 185, 61, 62, 138, 174, 83, 21, 115, 999, 44, 164, 104, 84, 146, 69, 999, 88, 72, 35, 70, 165, 99, 172, 122, 130, 999, 129, 43, 68, 145, 999, 158, 71, 999, 109, 133, 149, 148, 116, 180, 131, 81, 93, 37, 34, 41, 103, 30, 82, 120, 29, 108, 999, 999, 193, 28, 999, 162, 999, 178, 91, 141, 56, 55, 194, 156, 110, 92, 999, 87, 203, 999, 49, 137, 57, 53, 45, 155, 132, 89, 90, 46, 999, 78, 74, 27, 77, 117, 171, 147, 58, 169, 187, 51, 134, 167, 200, 168, 153, 166, 85, 999, 98, 999, 161, 94, 18, 163, 67, 123, 86, 33, 150, 140, 999, 73, 97, 23, 186, 42, 102, 999, 206, 170, 139, 3, 0, 1, 0, 0, 0, 0, 1, 2, 3, 1, 0, 3, 3, 0, 0, 3, 1, 0, 0, 3, 3, 0, 0, 0, 0, 0, 2, 0, 0, 1, 0, 0, 1, 3, 3, 3, 1, 3, 3, 0, 0, 1, 0, 3, 2, 0, 1, 0, 2, 2, 2, 0, 2, 2, 0, 0, 3, 0, 1, 0, 0, 2, 3, 3, 3, 2, 0, 0, 2, 1, 2, 3, 3, 3, 1, 1, 1, 0, 3, 1, 2, 1, 0, 0, 1, 1, 3, 3, 0, 0, 3, 1, 1, 3, 3, 0, 2, 0, 0, 0, 2, 3, 2, 1, 0, 2, 2, 1, 2, 1, 2, 0, 2, 2, 0, 2, 0, 0, 0, 1, 2, 0, 3, 3, 3, 0, 1, 1, 0, 2, 3, 0, 1, 1, 3, 1, 2, 1, 0, 3, 0, 0, 0, 2, 0, 0, 2, 3, 0, 1, 1, 0, 3, 0, 3, 0, 2, 0, 0, 0, 0, 3, 1, 0, 3, 3, 2, 2, 1, 0, 0, 3, 3, 3, 1, 3, 0, 2, 0, 2, 0, 0, 0, 0, 2, 0, 0, 1, 0, 1, 2, 0, 2, 0, 1, 0, 1, 0, 0, 1, 1, 0, 1, 3, 3, 1, 3, 3, 1, 3, 0, 2, 0, 1, 3, 0, 3, 3, 3, 0, 2, 3, 2, 1, 2, 1, 2, 2, 3, 2, 0, 0, 2, 0, 3, 3, 1, 1, 1, 3, 1, 0, 0, 2, 0, 3, 1, 2, 3, 0, 2, 0, 3, 0, 1
RUN_2026-06-19_lowB_baselines_r3c532, 16, 0, 999, 15, 999, 16, 999, 999, 191, 9, 128, 80, 48, 192, 7, 175, 999, 12, 160, 999, 14, 143, 64, 999, 999, 999, 999, 999, 10, 1, 999, 11, 999, 999, 31, 2, 4, 8, 5, 63, 127, 999, 32, 159, 999, 96, 111, 47, 112, 999, 6, 176, 144, 999, 95, 79, 999, 999, 207, 13, 3, 999, 999, 189, 198, 20, 157, 188, 999, 182, 106, 105, 121, 125, 40, 52, 126, 199, 173, 179, 181, 17, 36, 142, 114, 999, 39, 113, 197, 196, 76, 999, 107, 124, 38, 75, 136, 19, 152, 195, 54, 999, 205, 66, 204, 24, 59, 100, 22, 25, 202, 65, 135, 999, 177, 999, 101, 183, 999, 201, 999, 184, 119, 999, 154, 151, 118, 60, 50, 26, 999, 190, 185, 61, 62, 138, 174, 83, 21, 115, 999, 44, 164, 104, 84, 146, 69, 999, 88, 72, 35, 70, 165, 99, 172, 122, 130, 999, 129, 43, 68, 145, 999, 158, 71, 999, 109, 133, 149, 148, 116, 180, 131, 81, 93, 37, 34, 41, 103, 30, 82, 120, 29, 108, 999, 999, 193, 28, 999, 162, 999, 178, 91, 141, 56, 55, 194, 156, 110, 92, 999, 87, 203, 999, 49, 137, 57, 53, 45, 155, 132, 89, 90, 46, 999, 78, 74, 27, 77, 117, 171, 147, 58, 169, 187, 51, 134, 167, 999, 168, 153, 166, 85, 999, 98, 200, 161, 94, 18, 163, 67, 123, 86, 33, 150, 140, 999, 73, 97, 23, 186, 42, 102, 999, 206, 170, 139, 3, 0, 1, 0, 0, 0, 0, 1, 2, 3, 1, 0, 3, 3, 0, 0, 3, 1, 0, 0, 3, 3, 0, 0, 0, 0, 0, 2, 0, 0, 1, 0, 0, 1, 3, 3, 3, 1, 3, 3, 0, 0, 1, 0, 3, 2, 0, 1, 0, 2, 2, 2, 0, 2, 2, 0, 0, 3, 0, 1, 0, 0, 2, 3, 3, 3, 2, 0, 0, 2, 1, 2, 3, 3, 3, 1, 1, 1, 0, 3, 1, 2, 1, 0, 0, 1, 1, 3, 3, 0, 0, 3, 1, 1, 3, 3, 0, 2, 0, 0, 0, 2, 3, 2, 1, 0, 2, 2, 1, 2, 1, 2, 0, 2, 0, 0, 2, 0, 2, 0, 1, 2, 0, 3, 3, 3, 0, 1, 1, 0, 2, 3, 0, 1, 1, 3, 1, 2, 1, 0, 3, 0, 0, 0, 2, 0, 0, 2, 3, 0, 1, 1, 0, 3, 0, 3, 0, 2, 0, 0, 0, 0, 3, 1, 0, 3, 3, 2, 2, 1, 0, 0, 3, 3, 3, 1, 3, 0, 2, 0, 2, 0, 0, 0, 0, 2, 0, 0, 1, 0, 1, 2, 0, 2, 0, 1, 0, 1, 0, 0, 1, 1, 0, 1, 3, 3, 1, 3, 3, 1, 3, 0, 2, 0, 1, 3, 0, 3, 3, 3, 0, 2, 3, 2, 1, 2, 1, 0, 2, 3, 2, 0, 0, 2, 0, 3, 3, 1, 1, 1, 3, 1, 0, 0, 2, 0, 3, 1, 2, 3, 0, 2, 0, 3, 0, 1
RUN_2026-06-19_lowB_baselines_r3c532, 17, 0, 999, 15, 999, 16, 999, 999, 191, 9, 128, 80, 48, 192, 7, 175, 999, 12, 160, 999, 14, 143, 64, 999, 999, 999, 999, 999, 10, 1, 999, 11, 999, 999, 31, 2, 4, 8, 5, 63, 127, 999, 32, 159, 999, 96, 111, 47, 112, 999, 6, 176, 144, 999, 95, 79, 999, 207, 999, 13, 3, 999, 999, 189, 198, 20, 157, 188, 999, 182, 106, 105, 121, 125, 40, 52, 126, 199, 173, 179, 181, 17, 36, 142, 114, 999, 39, 113, 197, 196, 76, 999, 107, 124, 38, 75, 136, 19, 152, 195, 54, 999, 205, 66, 204, 24, 59, 100, 22, 25, 202, 65, 135, 999, 177, 201, 101, 183, 999, 999, 999, 184, 119, 999, 154, 151, 118, 60, 50, 26, 999, 190, 185, 61, 62, 138, 174, 83, 21, 115, 999, 44, 164, 104, 84, 146, 69, 999, 88, 72, 35, 70, 165, 99, 172, 122, 130, 999, 129, 43, 68, 145, 999, 158, 71, 999, 109, 133, 149, 148, 116, 180, 131, 81, 93, 37, 34, 41, 103, 30, 82, 120, 29, 108, 203, 999, 193, 28, 999, 162, 999, 178, 91, 141, 56, 55, 194, 156, 110, 92, 999, 87, 999, 999, 49, 137, 57, 53, 45, 155, 132, 89, 90, 46, 999, 78, 74, 27, 77, 117, 171, 147, 58, 169, 187, 51, 134, 167, 200, 168, 153, 166, 85, 999, 98, 999, 161, 94, 18, 163, 67, 123, 86, 33, 150, 140, 999, 73, 97, 23, 186, 42, 102, 999, 206, 170, 139, 3, 0, 1, 0, 0, 0, 0, 1, 2, 3, 1, 0, 3, 3, 0, 0, 3, 1, 0, 0, 3, 3, 0, 0, 0, 0, 0, 2, 0, 0, 1, 0, 0, 1, 3, 3, 3, 1, 3, 3, 0, 0, 1, 0, 3, 2, 0, 1, 0, 2, 2, 2, 0, 2, 2, 0, 2, 0, 0, 1, 0, 0, 2, 3, 3, 3, 2, 0, 0, 2, 1, 2, 3, 3, 3, 1, 1, 1, 0, 3, 1, 2, 1, 0, 0, 1, 1, 3, 3, 0, 0, 3, 1, 1, 3, 3, 0, 2, 0, 0, 0, 2, 3, 2, 1, 0, 2, 2, 1, 2, 1, 2, 0, 2, 2, 0, 2, 0, 0, 0, 1, 2, 0, 3, 3, 3, 0, 1, 1, 0, 2, 3, 0, 1, 1, 3, 1, 2, 1, 0, 3, 0, 0, 0, 2, 0, 0, 2, 3, 0, 1, 1, 0, 3, 0, 3, 0, 2, 0, 0, 0, 0, 3, 1, 0, 3, 3, 2, 2, 1, 0, 0, 3, 3, 3, 1, 3, 0, 2, 0, 2, 0, 0, 2, 0, 2, 0, 0, 1, 0, 1, 2, 0, 2, 0, 1, 0, 1, 0, 0, 1, 0, 0, 1, 3, 3, 1, 3, 3, 1, 3, 0, 2, 0, 1, 3, 0, 3, 3, 3, 0, 2, 3, 2, 1, 2, 1, 2, 2, 3, 2, 0, 0, 2, 0, 3, 3, 1, 1, 1, 3, 1, 0, 0, 2, 0, 3, 1, 2, 3, 0, 2, 0, 3, 0, 1
RUN_2026-06-19_lowB_baselines_r3c532, 18, 0, 999, 15, 999, 16, 999, 999, 191, 9, 128, 80, 48, 192, 7, 175, 999, 12, 160, 999, 14, 143, 64, 999, 999, 999, 999, 999, 10, 1, 999, 11, 999, 999, 31, 2, 4, 8, 5, 63, 127, 999, 32, 159, 999, 96, 111, 47, 112, 999, 6, 176, 144, 999, 95, 79, 999, 207, 999, 13, 3, 999, 999, 189, 198, 20, 157, 188, 999, 182, 106, 105, 121, 125, 40, 52, 126, 199, 173, 179, 181, 17, 36, 142, 114, 999, 39, 113, 197, 196, 76, 999, 107, 124, 38, 75, 136, 19, 152, 195, 54, 999, 205, 66, 204, 24, 59, 100, 22, 25, 202, 65, 135, 999, 177, 201, 101, 183, 999, 999, 999, 184, 119, 999, 154, 151, 118, 60, 50, 26, 999, 190, 185, 61, 62, 138, 174, 83, 21, 115, 999, 44, 164, 104, 84, 146, 69, 999, 88, 72, 35, 70, 165, 99, 172, 122, 130, 999, 129, 43, 68, 145, 999, 158, 71, 999, 109, 133, 149, 148, 116, 180, 131, 81, 93, 37, 34, 41, 103, 30, 82, 120, 29, 108, 999, 999, 193, 28, 999, 162, 999, 178, 91, 141, 56, 55, 194, 156, 110, 92, 999, 87, 203, 999, 49, 137, 57, 53, 45, 155, 132, 89, 90, 46, 999, 78, 74, 27, 77, 117, 171, 147, 58, 169, 187, 51, 134, 167, 200, 168, 153, 166, 85, 999, 98, 999, 161, 94, 18, 163, 67, 123, 86, 33, 150, 140, 999, 73, 97, 23, 186, 42, 102, 999, 206, 170, 139, 3, 0, 1, 0, 0, 0, 0, 1, 2, 3, 1, 0, 3, 3, 0, 0, 3, 1, 0, 0, 3, 3, 0, 0, 0, 0, 0, 2, 0, 0, 1, 0, 0, 1, 3, 3, 3, 1, 3, 3, 0, 0, 1, 0, 3, 2, 0, 1, 0, 2, 2, 2, 0, 2, 2, 0, 2, 0, 0, 1, 0, 0, 2, 3, 3, 3, 2, 0, 0, 2, 1, 2, 3, 3, 3, 1, 1, 1, 0, 3, 1, 2, 1, 0, 0, 1, 1, 3, 3, 0, 0, 3, 1, 1, 3, 3, 0, 2, 0, 0, 0, 2, 3, 2, 1, 0, 2, 2, 1, 2, 1, 2, 0, 2, 2, 0, 2, 0, 0, 0, 1, 2, 0, 3, 3, 3, 0, 1, 1, 0, 2, 3, 0, 1, 1, 3, 1, 2, 1, 0, 3, 0, 0, 0, 2, 0, 0, 2, 3, 0, 1, 1, 0, 3, 0, 3, 0, 2, 0, 0, 0, 0, 3, 1, 0, 3, 3, 2, 2, 1, 0, 0, 3, 3, 3, 1, 3, 0, 2, 0, 2, 0, 0, 0, 0, 2, 0, 0, 1, 0, 1, 2, 0, 2, 0, 1, 0, 1, 0, 0, 1, 1, 0, 1, 3, 3, 1, 3, 3, 1, 3, 0, 2, 0, 1, 3, 0, 3, 3, 3, 0, 2, 3, 2, 1, 2, 1, 2, 2, 3, 2, 0, 0, 2, 0, 3, 3, 1, 1, 1, 3, 1, 0, 0, 2, 0, 3, 1, 2, 3, 0, 2, 0, 3, 0, 1
RUN_2026-06-19_lowB_baselines_r3c532, 19, 0, 999, 15, 999, 16, 999, 999, 191, 9, 128, 80, 48, 999, 7, 175, 999, 12, 160, 999, 14, 143, 64, 999, 999, 999, 999, 999, 10, 1, 192, 11, 999, 999, 31, 2, 4, 8, 5, 63, 127, 999, 32, 159, 999, 96, 111, 47, 112, 999, 6, 176, 144, 999, 95, 79, 999, 207, 999, 13, 3, 999, 999, 189, 999, 20, 157, 188, 999, 182, 106, 105, 121, 125, 40, 52, 126, 999, 173, 179, 181, 17, 36, 142, 114, 195, 39, 113, 999, 999, 76, 999, 107, 124, 38, 75, 136, 19, 152, 999, 54, 194, 205, 66, 204, 24, 59, 100, 22, 25, 202, 65, 135, 999, 177, 193, 101, 183, 197, 201, 999, 184, 119, 196, 154, 151, 118, 60, 50, 26, 999, 190, 185, 61, 62, 138, 174, 83, 21, 115, 999, 44, 164, 104, 84, 146, 69, 198, 88, 72, 35, 70, 165, 99, 172, 122, 130, 999, 129, 43, 68, 145, 999, 158, 71, 999, 109, 133, 149, 148, 116, 180, 131, 81, 93, 37, 34, 41, 103, 30, 82, 120, 29, 108, 203, 999, 999, 28, 200, 162, 999, 178, 91, 141, 56, 55, 999, 156, 110, 92, 999, 87, 999, 999, 49, 137, 57, 53, 45, 155, 132, 89, 90, 46, 999, 78, 74, 27, 77, 117, 171, 147, 58, 169, 187, 51, 134, 167, 999, 168, 153, 166, 85, 999, 98, 999, 161, 94, 18, 163, 67, 123, 86, 33, 150, 140, 199, 73, 97, 23, 186, 42, 102, 999, 206, 170, 139, 3, 0, 1, 0, 0, 0, 0, 1, 2, 3, 1, 0, 0, 3, 0, 0, 3, 1, 0, 0, 3, 3, 0, 0, 0, 0, 0, 2, 0, 0, 1, 0, 0, 1, 3, 3, 3, 1, 3, 3, 0, 0, 1, 0, 3, 2, 0, 1, 0, 2, 2, 2, 0, 2, 2, 0, 2, 0, 0, 1, 0, 0, 2, 0, 3, 3, 2, 0, 0, 2, 1, 2, 3, 3, 3, 1, 0, 1, 0, 3, 1, 2, 1, 0, 2, 1, 1, 0, 0, 0, 0, 3, 1, 1, 3, 3, 0, 2, 0, 0, 0, 2, 3, 2, 1, 0, 2, 2, 1, 2, 1, 2, 0, 2, 3, 0, 2, 0, 2, 0, 1, 2, 3, 3, 3, 3, 0, 1, 1, 0, 2, 3, 0, 1, 1, 3, 1, 2, 1, 0, 3, 0, 0, 0, 2, 0, 3, 2, 3, 0, 1, 1, 0, 3, 0, 3, 0, 2, 0, 0, 0, 0, 3, 1, 0, 3, 3, 2, 2, 1, 0, 0, 3, 3, 3, 1, 3, 0, 2, 0, 2, 0, 0, 2, 0, 0, 0, 1, 1, 0, 1, 2, 0, 2, 0, 0, 0, 1, 0, 0, 1, 0, 0, 1, 3, 3, 1, 3, 3, 1, 3, 0, 2, 0, 1, 3, 0, 3, 3, 3, 0, 2, 3, 2, 1, 2, 1, 0, 2, 3, 2, 0, 0, 2, 0, 3, 3, 1, 1, 1, 3, 1, 0, 0, 2, 2, 3, 1, 2, 3, 0, 2, 0, 3, 0, 1
RUN_2026-06-19_lowB_baselines_r3c532, 20, 0, 999, 15, 999, 16, 999, 999, 191, 9, 128, 80, 48, 999, 7, 175, 999, 12, 160, 999, 14, 143, 64, 999, 999, 999, 999, 999, 10, 1, 192, 11, 999, 999, 31, 2, 4, 8, 5, 63, 127, 999, 32, 159, 999, 96, 111, 47, 112, 999, 6, 176, 144, 999, 95, 79, 999, 999, 207, 13, 3, 999, 999, 189, 999, 20, 157, 188, 999, 182, 106, 105, 121, 125, 40, 52, 126, 999, 173, 179, 181, 17, 36, 142, 114, 195, 39, 113, 999, 999, 76, 999, 107, 124, 38, 75, 136, 19, 152, 999, 54, 194, 205, 66, 204, 24, 59, 100, 22, 25, 202, 65, 135, 999, 177, 193, 101, 183, 197, 201, 999, 184, 119, 196, 154, 151, 118, 60, 50, 26, 999, 190, 185, 61, 62, 138, 174, 83, 21, 115, 999, 44, 164, 104, 84, 146, 69, 198, 88, 72, 35, 70, 165, 99, 172, 122, 130, 999, 129, 43, 68, 145, 999, 158, 71, 999, 109, 133, 149, 148, 116, 180, 131, 81, 93, 37, 34, 41, 103, 30, 82, 120, 29, 108, 203, 999, 999, 28, 200, 162, 999, 178, 91, 141, 56, 55, 999, 156, 110, 92, 999, 87, 999, 999, 49, 137, 57, 53, 45, 155, 132, 89, 90, 46, 999, 78, 74, 27, 77, 117, 171, 147, 58, 169, 187, 51, 134, 167, 999, 168, 153, 166, 85, 999, 98, 999, 161, 94, 18, 163, 67, 123, 86, 33, 150, 140, 199, 73, 97, 23, 186, 42, 102, 999, 206, 170, 139, 3, 0, 1, 0, 0, 0, 0, 1, 2, 3, 1, 0, 0, 3, 0, 0, 3, 1, 0, 0, 3, 3, 0, 0, 0, 0, 0, 2, 0, 0, 1, 0, 0, 1, 3, 3, 3, 1, 3, 3, 0, 0, 1, 0, 3, 2, 0, 1, 0, 2, 2, 2, 0, 2, 2, 0, 0, 3, 0, 1, 0, 0, 2, 0, 3, 3, 2, 0, 0, 2, 1, 2, 3, 3, 3, 1, 0, 1, 0, 3, 1, 2, 1, 0, 2, 1, 1, 0, 0, 0, 0, 3, 1, 1, 3, 3, 0, 2, 0, 0, 0, 2, 3, 2, 1, 0, 2, 2, 1, 2, 1, 2, 0, 2, 3, 0, 2, 0, 2, 0, 1, 2, 3, 3, 3, 3, 0, 1, 1, 0, 2, 3, 0, 1, 1, 3, 1, 2, 1, 0, 3, 0, 0, 0, 2, 0, 3, 2, 3, 0, 1, 1, 0, 3, 0, 3, 0, 2, 0, 0, 0, 0, 3, 1, 0, 3, 3, 2, 2, 1, 0, 0, 3, 3, 3, 1, 3, 0, 2, 0, 2, 0, 0, 2, 0, 0, 0, 1, 1, 0, 1, 2, 0, 2, 0, 0, 0, 1, 0, 0, 1, 0, 0, 1, 3, 3, 1, 3, 3, 1, 3, 0, 2, 0, 1, 3, 0, 3, 3, 3, 0, 2, 3, 2, 1, 2, 1, 0, 2, 3, 2, 0, 0, 2, 0, 3, 3, 1, 1, 1, 3, 1, 0, 0, 2, 2, 3, 1, 2, 3, 0, 2, 0, 3, 0, 1
RUN_2026-06-19_lowB_baselines_r3c532, 21, 0, 999, 15, 999, 16, 999, 999, 191, 9, 128, 80, 48, 192, 7, 175, 999, 12, 160, 999, 14, 143, 64, 999, 999, 999, 999, 999, 10, 1, 999, 11, 999, 999, 31, 2, 4, 8, 5, 63, 127, 999, 32, 159, 999, 96, 111, 47, 112, 999, 6, 176, 144, 999, 95, 79, 999, 999, 207, 13, 3, 999, 999, 189, 198, 20, 157, 188, 999, 182, 106, 105, 121, 125, 40, 52, 126, 199, 173, 179, 181, 17, 36, 142, 114, 999, 39, 113, 197, 196, 76, 999, 107, 124, 38, 75, 136, 19, 152, 195, 54, 999, 205, 66, 204, 24, 59, 100, 22, 25, 202, 65, 135, 999, 177, 999, 101, 183, 999, 201, 999, 184, 119, 999, 154, 151, 118, 60, 50, 26, 999, 190, 185, 61, 62, 138, 174, 83, 21, 115, 999, 44, 164, 104, 84, 146, 69, 999, 88, 72, 35, 70, 165, 99, 172, 122, 130, 999, 129, 43, 68, 145, 999, 158, 71, 999, 109, 133, 149, 148, 116, 180, 131, 81, 93, 37, 34, 41, 103, 30, 82, 120, 29, 108, 203, 999, 193, 28, 999, 162, 999, 178, 91, 141, 56, 55, 194, 156, 110, 92, 999, 87, 999, 999, 49, 137, 57, 53, 45, 155, 132, 89, 90, 46, 999, 78, 74, 27, 77, 117, 171, 147, 58, 169, 187, 51, 134, 167, 999, 168, 153, 166, 85, 999, 98, 200, 161, 94, 18, 163, 67, 123, 86, 33, 150, 140, 999, 73, 97, 23, 186, 42, 102, 999, 206, 170, 139, 3, 0, 1, 0, 0, 0, 0, 1, 2, 3, 1, 0, 3, 3, 0, 0, 3, 1, 0, 0, 3, 3, 0, 0, 0, 0, 0, 2, 0, 0, 1, 0, 0, 1, 3, 3, 3, 1, 3, 3, 0, 0, 1, 0, 3, 2, 0, 1, 0, 2, 2, 2, 0, 2, 2, 0, 0, 3, 0, 1, 0, 0, 2, 3, 3, 3, 2, 0, 0, 2, 1, 2, 3, 3, 3, 1, 1, 1, 0, 3, 1, 2, 1, 0, 0, 1, 1, 3, 3, 0, 0, 3, 1, 1, 3, 3, 0, 2, 0, 0, 0, 2, 3, 2, 1, 0, 2, 2, 1, 2, 1, 2, 0, 2, 0, 0, 2, 0, 2, 0, 1, 2, 0, 3, 3, 3, 0, 1, 1, 0, 2, 3, 0, 1, 1, 3, 1, 2, 1, 0, 3, 0, 0, 0, 2, 0, 0, 2, 3, 0, 1, 1, 0, 3, 0, 3, 0, 2, 0, 0, 0, 0, 3, 1, 0, 3, 3, 2, 2, 1, 0, 0, 3, 3, 3, 1, 3, 0, 2, 0, 2, 0, 0, 2, 0, 2, 0, 0, 1, 0, 1, 2, 0, 2, 0, 1, 0, 1, 0, 0, 1, 0, 0, 1, 3, 3, 1, 3, 3, 1, 3, 0, 2, 0, 1, 3, 0, 3, 3, 3, 0, 2, 3, 2, 1, 2, 1, 0, 2, 3, 2, 0, 0, 2, 0, 3, 3, 1, 1, 1, 3, 1, 0, 0, 2, 0, 3, 1, 2, 3, 0, 2, 0, 3, 0, 1
RUN_2026-06-19_lowB_baselines_r3c532, 22, 0, 999, 15, 999, 16, 999, 999, 191, 9, 128, 80, 48, 192, 7, 175, 999, 12, 160, 999, 14, 143, 64, 999, 999, 999, 999, 999, 10, 1, 999, 11, 999, 999, 31, 2, 4, 8, 5, 63, 127, 999, 32, 159, 999, 96, 111, 47, 112, 999, 6, 176, 144, 207, 95, 79, 999, 999, 999, 13, 3, 999, 999, 189, 198, 20, 157, 188, 999, 182, 106, 105, 121, 125, 40, 52, 126, 199, 173, 179, 181, 17, 36, 142, 114, 999, 39, 113, 197, 196, 76, 999, 107, 124, 38, 75, 136, 19, 152, 195, 54, 999, 205, 66, 204, 24, 59, 100, 22, 25, 202, 65, 135, 999, 177, 201, 101, 183, 999, 999, 999, 184, 119, 999, 154, 151, 118, 60, 50, 26, 999, 190, 185, 61, 62, 138, 174, 83, 21, 115, 999, 44, 164, 104, 84, 146, 69, 999, 88, 72, 35, 70, 165, 99, 172, 122, 130, 999, 129, 43, 68, 145, 999, 158, 71, 999, 109, 133, 149, 148, 116, 180, 131, 81, 93, 37, 34, 41, 103, 30, 82, 120, 29, 108, 999, 999, 193, 28, 999, 162, 999, 178, 91, 141, 56, 55, 194, 156, 110, 92, 999, 87, 203, 999, 49, 137, 57, 53, 45, 155, 132, 89, 90, 46, 999, 78, 74, 27, 77, 117, 171, 147, 58, 169, 187, 51, 134, 167, 200, 168, 153, 166, 85, 999, 98, 999, 161, 94, 18, 163, 67, 123, 86, 33, 150, 140, 206, 73, 97, 23, 186, 42, 102, 999, 999, 170, 139, 3, 0, 1, 0, 0, 0, 0, 1, 2, 3, 1, 0, 3, 3, 0, 0, 3, 1, 0, 0, 3, 3, 0, 0, 0, 0, 0, 2, 0, 0, 1, 0, 0, 1, 3, 3, 3, 1, 3, 3, 0, 0, 1, 0, 3, 2, 0, 1, 0, 2, 2, 2, 3, 2, 2, 0, 0, 0, 0, 1, 0, 0, 2, 3, 3, 3, 2, 0, 0, 2, 1, 2, 3, 3, 3, 1, 1, 1, 0, 3, 1, 2, 1, 0, 0, 1, 1, 3, 3, 0, 0, 3, 1, 1, 3, 3, 0, 2, 0, 0, 0, 2, 3, 2, 1, 0, 2, 2, 1, 2, 1, 2, 0, 2, 2, 0, 2, 0, 0, 0, 1, 2, 0, 3, 3, 3, 0, 1, 1, 0, 2, 3, 0, 1, 1, 3, 1, 2, 1, 0, 3, 0, 0, 0, 2, 0, 0, 2, 3, 0, 1, 1, 0, 3, 0, 3, 0, 2, 0, 0, 0, 0, 3, 1, 0, 3, 3, 2, 2, 1, 0, 0, 3, 3, 3, 1, 3, 0, 2, 0, 2, 0, 0, 0, 0, 2, 0, 0, 1, 0, 1, 2, 0, 2, 0, 1, 0, 1, 0, 0, 1, 1, 0, 1, 3, 3, 1, 3, 3, 1, 3, 0, 2, 0, 1, 3, 0, 3, 3, 3, 0, 2, 3, 2, 1, 2, 1, 2, 2, 3, 2, 0, 0, 2, 0, 3, 3, 1, 1, 1, 3, 1, 0, 0, 2, 1, 3, 1, 2, 3, 0, 2, 0, 0, 0, 1
RUN_2026-06-19_lowB_baselines_r3c532, 23, 0, 999, 15, 999, 16, 999, 999, 191, 9, 128, 80, 48, 192, 7, 175, 999, 12, 160, 999, 14, 143, 64, 999, 999, 999, 999, 999, 10, 1, 999, 11, 999, 999, 31, 2, 4, 8, 5, 63, 127, 999, 32, 159, 999, 96, 111, 47, 112, 999, 6, 176, 144, 999, 95, 79, 999, 999, 207, 13, 3, 999, 999, 189, 198, 20, 157, 188, 999, 182, 106, 105, 121, 125, 40, 52, 126, 199, 173, 179, 181, 17, 36, 142, 114, 999, 39, 113, 197, 196, 76, 999, 107, 124, 38, 75, 136, 19, 152, 195, 54, 999, 205, 66, 204, 24, 59, 100, 22, 25, 202, 65, 135, 999, 177, 201, 101, 183, 999, 999, 999, 184, 119, 999, 154, 151, 118, 60, 50, 26, 999, 190, 185, 61, 62, 138, 174, 83, 21, 115, 999, 44, 164, 104, 84, 146, 69, 999, 88, 72, 35, 70, 165, 99, 172, 122, 130, 999, 129, 43, 68, 145, 999, 158, 71, 999, 109, 133, 149, 148, 116, 180, 131, 81, 93, 37, 34, 41, 103, 30, 82, 120, 29, 108, 203, 999, 193, 28, 999, 162, 999, 178, 91, 141, 56, 55, 194, 156, 110, 92, 999, 87, 999, 999, 49, 137, 57, 53, 45, 155, 132, 89, 90, 46, 999, 78, 74, 27, 77, 117, 171, 147, 58, 169, 187, 51, 134, 167, 200, 168, 153, 166, 85, 999, 98, 999, 161, 94, 18, 163, 67, 123, 86, 33, 150, 140, 999, 73, 97, 23, 186, 42, 102, 999, 206, 170, 139, 3, 0, 1, 0, 0, 0, 0, 1, 2, 3, 1, 0, 3, 3, 0, 0, 3, 1, 0, 0, 3, 3, 0, 0, 0, 0, 0, 2, 0, 0, 1, 0, 0, 1, 3, 3, 3, 1, 3, 3, 0, 0, 1, 0, 3, 2, 0, 1, 0, 2, 2, 2, 0, 2, 2, 0, 0, 3, 0, 1, 0, 0, 2, 3, 3, 3, 2, 0, 0, 2, 1, 2, 3, 3, 3, 1, 1, 1, 0, 3, 1, 2, 1, 0, 0, 1, 1, 3, 3, 0, 0, 3, 1, 1, 3, 3, 0, 2, 0, 0, 0, 2, 3, 2, 1, 0, 2, 2, 1, 2, 1, 2, 0, 2, 2, 0, 2, 0, 0, 0, 1, 2, 0, 3, 3, 3, 0, 1, 1, 0, 2, 3, 0, 1, 1, 3, 1, 2, 1, 0, 3, 0, 0, 0, 2, 0, 0, 2, 3, 0, 1, 1, 0, 3, 0, 3, 0, 2, 0, 0, 0, 0, 3, 1, 0, 3, 3, 2, 2, 1, 0, 0, 3, 3, 3, 1, 3, 0, 2, 0, 2, 0, 0, 2, 0, 2, 0, 0, 1, 0, 1, 2, 0, 2, 0, 1, 0, 1, 0, 0, 1, 0, 0, 1, 3, 3, 1, 3, 3, 1, 3, 0, 2, 0, 1, 3, 0, 3, 3, 3, 0, 2, 3, 2, 1, 2, 1, 2, 2, 3, 2, 0, 0, 2, 0, 3, 3, 1, 1, 1, 3, 1, 0, 0, 2, 0, 3, 1, 2, 3, 0, 2, 0, 3, 0, 1
RUN_2026-06-19_lowB_baselines_r3c532, 24, 0, 999, 15, 999, 16, 999, 999, 191, 9, 128, 80, 48, 999, 7, 175, 999, 12, 160, 999, 14, 143, 64, 999, 999, 999, 999, 999, 10, 1, 192, 11, 999, 999, 31, 2, 4, 8, 5, 63, 127, 999, 32, 159, 999, 96, 111, 47, 112, 999, 6, 176, 144, 999, 95, 79, 999, 207, 999, 13, 3, 999, 999, 189, 999, 20, 157, 188, 999, 182, 106, 105, 121, 125, 40, 52, 126, 999, 173, 179, 181, 17, 36, 142, 114, 195, 39, 113, 999, 999, 76, 999, 107, 124, 38, 75, 136, 19, 152, 999, 54, 194, 205, 66, 204, 24, 59, 100, 22, 25, 202, 65, 135, 999, 177, 193, 101, 183, 197, 201, 999, 184, 119, 196, 154, 151, 118, 60, 50, 26, 999, 190, 185, 61, 62, 138, 174, 83, 21, 115, 999, 44, 164, 104, 84, 146, 69, 198, 88, 72, 35, 70, 165, 99, 172, 122, 130, 999, 129, 43, 68, 145, 999, 158, 71, 999, 109, 133, 149, 148, 116, 180, 131, 81, 93, 37, 34, 41, 103, 30, 82, 120, 29, 108, 999, 999, 999, 28, 200, 162, 999, 178, 91, 141, 56, 55, 999, 156, 110, 92, 999, 87, 203, 999, 49, 137, 57, 53, 45, 155, 132, 89, 90, 46, 999, 78, 74, 27, 77, 117, 171, 147, 58, 169, 187, 51, 134, 167, 999, 168, 153, 166, 85, 999, 98, 999, 161, 94, 18, 163, 67, 123, 86, 33, 150, 140, 199, 73, 97, 23, 186, 42, 102, 999, 206, 170, 139, 3, 0, 1, 0, 0, 0, 0, 1, 2, 3, 1, 0, 0, 3, 0, 0, 3, 1, 0, 0, 3, 3, 0, 0, 0, 0, 0, 2, 0, 0, 1, 0, 0, 1, 3, 3, 3, 1, 3, 3, 0, 0, 1, 0, 3, 2, 0, 1, 0, 2, 2, 2, 0, 2, 2, 0, 2, 0, 0, 1, 0, 0, 2, 0, 3, 3, 2, 0, 0, 2, 1, 2, 3, 3, 3, 1, 0, 1, 0, 3, 1, 2, 1, 0, 2, 1, 1, 0, 0, 0, 0, 3, 1, 1, 3, 3, 0, 2, 0, 0, 0, 2, 3, 2, 1, 0, 2, 2, 1, 2, 1, 2, 0, 2, 3, 0, 2, 0, 2, 0, 1, 2, 3, 3, 3, 3, 0, 1, 1, 0, 2, 3, 0, 1, 1, 3, 1, 2, 1, 0, 3, 0, 0, 0, 2, 0, 3, 2, 3, 0, 1, 1, 0, 3, 0, 3, 0, 2, 0, 0, 0, 0, 3, 1, 0, 3, 3, 2, 2, 1, 0, 0, 3, 3, 3, 1, 3, 0, 2, 0, 2, 0, 0, 0, 0, 0, 0, 1, 1, 0, 1, 2, 0, 2, 0, 0, 0, 1, 0, 0, 1, 1, 0, 1, 3, 3, 1, 3, 3, 1, 3, 0, 2, 0, 1, 3, 0, 3, 3, 3, 0, 2, 3, 2, 1, 2, 1, 0, 2, 3, 2, 0, 0, 2, 0, 3, 3, 1, 1, 1, 3, 1, 0, 0, 2, 2, 3, 1, 2, 3, 0, 2, 0, 3, 0, 1
RUN_2026-06-19_lowB_baselines_r3c532, 25, 0, 999, 15, 999, 16, 999, 999, 191, 9, 128, 80, 48, 999, 7, 175, 999, 12, 160, 999, 14, 143, 64, 999, 999, 999, 999, 999, 10, 1, 192, 11, 999, 999, 31, 2, 4, 8, 5, 63, 127, 999, 32, 159, 999, 96, 111, 47, 112, 999, 6, 176, 144, 999, 95, 79, 999, 999, 207, 13, 3, 999, 999, 189, 999, 20, 157, 188, 999, 182, 106, 105, 121, 125, 40, 52, 126, 999, 173, 179, 181, 17, 36, 142, 114, 195, 39, 113, 999, 999, 76, 999, 107, 124, 38, 75, 136, 19, 152, 999, 54, 194, 205, 66, 204, 24, 59, 100, 22, 25, 202, 65, 135, 999, 177, 193, 101, 183, 197, 201, 999, 184, 119, 196, 154, 151, 118, 60, 50, 26, 999, 190, 185, 61, 62, 138, 174, 83, 21, 115, 999, 44, 164, 104, 84, 146, 69, 198, 88, 72, 35, 70, 165, 99, 172, 122, 130, 999, 129, 43, 68, 145, 999, 158, 71, 999, 109, 133, 149, 148, 116, 180, 131, 81, 93, 37, 34, 41, 103, 30, 82, 120, 29, 108, 999, 999, 999, 28, 200, 162, 999, 178, 91, 141, 56, 55, 999, 156, 110, 92, 999, 87, 203, 999, 49, 137, 57, 53, 45, 155, 132, 89, 90, 46, 999, 78, 74, 27, 77, 117, 171, 147, 58, 169, 187, 51, 134, 167, 999, 168, 153, 166, 85, 999, 98, 999, 161, 94, 18, 163, 67, 123, 86, 33, 150, 140, 199, 73, 97, 23, 186, 42, 102, 999, 206, 170, 139, 3, 0, 1, 0, 0, 0, 0, 1, 2, 3, 1, 0, 0, 3, 0, 0, 3, 1, 0, 0, 3, 3, 0, 0, 0, 0, 0, 2, 0, 0, 1, 0, 0, 1, 3, 3, 3, 1, 3, 3, 0, 0, 1, 0, 3, 2, 0, 1, 0, 2, 2, 2, 0, 2, 2, 0, 0, 3, 0, 1, 0, 0, 2, 0, 3, 3, 2, 0, 0, 2, 1, 2, 3, 3, 3, 1, 0, 1, 0, 3, 1, 2, 1, 0, 2, 1, 1, 0, 0, 0, 0, 3, 1, 1, 3, 3, 0, 2, 0, 0, 0, 2, 3, 2, 1, 0, 2, 2, 1, 2, 1, 2, 0, 2, 3, 0, 2, 0, 2, 0, 1, 2, 3, 3, 3, 3, 0, 1, 1, 0, 2, 3, 0, 1, 1, 3, 1, 2, 1, 0, 3, 0, 0, 0, 2, 0, 3, 2, 3, 0, 1, 1, 0, 3, 0, 3, 0, 2, 0, 0, 0, 0, 3, 1, 0, 3, 3, 2, 2, 1, 0, 0, 3, 3, 3, 1, 3, 0, 2, 0, 2, 0, 0, 0, 0, 0, 0, 1, 1, 0, 1, 2, 0, 2, 0, 0, 0, 1, 0, 0, 1, 1, 0, 1, 3, 3, 1, 3, 3, 1, 3, 0, 2, 0, 1, 3, 0, 3, 3, 3, 0, 2, 3, 2, 1, 2, 1, 0, 2, 3, 2, 0, 0, 2, 0, 3, 3, 1, 1, 1, 3, 1, 0, 0, 2, 2, 3, 1, 2, 3, 0, 2, 0, 3, 0, 1
RUN_2026-06-19_lowB_baselines_r3c532, 26, 0, 999, 15, 999, 16, 999, 999, 191, 9, 128, 80, 48, 192, 7, 175, 999, 12, 160, 999, 14, 143, 64, 999, 999, 999, 999, 999, 10, 1, 999, 11, 999, 999, 31, 2, 4, 8, 5, 63, 127, 999, 32, 159, 999, 96, 111, 47, 112, 999, 6, 176, 144, 207, 95, 79, 999, 999, 999, 13, 3, 999, 999, 189, 198, 20, 157, 188, 999, 182, 106, 105, 121, 125, 40, 52, 126, 199, 173, 179, 181, 17, 36, 142, 114, 999, 39, 113, 197, 196, 76, 999, 107, 124, 38, 75, 136, 19, 152, 195, 54, 999, 205, 66, 204, 24, 59, 100, 22, 25, 202, 65, 135, 999, 177, 201, 101, 183, 999, 999, 999, 184, 119, 999, 154, 151, 118, 60, 50, 26, 999, 190, 185, 61, 62, 138, 174, 83, 21, 115, 999, 44, 164, 104, 84, 146, 69, 999, 88, 72, 35, 70, 165, 99, 172, 122, 130, 999, 129, 43, 68, 145, 999, 158, 71, 999, 109, 133, 149, 148, 116, 180, 131, 81, 93, 37, 34, 41, 103, 30, 82, 120, 29, 108, 203, 999, 193, 28, 999, 162, 999, 178, 91, 141, 56, 55, 194, 156, 110, 92, 999, 87, 999, 999, 49, 137, 57, 53, 45, 155, 132, 89, 90, 46, 999, 78, 74, 27, 77, 117, 171, 147, 58, 169, 187, 51, 134, 167, 200, 168, 153, 166, 85, 999, 98, 999, 161, 94, 18, 163, 67, 123, 86, 33, 150, 140, 206, 73, 97, 23, 186, 42, 102, 999, 999, 170, 139, 3, 0, 1, 0, 0, 0, 0, 1, 2, 3, 1, 0, 3, 3, 0, 0, 3, 1, 0, 0, 3, 3, 0, 0, 0, 0, 0, 2, 0, 0, 1, 0, 0, 1, 3, 3, 3, 1, 3, 3, 0, 0, 1, 0, 3, 2, 0, 1, 0, 2, 2, 2, 3, 2, 2, 0, 0, 0, 0, 1, 0, 0, 2, 3, 3, 3, 2, 0, 0, 2, 1, 2, 3, 3, 3, 1, 1, 1, 0, 3, 1, 2, 1, 0, 0, 1, 1, 3, 3, 0, 0, 3, 1, 1, 3, 3, 0, 2, 0, 0, 0, 2, 3, 2, 1, 0, 2, 2, 1, 2, 1, 2, 0, 2, 2, 0, 2, 0, 0, 0, 1, 2, 0, 3, 3, 3, 0, 1, 1, 0, 2, 3, 0, 1, 1, 3, 1, 2, 1, 0, 3, 0, 0, 0, 2, 0, 0, 2, 3, 0, 1, 1, 0, 3, 0, 3, 0, 2, 0, 0, 0, 0, 3, 1, 0, 3, 3, 2, 2, 1, 0, 0, 3, 3, 3, 1, 3, 0, 2, 0, 2, 0, 0, 2, 0, 2, 0, 0, 1, 0, 1, 2, 0, 2, 0, 1, 0, 1, 0, 0, 1, 0, 0, 1, 3, 3, 1, 3, 3, 1, 3, 0, 2, 0, 1, 3, 0, 3, 3, 3, 0, 2, 3, 2, 1, 2, 1, 2, 2, 3, 2, 0, 0, 2, 0, 3, 3, 1, 1, 1, 3, 1, 0, 0, 2, 1, 3, 1, 2, 3, 0, 2, 0, 0, 0, 1
RUN_2026-06-19_lowB_baselines_r3c532, 27, 0, 999, 15, 999, 16, 999, 999, 191, 9, 128, 80, 48, 192, 7, 175, 999, 12, 160, 999, 14, 143, 64, 999, 999, 999, 999, 999, 10, 1, 999, 11, 999, 999, 31, 2, 4, 8, 5, 63, 127, 999, 32, 159, 999, 96, 111, 47, 112, 999, 6, 176, 144, 999, 95, 79, 999, 207, 999, 13, 3, 999, 999, 189, 198, 20, 157, 188, 999, 182, 106, 105, 121, 125, 40, 52, 126, 199, 173, 179, 181, 17, 36, 142, 114, 999, 39, 113, 197, 196, 76, 999, 107, 124, 38, 75, 136, 19, 152, 195, 54, 999, 205, 66, 204, 24, 59, 100, 22, 25, 202, 65, 135, 999, 177, 999, 101, 183, 999, 201, 999, 184, 119, 999, 154, 151, 118, 60, 50, 26, 999, 190, 185, 61, 62, 138, 174, 83, 21, 115, 999, 44, 164, 104, 84, 146, 69, 999, 88, 72, 35, 70, 165, 99, 172, 122, 130, 999, 129, 43, 68, 145, 999, 158, 71, 999, 109, 133, 149, 148, 116, 180, 131, 81, 93, 37, 34, 41, 103, 30, 82, 120, 29, 108, 999, 999, 193, 28, 999, 162, 999, 178, 91, 141, 56, 55, 194, 156, 110, 92, 999, 87, 203, 999, 49, 137, 57, 53, 45, 155, 132, 89, 90, 46, 999, 78, 74, 27, 77, 117, 171, 147, 58, 169, 187, 51, 134, 167, 999, 168, 153, 166, 85, 999, 98, 200, 161, 94, 18, 163, 67, 123, 86, 33, 150, 140, 999, 73, 97, 23, 186, 42, 102, 999, 206, 170, 139, 3, 0, 1, 0, 0, 0, 0, 1, 2, 3, 1, 0, 3, 3, 0, 0, 3, 1, 0, 0, 3, 3, 0, 0, 0, 0, 0, 2, 0, 0, 1, 0, 0, 1, 3, 3, 3, 1, 3, 3, 0, 0, 1, 0, 3, 2, 0, 1, 0, 2, 2, 2, 0, 2, 2, 0, 2, 0, 0, 1, 0, 0, 2, 3, 3, 3, 2, 0, 0, 2, 1, 2, 3, 3, 3, 1, 1, 1, 0, 3, 1, 2, 1, 0, 0, 1, 1, 3, 3, 0, 0, 3, 1, 1, 3, 3, 0, 2, 0, 0, 0, 2, 3, 2, 1, 0, 2, 2, 1, 2, 1, 2, 0, 2, 0, 0, 2, 0, 2, 0, 1, 2, 0, 3, 3, 3, 0, 1, 1, 0, 2, 3, 0, 1, 1, 3, 1, 2, 1, 0, 3, 0, 0, 0, 2, 0, 0, 2, 3, 0, 1, 1, 0, 3, 0, 3, 0, 2, 0, 0, 0, 0, 3, 1, 0, 3, 3, 2, 2, 1, 0, 0, 3, 3, 3, 1, 3, 0, 2, 0, 2, 0, 0, 0, 0, 2, 0, 0, 1, 0, 1, 2, 0, 2, 0, 1, 0, 1, 0, 0, 1, 1, 0, 1, 3, 3, 1, 3, 3, 1, 3, 0, 2, 0, 1, 3, 0, 3, 3, 3, 0, 2, 3, 2, 1, 2, 1, 0, 2, 3, 2, 0, 0, 2, 0, 3, 3, 1, 1, 1, 3, 1, 0, 0, 2, 0, 3, 1, 2, 3, 0, 2, 0, 3, 0, 1
RUN_2026-06-19_lowB_baselines_r3c532, 28, 0, 999, 15, 999, 16, 999, 999, 191, 9, 128, 80, 48, 192, 7, 175, 999, 12, 160, 999, 14, 143, 64, 999, 999, 999, 999, 999, 10, 1, 999, 11, 999, 999, 31, 2, 4, 8, 5, 63, 127, 999, 32, 159, 999, 96, 111, 47, 112, 999, 6, 176, 144, 207, 95, 79, 999, 999, 999, 13, 3, 999, 999, 189, 198, 20, 157, 188, 999, 182, 106, 105, 121, 125, 40, 52, 126, 199, 173, 179, 181, 17, 36, 142, 114, 999, 39, 113, 197, 196, 76, 999, 107, 124, 38, 75, 136, 19, 152, 195, 54, 999, 205, 66, 204, 24, 59, 100, 22, 25, 202, 65, 135, 999, 177, 999, 101, 183, 999, 201, 999, 184, 119, 999, 154, 151, 118, 60, 50, 26, 999, 190, 185, 61, 62, 138, 174, 83, 21, 115, 999, 44, 164, 104, 84, 146, 69, 999, 88, 72, 35, 70, 165, 99, 172, 122, 130, 999, 129, 43, 68, 145, 999, 158, 71, 999, 109, 133, 149, 148, 116, 180, 131, 81, 93, 37, 34, 41, 103, 30, 82, 120, 29, 108, 999, 999, 193, 28, 999, 162, 999, 178, 91, 141, 56, 55, 194, 156, 110, 92, 999, 87, 203, 999, 49, 137, 57, 53, 45, 155, 132, 89, 90, 46, 999, 78, 74, 27, 77, 117, 171, 147, 58, 169, 187, 51, 134, 167, 999, 168, 153, 166, 85, 999, 98, 200, 161, 94, 18, 163, 67, 123, 86, 33, 150, 140, 206, 73, 97, 23, 186, 42, 102, 999, 999, 170, 139, 3, 0, 1, 0, 0, 0, 0, 1, 2, 3, 1, 0, 3, 3, 0, 0, 3, 1, 0, 0, 3, 3, 0, 0, 0, 0, 0, 2, 0, 0, 1, 0, 0, 1, 3, 3, 3, 1, 3, 3, 0, 0, 1, 0, 3, 2, 0, 1, 0, 2, 2, 2, 3, 2, 2, 0, 0, 0, 0, 1, 0, 0, 2, 3, 3, 3, 2, 0, 0, 2, 1, 2, 3, 3, 3, 1, 1, 1, 0, 3, 1, 2, 1, 0, 0, 1, 1, 3, 3, 0, 0, 3, 1, 1, 3, 3, 0, 2, 0, 0, 0, 2, 3, 2, 1, 0, 2, 2, 1, 2, 1, 2, 0, 2, 0, 0, 2, 0, 2, 0, 1, 2, 0, 3, 3, 3, 0, 1, 1, 0, 2, 3, 0, 1, 1, 3, 1, 2, 1, 0, 3, 0, 0, 0, 2, 0, 0, 2, 3, 0, 1, 1, 0, 3, 0, 3, 0, 2, 0, 0, 0, 0, 3, 1, 0, 3, 3, 2, 2, 1, 0, 0, 3, 3, 3, 1, 3, 0, 2, 0, 2, 0, 0, 0, 0, 2, 0, 0, 1, 0, 1, 2, 0, 2, 0, 1, 0, 1, 0, 0, 1, 1, 0, 1, 3, 3, 1, 3, 3, 1, 3, 0, 2, 0, 1, 3, 0, 3, 3, 3, 0, 2, 3, 2, 1, 2, 1, 0, 2, 3, 2, 0, 0, 2, 0, 3, 3, 1, 1, 1, 3, 1, 0, 0, 2, 1, 3, 1, 2, 3, 0, 2, 0, 0, 0, 1
RUN_2026-06-19_lowB_baselines_r3c532, 29, 0, 999, 15, 999, 16, 999, 999, 191, 9, 128, 80, 48, 192, 7, 175, 999, 12, 160, 999, 14, 143, 64, 999, 999, 999, 999, 999, 10, 1, 999, 11, 999, 999, 31, 2, 4, 8, 5, 63, 127, 999, 32, 159, 999, 96, 111, 47, 112, 999, 6, 176, 144, 207, 95, 79, 999, 999, 999, 13, 3, 999, 999, 189, 198, 20, 157, 188, 999, 182, 106, 105, 121, 125, 40, 52, 126, 199, 173, 179, 181, 17, 36, 142, 114, 999, 39, 113, 197, 196, 76, 999, 107, 124, 38, 75, 136, 19, 152, 195, 54, 999, 205, 66, 204, 24, 59, 100, 22, 25, 202, 65, 135, 999, 177, 999, 101, 183, 999, 201, 999, 184, 119, 999, 154, 151, 118, 60, 50, 26, 999, 190, 185, 61, 62, 138, 174, 83, 21, 115, 999, 44, 164, 104, 84, 146, 69, 999, 88, 72, 35, 70, 165, 99, 172, 122, 130, 999, 129, 43, 68, 145, 999, 158, 71, 999, 109, 133, 149, 148, 116, 180, 131, 81, 93, 37, 34, 41, 103, 30, 82, 120, 29, 108, 203, 999, 193, 28, 999, 162, 999, 178, 91, 141, 56, 55, 194, 156, 110, 92, 999, 87, 999, 999, 49, 137, 57, 53, 45, 155, 132, 89, 90, 46, 999, 78, 74, 27, 77, 117, 171, 147, 58, 169, 187, 51, 134, 167, 999, 168, 153, 166, 85, 999, 98, 200, 161, 94, 18, 163, 67, 123, 86, 33, 150, 140, 206, 73, 97, 23, 186, 42, 102, 999, 999, 170, 139, 3, 0, 1, 0, 0, 0, 0, 1, 2, 3, 1, 0, 3, 3, 0, 0, 3, 1, 0, 0, 3, 3, 0, 0, 0, 0, 0, 2, 0, 0, 1, 0, 0, 1, 3, 3, 3, 1, 3, 3, 0, 0, 1, 0, 3, 2, 0, 1, 0, 2, 2, 2, 3, 2, 2, 0, 0, 0, 0, 1, 0, 0, 2, 3, 3, 3, 2, 0, 0, 2, 1, 2, 3, 3, 3, 1, 1, 1, 0, 3, 1, 2, 1, 0, 0, 1, 1, 3, 3, 0, 0, 3, 1, 1, 3, 3, 0, 2, 0, 0, 0, 2, 3, 2, 1, 0, 2, 2, 1, 2, 1, 2, 0, 2, 0, 0, 2, 0, 2, 0, 1, 2, 0, 3, 3, 3, 0, 1, 1, 0, 2, 3, 0, 1, 1, 3, 1, 2, 1, 0, 3, 0, 0, 0, 2, 0, 0, 2, 3, 0, 1, 1, 0, 3, 0, 3, 0, 2, 0, 0, 0, 0, 3, 1, 0, 3, 3, 2, 2, 1, 0, 0, 3, 3, 3, 1, 3, 0, 2, 0, 2, 0, 0, 2, 0, 2, 0, 0, 1, 0, 1, 2, 0, 2, 0, 1, 0, 1, 0, 0, 1, 0, 0, 1, 3, 3, 1, 3, 3, 1, 3, 0, 2, 0, 1, 3, 0, 3, 3, 3, 0, 2, 3, 2, 1, 2, 1, 0, 2, 3, 2, 0, 0, 2, 0, 3, 3, 1, 1, 1, 3, 1, 0, 0, 2, 1, 3, 1, 2, 3, 0, 2, 0, 0, 0, 1
RUN_2026-06-19_lowB_baselines_r3c532, 30, 0, 999, 15, 999, 16, 999, 999, 191, 9, 128, 80, 48, 192, 7, 175, 999, 12, 160, 999, 14, 143, 64, 999, 999, 999, 999, 999, 10, 1, 999, 11, 999, 999, 31, 2, 4, 8, 5, 63, 127, 999, 32, 159, 999, 96, 111, 47, 112, 999, 6, 176, 144, 999, 95, 79, 999, 207, 999, 13, 3, 999, 999, 189, 198, 20, 157, 188, 999, 182, 106, 105, 121, 125, 40, 52, 126, 199, 173, 179, 181, 17, 36, 142, 114, 999, 39, 113, 197, 196, 76, 999, 107, 124, 38, 75, 136, 19, 152, 195, 54, 999, 205, 66, 204, 24, 59, 100, 22, 25, 202, 65, 135, 999, 177, 999, 101, 183, 999, 201, 999, 184, 119, 999, 154, 151, 118, 60, 50, 26, 999, 190, 185, 61, 62, 138, 174, 83, 21, 115, 999, 44, 164, 104, 84, 146, 69, 999, 88, 72, 35, 70, 165, 99, 172, 122, 130, 999, 129, 43, 68, 145, 999, 158, 71, 999, 109, 133, 149, 148, 116, 180, 131, 81, 93, 37, 34, 41, 103, 30, 82, 120, 29, 108, 203, 999, 193, 28, 999, 162, 999, 178, 91, 141, 56, 55, 194, 156, 110, 92, 999, 87, 999, 999, 49, 137, 57, 53, 45, 155, 132, 89, 90, 46, 999, 78, 74, 27, 77, 117, 171, 147, 58, 169, 187, 51, 134, 167, 999, 168, 153, 166, 85, 999, 98, 200, 161, 94, 18, 163, 67, 123, 86, 33, 150, 140, 999, 73, 97, 23, 186, 42, 102, 999, 206, 170, 139, 3, 0, 1, 0, 0, 0, 0, 1, 2, 3, 1, 0, 3, 3, 0, 0, 3, 1, 0, 0, 3, 3, 0, 0, 0, 0, 0, 2, 0, 0, 1, 0, 0, 1, 3, 3, 3, 1, 3, 3, 0, 0, 1, 0, 3, 2, 0, 1, 0, 2, 2, 2, 0, 2, 2, 0, 2, 0, 0, 1, 0, 0, 2, 3, 3, 3, 2, 0, 0, 2, 1, 2, 3, 3, 3, 1, 1, 1, 0, 3, 1, 2, 1, 0, 0, 1, 1, 3, 3, 0, 0, 3, 1, 1, 3, 3, 0, 2, 0, 0, 0, 2, 3, 2, 1, 0, 2, 2, 1, 2, 1, 2, 0, 2, 0, 0, 2, 0, 2, 0, 1, 2, 0, 3, 3, 3, 0, 1, 1, 0, 2, 3, 0, 1, 1, 3, 1, 2, 1, 0, 3, 0, 0, 0, 2, 0, 0, 2, 3, 0, 1, 1, 0, 3, 0, 3, 0, 2, 0, 0, 0, 0, 3, 1, 0, 3, 3, 2, 2, 1, 0, 0, 3, 3, 3, 1, 3, 0, 2, 0, 2, 0, 0, 2, 0, 2, 0, 0, 1, 0, 1, 2, 0, 2, 0, 1, 0, 1, 0, 0, 1, 0, 0, 1, 3, 3, 1, 3, 3, 1, 3, 0, 2, 0, 1, 3, 0, 3, 3, 3, 0, 2, 3, 2, 1, 2, 1, 0, 2, 3, 2, 0, 0, 2, 0, 3, 3, 1, 1, 1, 3, 1, 0, 0, 2, 0, 3, 1, 2, 3, 0, 2, 0, 3, 0, 1
RUN_2026-06-19_lowB_baselines_r3c3, 31, 0, 999, 15, 999, 160, 192, 16, 999, 8, 80, 999, 144, 159, 6, 143, 999, 4, 112, 127, 14, 79, 999, 999, 999, 176, 999, 999, 1, 2, 999, 3, 999, 111, 31, 12, 9, 7, 10, 999, 63, 95, 32, 128, 999, 207, 47, 48, 64, 175, 5, 999, 96, 191, 999, 999, 999, 999, 999, 13, 11, 60, 126, 193, 110, 173, 100, 18, 67, 44, 56, 161, 23, 999, 19, 125, 94, 129, 999, 51, 153, 83, 999, 35, 174, 66, 149, 65, 61, 169, 999, 999, 62, 194, 116, 145, 22, 172, 165, 999, 55, 107, 137, 151, 999, 36, 135, 999, 138, 17, 142, 146, 37, 120, 34, 999, 91, 182, 177, 197, 999, 156, 121, 130, 122, 150, 123, 198, 21, 200, 104, 108, 179, 196, 999, 157, 180, 81, 999, 999, 97, 101, 999, 148, 117, 84, 999, 118, 119, 82, 109, 132, 203, 187, 999, 68, 171, 76, 45, 189, 124, 999, 20, 202, 140, 199, 78, 999, 204, 113, 205, 185, 154, 147, 136, 999, 190, 999, 59, 30, 105, 29, 77, 195, 27, 999, 43, 99, 50, 73, 89, 72, 88, 155, 24, 170, 999, 42, 74, 168, 103, 167, 186, 41, 999, 71, 114, 26, 102, 999, 57, 52, 141, 134, 38, 54, 98, 87, 53, 85, 28, 25, 999, 39, 86, 33, 93, 40, 183, 92, 90, 58, 49, 188, 70, 69, 184, 178, 75, 131, 152, 115, 133, 162, 46, 999, 999, 163, 206, 999, 201, 139, 158, 106, 181, 164, 166, 3, 0, 1, 0, 0, 3, 3, 0, 2, 3, 0, 0, 1, 3, 0, 0, 3, 1, 1, 0, 3, 0, 0, 0, 0, 0, 0, 2, 0, 0, 1, 0, 1, 1, 3, 3, 3, 1, 0, 3, 3, 0, 3, 0, 1, 2, 2, 1, 2, 2, 0, 2, 3, 0, 0, 0, 0, 0, 0, 1, 0, 0, 0, 2, 3, 3, 2, 1, 3, 0, 2, 1, 0, 3, 0, 1, 0, 0, 2, 0, 2, 0, 3, 2, 1, 2, 1, 1, 2, 0, 0, 3, 3, 3, 2, 2, 0, 2, 0, 1, 2, 3, 3, 0, 1, 1, 0, 1, 2, 1, 0, 3, 1, 3, 0, 3, 3, 3, 1, 0, 3, 1, 0, 0, 0, 1, 1, 3, 3, 2, 2, 2, 0, 0, 2, 1, 1, 0, 0, 1, 3, 0, 0, 2, 2, 0, 2, 3, 3, 0, 0, 1, 0, 0, 0, 2, 2, 0, 3, 1, 0, 2, 1, 0, 0, 2, 0, 3, 0, 1, 0, 0, 3, 0, 0, 3, 0, 0, 2, 3, 0, 0, 0, 1, 0, 1, 1, 1, 2, 0, 1, 3, 3, 2, 1, 0, 2, 2, 1, 2, 1, 2, 0, 0, 0, 1, 2, 3, 0, 3, 3, 0, 3, 0, 2, 1, 1, 2, 0, 2, 2, 0, 0, 0, 2, 3, 2, 0, 0, 2, 2, 2, 1, 3, 2, 3, 0, 1, 2, 1, 0, 0, 2, 3, 0, 0, 0, 3, 0, 2, 3, 1, 2, 1, 2, 2
RUN_2026-06-19_lowB_baselines_r3c3, 32, 0, 999, 15, 999, 160, 999, 16, 999, 8, 80, 999, 144, 159, 6, 143, 999, 4, 112, 127, 14, 79, 999, 999, 999, 176, 999, 999, 1, 2, 999, 3, 999, 111, 31, 12, 9, 7, 10, 999, 63, 95, 32, 128, 207, 999, 47, 48, 64, 175, 5, 192, 96, 191, 999, 999, 999, 999, 999, 13, 11, 60, 126, 193, 110, 173, 100, 18, 67, 44, 56, 161, 23, 999, 19, 125, 94, 129, 999, 51, 153, 83, 999, 35, 174, 66, 149, 65, 61, 169, 999, 999, 62, 194, 116, 145, 22, 172, 165, 999, 55, 107, 137, 151, 999, 36, 135, 999, 138, 17, 142, 146, 37, 120, 34, 999, 91, 182, 177, 197, 999, 156, 121, 130, 122, 150, 123, 198, 21, 200, 104, 108, 179, 196, 999, 157, 180, 81, 999, 999, 97, 101, 999, 148, 117, 84, 999, 118, 119, 82, 109, 132, 203, 187, 999, 68, 171, 76, 45, 189, 124, 999, 20, 202, 140, 199, 78, 999, 204, 113, 205, 185, 154, 147, 136, 999, 190, 999, 59, 30, 105, 29, 77, 195, 27, 999, 43, 99, 50, 73, 89, 72, 88, 155, 24, 170, 999, 42, 74, 168, 103, 167, 186, 41, 999, 71, 114, 26, 102, 999, 57, 52, 141, 134, 38, 54, 98, 87, 53, 85, 28, 25, 999, 39, 86, 33, 93, 40, 183, 92, 90, 58, 49, 188, 70, 69, 184, 178, 75, 131, 152, 115, 133, 162, 46, 999, 999, 163, 999, 206, 201, 139, 158, 106, 181, 164, 166, 3, 0, 1, 0, 0, 0, 3, 0, 2, 3, 0, 0, 1, 3, 0, 0, 3, 1, 1, 0, 3, 0, 0, 0, 0, 0, 0, 2, 0, 0, 1, 0, 1, 1, 3, 3, 3, 1, 0, 3, 3, 0, 3, 0, 0, 2, 2, 1, 2, 2, 2, 2, 3, 0, 0, 0, 0, 0, 0, 1, 0, 0, 0, 2, 3, 3, 2, 1, 3, 0, 2, 1, 0, 3, 0, 1, 0, 0, 2, 0, 2, 0, 3, 2, 1, 2, 1, 1, 2, 0, 0, 3, 3, 3, 2, 2, 0, 2, 0, 1, 2, 3, 3, 0, 1, 1, 0, 1, 2, 1, 0, 3, 1, 3, 0, 3, 3, 3, 1, 0, 3, 1, 0, 0, 0, 1, 1, 3, 3, 2, 2, 2, 0, 0, 2, 1, 1, 0, 0, 1, 3, 0, 0, 2, 2, 0, 2, 3, 3, 0, 0, 1, 0, 0, 0, 2, 2, 0, 3, 1, 0, 2, 1, 0, 0, 2, 0, 3, 0, 1, 0, 0, 3, 0, 0, 3, 0, 0, 2, 3, 0, 0, 0, 1, 0, 1, 1, 1, 2, 0, 1, 3, 3, 2, 1, 0, 2, 2, 1, 2, 1, 2, 0, 0, 0, 1, 2, 3, 0, 3, 3, 0, 3, 0, 2, 1, 1, 2, 0, 2, 2, 0, 0, 0, 2, 3, 2, 0, 0, 2, 2, 2, 1, 3, 2, 3, 0, 1, 2, 1, 0, 0, 2, 3, 0, 0, 0, 0, 0, 2, 3, 1, 2, 1, 2, 2
RUN_2026-06-19_lowB_baselines_r3c3, 33, 0, 999, 15, 999, 160, 192, 16, 999, 8, 80, 999, 144, 159, 6, 143, 999, 4, 112, 127, 14, 79, 999, 999, 999, 176, 999, 999, 1, 2, 999, 3, 999, 111, 31, 12, 9, 7, 10, 999, 63, 95, 32, 128, 207, 999, 47, 48, 64, 175, 5, 999, 96, 191, 999, 999, 999, 999, 999, 13, 11, 60, 126, 193, 110, 173, 100, 18, 67, 44, 56, 161, 23, 999, 19, 125, 94, 129, 999, 51, 153, 83, 999, 35, 174, 66, 149, 65, 61, 169, 999, 203, 62, 194, 116, 145, 22, 172, 165, 999, 55, 107, 137, 151, 999, 36, 135, 204, 138, 17, 142, 146, 37, 120, 34, 999, 91, 182, 177, 197, 999, 156, 121, 130, 122, 150, 123, 198, 21, 200, 104, 108, 179, 196, 999, 157, 180, 81, 999, 999, 97, 101, 999, 148, 117, 84, 999, 118, 119, 82, 109, 132, 999, 187, 999, 68, 171, 76, 45, 189, 124, 999, 20, 999, 140, 199, 78, 999, 999, 113, 205, 185, 154, 147, 136, 999, 190, 999, 59, 30, 105, 29, 77, 195, 27, 999, 43, 99, 50, 73, 89, 72, 88, 155, 24, 170, 202, 42, 74, 168, 103, 167, 186, 41, 999, 71, 114, 26, 102, 999, 57, 52, 141, 134, 38, 54, 98, 87, 53, 85, 28, 25, 999, 39, 86, 33, 93, 40, 183, 92, 90, 58, 49, 188, 70, 69, 184, 178, 75, 131, 152, 115, 133, 162, 46, 999, 999, 163, 999, 206, 201, 139, 158, 106, 181, 164, 166, 3, 0, 1, 0, 0, 3, 3, 0, 2, 3, 0, 0, 1, 3, 0, 0, 3, 1, 1, 0, 3, 0, 0, 0, 0, 0, 0, 2, 0, 0, 1, 0, 1, 1, 3, 3, 3, 1, 0, 3, 3, 0, 3, 0, 0, 2, 2, 1, 2, 2, 0, 2, 3, 0, 0, 0, 0, 0, 0, 1, 0, 0, 0, 2, 3, 3, 2, 1, 3, 0, 2, 1, 0, 3, 0, 1, 0, 0, 2, 0, 2, 0, 3, 2, 1, 2, 1, 1, 2, 0, 1, 3, 3, 3, 2, 2, 0, 2, 0, 1, 2, 3, 3, 0, 1, 1, 3, 1, 2, 1, 0, 3, 1, 3, 0, 3, 3, 3, 1, 0, 3, 1, 0, 0, 0, 1, 1, 3, 3, 2, 2, 2, 0, 0, 2, 1, 1, 0, 0, 1, 3, 0, 0, 2, 2, 0, 2, 3, 3, 0, 0, 0, 0, 0, 0, 2, 2, 0, 3, 1, 0, 2, 0, 0, 0, 2, 0, 0, 0, 1, 0, 0, 3, 0, 0, 3, 0, 0, 2, 3, 0, 0, 0, 1, 0, 1, 1, 1, 2, 0, 1, 3, 3, 2, 1, 0, 2, 2, 1, 2, 1, 2, 0, 0, 0, 1, 2, 3, 0, 3, 3, 0, 3, 0, 2, 1, 1, 2, 0, 2, 2, 0, 0, 0, 2, 3, 2, 0, 0, 2, 2, 2, 1, 3, 2, 3, 0, 1, 2, 1, 0, 0, 2, 3, 0, 0, 0, 0, 0, 2, 3, 1, 2, 1, 2, 2
RUN_2026-06-19_lowB_baselines_r3c3, 34, 0, 999, 15, 999, 160, 192, 16, 999, 8, 80, 999, 144, 159, 6, 143, 999, 4, 112, 127, 14, 79, 999, 999, 999, 176, 999, 999, 1, 2, 999, 3, 999, 111, 31, 12, 9, 7, 10, 999, 63, 95, 32, 128, 207, 999, 47, 48, 64, 175, 5, 999, 96, 191, 999, 999, 999, 999, 999, 13, 11, 60, 126, 193, 110, 173, 100, 18, 67, 44, 56, 161, 23, 999, 19, 125, 94, 129, 999, 51, 153, 83, 999, 35, 174, 66, 149, 65, 61, 169, 999, 999, 62, 194, 116, 145, 22, 172, 165, 999, 55, 107, 137, 151, 999, 36, 135, 999, 138, 17, 142, 146, 37, 120, 34, 999, 91, 182, 177, 197, 999, 156, 121, 130, 122, 150, 123, 198, 21, 200, 104, 108, 179, 196, 999, 157, 180, 81, 999, 999, 97, 101, 999, 148, 117, 84, 999, 118, 119, 82, 109, 132, 203, 187, 999, 68, 171, 76, 45, 189, 124, 999, 20, 202, 140, 199, 78, 999, 204, 113, 205, 185, 154, 147, 136, 999, 190, 999, 59, 30, 105, 29, 77, 195, 27, 999, 43, 99, 50, 73, 89, 72, 88, 155, 24, 170, 999, 42, 74, 168, 103, 167, 186, 41, 999, 71, 114, 26, 102, 999, 57, 52, 141, 134, 38, 54, 98, 87, 53, 85, 28, 25, 999, 39, 86, 33, 93, 40, 183, 92, 90, 58, 49, 188, 70, 69, 184, 178, 75, 131, 152, 115, 133, 162, 46, 999, 999, 163, 999, 206, 201, 139, 158, 106, 181, 164, 166, 3, 0, 1, 0, 0, 3, 3, 0, 2, 3, 0, 0, 1, 3, 0, 0, 3, 1, 1, 0, 3, 0, 0, 0, 0, 0, 0, 2, 0, 0, 1, 0, 1, 1, 3, 3, 3, 1, 0, 3, 3, 0, 3, 0, 0, 2, 2, 1, 2, 2, 0, 2, 3, 0, 0, 0, 0, 0, 0, 1, 0, 0, 0, 2, 3, 3, 2, 1, 3, 0, 2, 1, 0, 3, 0, 1, 0, 0, 2, 0, 2, 0, 3, 2, 1, 2, 1, 1, 2, 0, 0, 3, 3, 3, 2, 2, 0, 2, 0, 1, 2, 3, 3, 0, 1, 1, 0, 1, 2, 1, 0, 3, 1, 3, 0, 3, 3, 3, 1, 0, 3, 1, 0, 0, 0, 1, 1, 3, 3, 2, 2, 2, 0, 0, 2, 1, 1, 0, 0, 1, 3, 0, 0, 2, 2, 0, 2, 3, 3, 0, 0, 1, 0, 0, 0, 2, 2, 0, 3, 1, 0, 2, 1, 0, 0, 2, 0, 3, 0, 1, 0, 0, 3, 0, 0, 3, 0, 0, 2, 3, 0, 0, 0, 1, 0, 1, 1, 1, 2, 0, 1, 3, 3, 2, 1, 0, 2, 2, 1, 2, 1, 2, 0, 0, 0, 1, 2, 3, 0, 3, 3, 0, 3, 0, 2, 1, 1, 2, 0, 2, 2, 0, 0, 0, 2, 3, 2, 0, 0, 2, 2, 2, 1, 3, 2, 3, 0, 1, 2, 1, 0, 0, 2, 3, 0, 0, 0, 0, 0, 2, 3, 1, 2, 1, 2, 2
RUN_2026-06-19_lowB_baselines_r3c3, 35, 0, 999, 15, 999, 160, 999, 16, 999, 8, 80, 999, 144, 159, 6, 143, 999, 4, 112, 127, 14, 79, 999, 999, 999, 176, 999, 999, 1, 2, 999, 3, 999, 111, 31, 12, 9, 7, 10, 999, 63, 95, 32, 128, 999, 207, 47, 48, 64, 175, 5, 192, 96, 191, 999, 999, 999, 999, 999, 13, 11, 60, 126, 193, 110, 173, 100, 18, 67, 44, 56, 161, 23, 999, 19, 125, 94, 129, 999, 51, 153, 83, 999, 35, 174, 66, 149, 65, 61, 169, 999, 203, 62, 194, 116, 145, 22, 172, 165, 999, 55, 107, 137, 151, 999, 36, 135, 204, 138, 17, 142, 146, 37, 120, 34, 999, 91, 182, 177, 197, 999, 156, 121, 130, 122, 150, 123, 198, 21, 200, 104, 108, 179, 196, 999, 157, 180, 81, 999, 999, 97, 101, 999, 148, 117, 84, 999, 118, 119, 82, 109, 132, 999, 187, 999, 68, 171, 76, 45, 189, 124, 999, 20, 999, 140, 199, 78, 999, 999, 113, 205, 185, 154, 147, 136, 999, 190, 999, 59, 30, 105, 29, 77, 195, 27, 999, 43, 99, 50, 73, 89, 72, 88, 155, 24, 170, 202, 42, 74, 168, 103, 167, 186, 41, 999, 71, 114, 26, 102, 999, 57, 52, 141, 134, 38, 54, 98, 87, 53, 85, 28, 25, 999, 39, 86, 33, 93, 40, 183, 92, 90, 58, 49, 188, 70, 69, 184, 178, 75, 131, 152, 115, 133, 162, 46, 999, 999, 163, 206, 999, 201, 139, 158, 106, 181, 164, 166, 3, 0, 1, 0, 0, 0, 3, 0, 2, 3, 0, 0, 1, 3, 0, 0, 3, 1, 1, 0, 3, 0, 0, 0, 0, 0, 0, 2, 0, 0, 1, 0, 1, 1, 3, 3, 3, 1, 0, 3, 3, 0, 3, 0, 1, 2, 2, 1, 2, 2, 2, 2, 3, 0, 0, 0, 0, 0, 0, 1, 0, 0, 0, 2, 3, 3, 2, 1, 3, 0, 2, 1, 0, 3, 0, 1, 0, 0, 2, 0, 2, 0, 3, 2, 1, 2, 1, 1, 2, 0, 1, 3, 3, 3, 2, 2, 0, 2, 0, 1, 2, 3, 3, 0, 1, 1, 3, 1, 2, 1, 0, 3, 1, 3, 0, 3, 3, 3, 1, 0, 3, 1, 0, 0, 0, 1, 1, 3, 3, 2, 2, 2, 0, 0, 2, 1, 1, 0, 0, 1, 3, 0, 0, 2, 2, 0, 2, 3, 3, 0, 0, 0, 0, 0, 0, 2, 2, 0, 3, 1, 0, 2, 0, 0, 0, 2, 0, 0, 0, 1, 0, 0, 3, 0, 0, 3, 0, 0, 2, 3, 0, 0, 0, 1, 0, 1, 1, 1, 2, 0, 1, 3, 3, 2, 1, 0, 2, 2, 1, 2, 1, 2, 0, 0, 0, 1, 2, 3, 0, 3, 3, 0, 3, 0, 2, 1, 1, 2, 0, 2, 2, 0, 0, 0, 2, 3, 2, 0, 0, 2, 2, 2, 1, 3, 2, 3, 0, 1, 2, 1, 0, 0, 2, 3, 0, 0, 0, 3, 0, 2, 3, 1, 2, 1, 2, 2
RUN_2026-06-19_lowB_baselines_r3c3, 36, 0, 999, 15, 999, 160, 192, 16, 999, 8, 80, 999, 144, 159, 6, 143, 999, 4, 112, 127, 14, 79, 999, 999, 999, 176, 999, 999, 1, 2, 999, 3, 999, 111, 31, 12, 9, 7, 10, 999, 63, 95, 32, 128, 999, 207, 47, 48, 64, 175, 5, 999, 96, 191, 999, 999, 999, 999, 999, 13, 11, 60, 126, 193, 110, 173, 100, 18, 67, 44, 56, 161, 23, 999, 19, 125, 94, 129, 999, 51, 153, 83, 999, 35, 174, 66, 149, 65, 61, 169, 999, 203, 62, 194, 116, 145, 22, 172, 165, 999, 55, 107, 137, 151, 999, 36, 135, 204, 138, 17, 142, 146, 37, 120, 34, 999, 91, 182, 177, 197, 999, 156, 121, 130, 122, 150, 123, 198, 21, 200, 104, 108, 179, 196, 999, 157, 180, 81, 999, 999, 97, 101, 999, 148, 117, 84, 999, 118, 119, 82, 109, 132, 999, 187, 999, 68, 171, 76, 45, 189, 124, 999, 20, 999, 140, 199, 78, 999, 999, 113, 205, 185, 154, 147, 136, 999, 190, 999, 59, 30, 105, 29, 77, 195, 27, 999, 43, 99, 50, 73, 89, 72, 88, 155, 24, 170, 202, 42, 74, 168, 103, 167, 186, 41, 999, 71, 114, 26, 102, 999, 57, 52, 141, 134, 38, 54, 98, 87, 53, 85, 28, 25, 999, 39, 86, 33, 93, 40, 183, 92, 90, 58, 49, 188, 70, 69, 184, 178, 75, 131, 152, 115, 133, 162, 46, 999, 999, 163, 206, 999, 201, 139, 158, 106, 181, 164, 166, 3, 0, 1, 0, 0, 3, 3, 0, 2, 3, 0, 0, 1, 3, 0, 0, 3, 1, 1, 0, 3, 0, 0, 0, 0, 0, 0, 2, 0, 0, 1, 0, 1, 1, 3, 3, 3, 1, 0, 3, 3, 0, 3, 0, 1, 2, 2, 1, 2, 2, 0, 2, 3, 0, 0, 0, 0, 0, 0, 1, 0, 0, 0, 2, 3, 3, 2, 1, 3, 0, 2, 1, 0, 3, 0, 1, 0, 0, 2, 0, 2, 0, 3, 2, 1, 2, 1, 1, 2, 0, 1, 3, 3, 3, 2, 2, 0, 2, 0, 1, 2, 3, 3, 0, 1, 1, 3, 1, 2, 1, 0, 3, 1, 3, 0, 3, 3, 3, 1, 0, 3, 1, 0, 0, 0, 1, 1, 3, 3, 2, 2, 2, 0, 0, 2, 1, 1, 0, 0, 1, 3, 0, 0, 2, 2, 0, 2, 3, 3, 0, 0, 0, 0, 0, 0, 2, 2, 0, 3, 1, 0, 2, 0, 0, 0, 2, 0, 0, 0, 1, 0, 0, 3, 0, 0, 3, 0, 0, 2, 3, 0, 0, 0, 1, 0, 1, 1, 1, 2, 0, 1, 3, 3, 2, 1, 0, 2, 2, 1, 2, 1, 2, 0, 0, 0, 1, 2, 3, 0, 3, 3, 0, 3, 0, 2, 1, 1, 2, 0, 2, 2, 0, 0, 0, 2, 3, 2, 0, 0, 2, 2, 2, 1, 3, 2, 3, 0, 1, 2, 1, 0, 0, 2, 3, 0, 0, 0, 3, 0, 2, 3, 1, 2, 1, 2, 2
RUN_2026-06-19_lowB_baselines_r3c3, 37, 0, 999, 15, 999, 160, 999, 16, 999, 8, 80, 999, 144, 159, 6, 143, 999, 4, 112, 127, 14, 79, 999, 999, 999, 176, 999, 999, 1, 2, 999, 3, 999, 111, 31, 12, 9, 7, 10, 999, 63, 95, 32, 128, 999, 207, 47, 48, 64, 175, 5, 192, 96, 191, 999, 999, 999, 999, 999, 13, 11, 60, 126, 193, 110, 173, 100, 18, 67, 44, 56, 161, 23, 999, 19, 125, 94, 129, 999, 51, 153, 83, 999, 35, 174, 66, 149, 65, 61, 169, 999, 999, 62, 194, 116, 145, 22, 172, 165, 999, 55, 107, 137, 151, 999, 36, 135, 999, 138, 17, 142, 146, 37, 120, 34, 999, 91, 182, 177, 197, 999, 156, 121, 130, 122, 150, 123, 198, 21, 200, 104, 108, 179, 196, 999, 157, 180, 81, 999, 999, 97, 101, 999, 148, 117, 84, 999, 118, 119, 82, 109, 132, 203, 187, 999, 68, 171, 76, 45, 189, 124, 999, 20, 202, 140, 199, 78, 999, 204, 113, 205, 185, 154, 147, 136, 999, 190, 999, 59, 30, 105, 29, 77, 195, 27, 999, 43, 99, 50, 73, 89, 72, 88, 155, 24, 170, 999, 42, 74, 168, 103, 167, 186, 41, 999, 71, 114, 26, 102, 999, 57, 52, 141, 134, 38, 54, 98, 87, 53, 85, 28, 25, 999, 39, 86, 33, 93, 40, 183, 92, 90, 58, 49, 188, 70, 69, 184, 178, 75, 131, 152, 115, 133, 162, 46, 999, 999, 163, 206, 999, 201, 139, 158, 106, 181, 164, 166, 3, 0, 1, 0, 0, 0, 3, 0, 2, 3, 0, 0, 1, 3, 0, 0, 3, 1, 1, 0, 3, 0, 0, 0, 0, 0, 0, 2, 0, 0, 1, 0, 1, 1, 3, 3, 3, 1, 0, 3, 3, 0, 3, 0, 1, 2, 2, 1, 2, 2, 2, 2, 3, 0, 0, 0, 0, 0, 0, 1, 0, 0, 0, 2, 3, 3, 2, 1, 3, 0, 2, 1, 0, 3, 0, 1, 0, 0, 2, 0, 2, 0, 3, 2, 1, 2, 1, 1, 2, 0, 0, 3, 3, 3, 2, 2, 0, 2, 0, 1, 2, 3, 3, 0, 1, 1, 0, 1, 2, 1, 0, 3, 1, 3, 0, 3, 3, 3, 1, 0, 3, 1, 0, 0, 0, 1, 1, 3, 3, 2, 2, 2, 0, 0, 2, 1, 1, 0, 0, 1, 3, 0, 0, 2, 2, 0, 2, 3, 3, 0, 0, 1, 0, 0, 0, 2, 2, 0, 3, 1, 0, 2, 1, 0, 0, 2, 0, 3, 0, 1, 0, 0, 3, 0, 0, 3, 0, 0, 2, 3, 0, 0, 0, 1, 0, 1, 1, 1, 2, 0, 1, 3, 3, 2, 1, 0, 2, 2, 1, 2, 1, 2, 0, 0, 0, 1, 2, 3, 0, 3, 3, 0, 3, 0, 2, 1, 1, 2, 0, 2, 2, 0, 0, 0, 2, 3, 2, 0, 0, 2, 2, 2, 1, 3, 2, 3, 0, 1, 2, 1, 0, 0, 2, 3, 0, 0, 0, 3, 0, 2, 3, 1, 2, 1, 2, 2
RUN_2026-06-19_lowB_baselines_r3c3, 38, 0, 999, 15, 999, 160, 999, 16, 999, 8, 80, 999, 144, 159, 6, 143, 999, 4, 112, 127, 14, 79, 999, 999, 999, 176, 999, 999, 1, 2, 999, 3, 999, 111, 31, 12, 9, 7, 10, 999, 63, 95, 32, 128, 207, 999, 47, 48, 64, 175, 5, 192, 96, 191, 999, 999, 999, 999, 999, 13, 11, 60, 126, 193, 110, 173, 100, 18, 67, 44, 56, 161, 23, 999, 19, 125, 94, 129, 999, 51, 153, 83, 999, 35, 174, 66, 149, 65, 61, 169, 999, 203, 62, 194, 116, 145, 22, 172, 165, 999, 55, 107, 137, 151, 999, 36, 135, 204, 138, 17, 142, 146, 37, 120, 34, 999, 91, 182, 177, 197, 999, 156, 121, 130, 122, 150, 123, 198, 21, 200, 104, 108, 179, 196, 999, 157, 180, 81, 999, 999, 97, 101, 999, 148, 117, 84, 999, 118, 119, 82, 109, 132, 999, 187, 999, 68, 171, 76, 45, 189, 124, 999, 20, 999, 140, 199, 78, 999, 999, 113, 205, 185, 154, 147, 136, 999, 190, 999, 59, 30, 105, 29, 77, 195, 27, 999, 43, 99, 50, 73, 89, 72, 88, 155, 24, 170, 202, 42, 74, 168, 103, 167, 186, 41, 999, 71, 114, 26, 102, 999, 57, 52, 141, 134, 38, 54, 98, 87, 53, 85, 28, 25, 999, 39, 86, 33, 93, 40, 183, 92, 90, 58, 49, 188, 70, 69, 184, 178, 75, 131, 152, 115, 133, 162, 46, 999, 999, 163, 999, 206, 201, 139, 158, 106, 181, 164, 166, 3, 0, 1, 0, 0, 0, 3, 0, 2, 3, 0, 0, 1, 3, 0, 0, 3, 1, 1, 0, 3, 0, 0, 0, 0, 0, 0, 2, 0, 0, 1, 0, 1, 1, 3, 3, 3, 1, 0, 3, 3, 0, 3, 0, 0, 2, 2, 1, 2, 2, 2, 2, 3, 0, 0, 0, 0, 0, 0, 1, 0, 0, 0, 2, 3, 3, 2, 1, 3, 0, 2, 1, 0, 3, 0, 1, 0, 0, 2, 0, 2, 0, 3, 2, 1, 2, 1, 1, 2, 0, 1, 3, 3, 3, 2, 2, 0, 2, 0, 1, 2, 3, 3, 0, 1, 1, 3, 1, 2, 1, 0, 3, 1, 3, 0, 3, 3, 3, 1, 0, 3, 1, 0, 0, 0, 1, 1, 3, 3, 2, 2, 2, 0, 0, 2, 1, 1, 0, 0, 1, 3, 0, 0, 2, 2, 0, 2, 3, 3, 0, 0, 0, 0, 0, 0, 2, 2, 0, 3, 1, 0, 2, 0, 0, 0, 2, 0, 0, 0, 1, 0, 0, 3, 0, 0, 3, 0, 0, 2, 3, 0, 0, 0, 1, 0, 1, 1, 1, 2, 0, 1, 3, 3, 2, 1, 0, 2, 2, 1, 2, 1, 2, 0, 0, 0, 1, 2, 3, 0, 3, 3, 0, 3, 0, 2, 1, 1, 2, 0, 2, 2, 0, 0, 0, 2, 3, 2, 0, 0, 2, 2, 2, 1, 3, 2, 3, 0, 1, 2, 1, 0, 0, 2, 3, 0, 0, 0, 0, 0, 2, 3, 1, 2, 1, 2, 2
RUN_2026-06-19_lowB_baselines_r3c604, 39, 0, 999, 15, 999, 80, 160, 16, 999, 9, 64, 999, 95, 128, 7, 144, 999, 5, 999, 63, 14, 175, 32, 999, 999, 79, 999, 999, 10, 1, 192, 13, 999, 159, 31, 11, 2, 8, 3, 191, 47, 999, 96, 48, 143, 999, 111, 127, 999, 999, 6, 999, 176, 112, 999, 999, 207, 999, 999, 4, 12, 148, 999, 145, 132, 203, 999, 187, 999, 999, 114, 103, 999, 142, 97, 149, 185, 201, 141, 113, 59, 189, 188, 999, 146, 196, 50, 43, 102, 51, 81, 116, 89, 999, 109, 115, 184, 101, 93, 73, 999, 38, 22, 152, 999, 36, 150, 163, 999, 170, 21, 76, 84, 999, 999, 123, 136, 999, 60, 166, 39, 35, 151, 154, 118, 94, 179, 186, 122, 161, 129, 110, 54, 83, 194, 119, 26, 155, 52, 17, 107, 202, 164, 167, 999, 999, 156, 204, 133, 66, 147, 105, 171, 139, 24, 193, 172, 173, 65, 108, 183, 106, 999, 999, 157, 82, 126, 98, 169, 68, 999, 177, 199, 180, 29, 999, 33, 72, 92, 30, 91, 168, 165, 46, 62, 34, 131, 138, 999, 999, 130, 134, 77, 125, 71, 78, 55, 135, 117, 45, 999, 86, 75, 999, 70, 99, 195, 140, 121, 206, 58, 200, 205, 41, 44, 19, 28, 61, 120, 100, 25, 53, 74, 18, 137, 198, 190, 999, 158, 124, 42, 178, 87, 153, 104, 174, 999, 999, 197, 67, 181, 57, 88, 999, 49, 56, 23, 20, 999, 37, 90, 40, 162, 182, 27, 85, 69, 3, 0, 1, 0, 0, 3, 3, 0, 2, 3, 0, 2, 3, 3, 2, 0, 3, 0, 1, 0, 3, 3, 0, 0, 2, 0, 0, 2, 0, 0, 1, 0, 1, 1, 3, 3, 3, 1, 3, 3, 0, 0, 3, 0, 0, 2, 0, 0, 0, 2, 0, 2, 1, 0, 0, 1, 0, 0, 0, 1, 0, 0, 0, 0, 0, 0, 3, 0, 0, 2, 2, 0, 3, 2, 2, 2, 0, 2, 2, 2, 1, 1, 0, 0, 0, 1, 2, 3, 1, 0, 1, 0, 0, 3, 1, 2, 0, 0, 2, 0, 3, 2, 3, 0, 3, 1, 3, 0, 2, 1, 0, 3, 0, 0, 1, 3, 0, 3, 2, 2, 3, 0, 0, 0, 1, 2, 2, 0, 0, 2, 3, 1, 0, 0, 2, 2, 0, 3, 2, 2, 1, 3, 2, 0, 0, 0, 1, 3, 3, 2, 3, 3, 2, 1, 3, 3, 0, 2, 2, 3, 2, 0, 0, 3, 3, 3, 1, 3, 0, 0, 3, 2, 0, 2, 0, 0, 0, 1, 2, 3, 2, 2, 2, 3, 3, 0, 2, 0, 0, 2, 3, 3, 3, 0, 2, 1, 2, 1, 3, 0, 0, 3, 0, 1, 1, 0, 0, 1, 0, 2, 0, 3, 3, 2, 2, 3, 2, 3, 1, 1, 0, 1, 2, 1, 1, 0, 0, 1, 2, 3, 1, 2, 0, 0, 1, 0, 0, 2, 3, 0, 3, 3, 0, 0, 2, 1, 2, 0, 0, 0, 2, 1, 3, 0, 3, 0
RUN_2026-06-19_lowB_baselines_r3c604, 40, 0, 999, 15, 999, 80, 160, 16, 999, 9, 64, 999, 95, 128, 7, 144, 999, 5, 999, 63, 14, 175, 32, 999, 999, 79, 999, 999, 10, 1, 192, 13, 999, 159, 31, 11, 2, 8, 3, 191, 47, 999, 96, 48, 143, 999, 111, 127, 999, 999, 6, 999, 176, 112, 999, 999, 207, 999, 999, 4, 12, 148, 999, 145, 132, 203, 999, 187, 999, 999, 114, 103, 999, 142, 97, 149, 185, 201, 141, 113, 59, 189, 188, 999, 146, 196, 50, 43, 102, 51, 81, 116, 89, 999, 109, 115, 184, 101, 93, 73, 999, 38, 22, 152, 999, 36, 150, 163, 999, 170, 21, 76, 84, 999, 999, 123, 136, 198, 60, 166, 39, 35, 151, 154, 118, 94, 179, 186, 122, 161, 129, 110, 54, 83, 194, 119, 26, 155, 52, 17, 107, 202, 164, 167, 999, 999, 156, 204, 133, 66, 147, 105, 171, 139, 24, 193, 172, 173, 65, 108, 183, 106, 999, 999, 157, 82, 126, 98, 169, 68, 999, 177, 199, 180, 29, 999, 33, 72, 92, 30, 91, 168, 165, 46, 62, 34, 131, 138, 999, 999, 130, 134, 77, 125, 71, 78, 55, 135, 117, 45, 999, 86, 75, 999, 70, 99, 195, 140, 121, 206, 58, 200, 205, 41, 44, 19, 28, 61, 120, 100, 25, 53, 74, 18, 137, 999, 190, 999, 158, 124, 42, 178, 87, 153, 104, 174, 999, 999, 197, 67, 181, 57, 88, 999, 49, 56, 23, 20, 999, 37, 90, 40, 162, 182, 27, 85, 69, 3, 0, 1, 0, 0, 3, 3, 0, 2, 3, 0, 2, 3, 3, 2, 0, 3, 0, 1, 0, 3, 3, 0, 0, 2, 0, 0, 2, 0, 0, 1, 0, 1, 1, 3, 3, 3, 1, 3, 3, 0, 0, 3, 0, 0, 2, 0, 0, 0, 2, 0, 2, 1, 0, 0, 1, 0, 0, 0, 1, 0, 0, 0, 0, 0, 0, 3, 0, 0, 2, 2, 0, 3, 2, 2, 2, 0, 2, 2, 2, 1, 1, 0, 0, 0, 1, 2, 3, 1, 0, 1, 0, 0, 3, 1, 2, 0, 0, 2, 0, 3, 2, 3, 0, 3, 1, 3, 0, 2, 1, 0, 3, 0, 0, 1, 3, 3, 3, 2, 2, 3, 0, 0, 0, 1, 2, 2, 0, 0, 2, 3, 1, 0, 0, 2, 2, 0, 3, 2, 2, 1, 3, 2, 0, 0, 0, 1, 3, 3, 2, 3, 3, 2, 1, 3, 3, 0, 2, 2, 3, 2, 0, 0, 3, 3, 3, 1, 3, 0, 0, 3, 2, 0, 2, 0, 0, 0, 1, 2, 3, 2, 2, 2, 3, 3, 0, 2, 0, 0, 2, 3, 3, 3, 0, 2, 1, 2, 1, 3, 0, 0, 3, 0, 1, 1, 0, 0, 1, 0, 2, 0, 3, 3, 2, 2, 3, 2, 3, 1, 1, 0, 1, 2, 1, 0, 0, 0, 1, 2, 3, 1, 2, 0, 0, 1, 0, 0, 2, 3, 0, 3, 3, 0, 0, 2, 1, 2, 0, 0, 0, 2, 1, 3, 0, 3, 0
RUN_2026-06-19_lowB_baselines_r4c302, 0, 0, 999, 999, 15, 999, 127, 112, 3, 192, 207, 8, 5, 96, 144, 999, 13, 9, 31, 999, 999, 143, 111, 999, 7, 16, 999, 999, 14, 999, 63, 999, 999, 95, 1, 176, 999, 128, 175, 999, 6, 999, 999, 32, 999, 2, 48, 159, 999, 10, 191, 999, 160, 64, 999, 11, 47, 4, 80, 12, 79, 179, 44, 116, 195, 129, 149, 205, 67, 133, 105, 140, 57, 178, 189, 73, 42, 171, 121, 56, 999, 187, 104, 999, 188, 183, 110, 999, 26, 199, 60, 139, 137, 83, 999, 94, 115, 74, 999, 45, 130, 184, 124, 999, 168, 166, 999, 123, 24, 92, 999, 50, 169, 190, 18, 62, 162, 999, 204, 91, 196, 93, 23, 30, 197, 126, 17, 66, 999, 185, 132, 161, 182, 90, 108, 117, 61, 148, 999, 999, 167, 999, 113, 134, 114, 87, 163, 85, 103, 164, 41, 142, 52, 147, 120, 194, 141, 71, 206, 98, 53, 29, 86, 68, 84, 19, 150, 156, 999, 22, 76, 65, 193, 180, 49, 107, 155, 25, 151, 97, 999, 135, 40, 58, 89, 172, 82, 36, 999, 203, 122, 174, 173, 119, 999, 202, 165, 51, 999, 198, 158, 28, 999, 999, 46, 106, 37, 101, 146, 69, 154, 100, 102, 72, 157, 109, 35, 170, 125, 54, 131, 145, 38, 78, 70, 138, 43, 34, 999, 77, 81, 59, 999, 153, 20, 999, 999, 186, 999, 200, 99, 21, 27, 33, 999, 55, 39, 181, 118, 999, 177, 88, 75, 999, 201, 152, 136, 3, 0, 0, 2, 0, 1, 3, 0, 1, 1, 2, 1, 3, 2, 0, 0, 3, 3, 0, 0, 3, 1, 0, 3, 0, 0, 0, 2, 0, 2, 0, 0, 1, 0, 2, 0, 2, 2, 0, 2, 0, 0, 3, 0, 0, 0, 0, 0, 1, 3, 0, 2, 1, 0, 1, 1, 1, 1, 0, 2, 2, 2, 2, 2, 1, 1, 3, 1, 3, 0, 2, 1, 1, 3, 0, 3, 0, 3, 3, 0, 2, 1, 0, 2, 0, 0, 0, 0, 2, 1, 0, 0, 0, 0, 0, 2, 2, 0, 3, 3, 2, 2, 0, 3, 2, 0, 2, 1, 3, 0, 2, 3, 2, 2, 1, 0, 0, 2, 1, 0, 1, 0, 2, 2, 0, 3, 1, 0, 0, 0, 0, 1, 0, 0, 2, 3, 1, 0, 0, 0, 0, 1, 3, 1, 3, 1, 0, 1, 0, 1, 1, 3, 2, 1, 2, 1, 0, 0, 1, 2, 3, 3, 3, 1, 1, 3, 0, 0, 1, 0, 0, 2, 1, 3, 1, 1, 1, 3, 0, 0, 1, 3, 3, 0, 3, 1, 1, 0, 0, 1, 2, 1, 2, 0, 0, 2, 2, 0, 2, 2, 2, 0, 0, 3, 1, 2, 0, 1, 3, 2, 2, 1, 3, 3, 0, 1, 1, 2, 1, 3, 2, 3, 3, 1, 2, 1, 3, 0, 2, 2, 3, 0, 3, 2, 0, 0, 1, 0, 0, 2, 3, 3, 0, 0, 1, 2, 3, 1, 0, 2, 3, 1, 0, 0, 1, 0
RUN_2026-06-19_lowB_baselines_r4c302, 1, 0, 999, 999, 15, 999, 127, 112, 3, 192, 207, 8, 5, 96, 144, 999, 13, 9, 31, 999, 999, 143, 111, 999, 7, 16, 999, 999, 14, 999, 63, 999, 999, 95, 1, 176, 999, 128, 175, 999, 6, 999, 999, 32, 999, 2, 48, 159, 999, 10, 191, 999, 160, 64, 999, 11, 47, 4, 80, 12, 79, 179, 44, 116, 195, 129, 149, 205, 67, 133, 105, 140, 57, 178, 189, 73, 42, 171, 121, 56, 999, 187, 104, 999, 188, 183, 110, 999, 26, 199, 60, 139, 137, 83, 999, 94, 115, 74, 999, 45, 130, 184, 124, 999, 168, 166, 999, 123, 24, 92, 999, 50, 169, 190, 18, 62, 162, 999, 204, 91, 196, 93, 23, 30, 197, 126, 17, 66, 999, 185, 132, 161, 182, 90, 108, 117, 61, 148, 999, 999, 167, 999, 113, 134, 114, 87, 163, 85, 103, 164, 41, 142, 52, 147, 120, 194, 141, 71, 206, 98, 53, 29, 86, 68, 84, 19, 150, 156, 999, 22, 76, 65, 193, 180, 49, 107, 155, 25, 151, 97, 999, 135, 40, 58, 89, 172, 82, 36, 999, 203, 122, 174, 173, 119, 202, 999, 165, 51, 999, 198, 158, 28, 999, 999, 46, 106, 37, 101, 146, 69, 154, 100, 102, 72, 157, 109, 35, 170, 125, 54, 131, 145, 38, 78, 70, 138, 43, 34, 999, 77, 81, 59, 999, 153, 20, 999, 999, 186, 999, 200, 99, 21, 27, 33, 999, 55, 39, 181, 118, 999, 177, 88, 75, 999, 201, 152, 136, 3, 0, 0, 2, 0, 1, 3, 0, 1, 1, 2, 1, 3, 2, 0, 0, 3, 3, 0, 0, 3, 1, 0, 3, 0, 0, 0, 2, 0, 2, 0, 0, 1, 0, 2, 0, 2, 2, 0, 2, 0, 0, 3, 0, 0, 0, 0, 0, 1, 3, 0, 2, 1, 0, 1, 1, 1, 1, 0, 2, 2, 2, 2, 2, 1, 1, 3, 1, 3, 0, 2, 1, 1, 3, 0, 3, 0, 3, 3, 0, 2, 1, 0, 2, 0, 0, 0, 0, 2, 1, 0, 0, 0, 0, 0, 2, 2, 0, 3, 3, 2, 2, 0, 3, 2, 0, 2, 1, 3, 0, 2, 3, 2, 2, 1, 0, 0, 2, 1, 0, 1, 0, 2, 2, 0, 3, 1, 0, 0, 0, 0, 1, 0, 0, 2, 3, 1, 0, 0, 0, 0, 1, 3, 1, 3, 1, 0, 1, 0, 1, 1, 3, 2, 1, 2, 1, 0, 0, 1, 2, 3, 3, 3, 1, 1, 3, 0, 0, 1, 0, 0, 2, 1, 3, 1, 1, 1, 3, 0, 0, 1, 3, 3, 0, 3, 1, 1, 0, 0, 1, 2, 1, 2, 0, 0, 2, 2, 0, 0, 2, 2, 0, 0, 3, 1, 2, 0, 1, 3, 2, 2, 1, 3, 3, 0, 1, 1, 2, 1, 3, 2, 3, 3, 1, 2, 1, 3, 0, 2, 2, 3, 0, 3, 2, 0, 0, 1, 0, 0, 2, 3, 3, 0, 0, 1, 2, 3, 1, 0, 2, 3, 1, 0, 0, 1, 0
RUN_2026-06-19_lowB_baselines_r4c302, 2, 0, 999, 999, 15, 999, 127, 112, 3, 192, 207, 8, 5, 96, 144, 999, 13, 9, 31, 999, 999, 143, 111, 999, 7, 16, 999, 999, 14, 999, 63, 999, 999, 95, 1, 176, 999, 128, 175, 999, 6, 999, 999, 32, 999, 2, 48, 159, 999, 10, 191, 999, 160, 64, 999, 11, 47, 4, 80, 12, 79, 179, 44, 116, 195, 129, 149, 205, 67, 133, 105, 140, 57, 178, 189, 73, 42, 171, 121, 56, 999, 187, 104, 999, 188, 183, 110, 999, 26, 199, 60, 139, 137, 83, 999, 94, 115, 74, 999, 45, 130, 184, 124, 999, 168, 166, 999, 123, 24, 92, 999, 50, 169, 190, 18, 62, 162, 999, 204, 91, 196, 93, 23, 30, 197, 126, 17, 66, 999, 185, 132, 161, 182, 90, 108, 117, 61, 148, 999, 999, 167, 999, 113, 134, 114, 87, 163, 85, 103, 164, 41, 142, 52, 147, 120, 194, 141, 71, 206, 98, 53, 29, 86, 68, 84, 19, 150, 156, 999, 22, 76, 65, 193, 180, 49, 107, 155, 25, 151, 97, 999, 135, 40, 58, 89, 172, 82, 36, 999, 203, 122, 174, 173, 119, 202, 999, 165, 51, 999, 198, 158, 28, 999, 999, 46, 106, 37, 101, 146, 69, 154, 100, 102, 72, 157, 109, 35, 170, 125, 54, 131, 145, 38, 78, 70, 138, 43, 34, 999, 77, 81, 59, 999, 153, 20, 999, 999, 186, 999, 200, 99, 21, 27, 33, 999, 55, 39, 181, 118, 999, 177, 88, 75, 999, 201, 152, 136, 3, 0, 0, 2, 0, 1, 3, 0, 1, 1, 2, 1, 3, 2, 0, 0, 3, 3, 0, 0, 3, 1, 0, 3, 0, 0, 0, 2, 0, 2, 0, 0, 1, 0, 2, 0, 2, 2, 0, 2, 0, 0, 3, 0, 0, 0, 0, 0, 1, 3, 0, 2, 1, 0, 1, 1, 1, 1, 0, 2, 2, 2, 2, 2, 1, 1, 3, 1, 3, 0, 2, 1, 1, 3, 0, 3, 0, 3, 3, 0, 2, 1, 0, 2, 0, 0, 0, 0, 2, 1, 0, 0, 0, 0, 0, 2, 2, 0, 3, 3, 2, 2, 0, 3, 2, 0, 2, 1, 3, 0, 2, 3, 2, 2, 1, 0, 0, 2, 1, 0, 1, 0, 2, 2, 0, 3, 1, 0, 0, 0, 0, 1, 0, 0, 2, 3, 1, 0, 0, 0, 0, 1, 3, 1, 3, 1, 0, 1, 0, 1, 1, 3, 2, 1, 2, 1, 0, 0, 1, 2, 3, 3, 3, 1, 1, 3, 0, 0, 1, 0, 0, 2, 1, 3, 1, 1, 1, 3, 0, 0, 1, 3, 3, 0, 3, 1, 1, 0, 0, 1, 2, 1, 2, 0, 0, 2, 2, 0, 2, 2, 2, 0, 0, 3, 1, 2, 0, 1, 3, 2, 2, 1, 3, 3, 0, 1, 1, 2, 1, 3, 2, 3, 3, 1, 2, 1, 3, 0, 2, 2, 3, 0, 3, 2, 0, 0, 1, 0, 0, 2, 3, 3, 0, 0, 1, 2, 3, 1, 0, 2, 3, 1, 0, 0, 1, 0
RUN_2026-06-19_lowB_baselines_r4c302, 3, 0, 999, 999, 15, 999, 127, 112, 3, 192, 207, 8, 5, 96, 144, 999, 13, 9, 31, 999, 999, 143, 111, 999, 7, 16, 999, 999, 14, 999, 63, 999, 999, 95, 1, 176, 999, 128, 175, 999, 6, 999, 999, 32, 999, 2, 48, 159, 999, 10, 191, 999, 160, 64, 999, 11, 47, 4, 80, 12, 79, 179, 44, 116, 195, 129, 149, 205, 67, 133, 105, 140, 57, 178, 189, 73, 42, 171, 121, 56, 999, 187, 104, 999, 188, 183, 110, 999, 26, 199, 60, 139, 137, 83, 999, 94, 115, 74, 999, 45, 130, 184, 124, 999, 168, 166, 999, 123, 24, 92, 999, 50, 169, 190, 18, 62, 162, 999, 204, 91, 196, 93, 23, 30, 197, 126, 17, 66, 999, 185, 132, 161, 182, 90, 108, 117, 61, 148, 999, 999, 167, 999, 113, 134, 114, 87, 163, 85, 103, 164, 41, 142, 52, 147, 120, 194, 141, 71, 206, 98, 53, 29, 86, 68, 84, 19, 150, 156, 999, 22, 76, 65, 193, 180, 49, 107, 155, 25, 151, 97, 999, 135, 40, 58, 89, 172, 82, 36, 999, 203, 122, 174, 173, 119, 999, 202, 165, 51, 999, 198, 158, 28, 999, 999, 46, 106, 37, 101, 146, 69, 154, 100, 102, 72, 157, 109, 35, 170, 125, 54, 131, 145, 38, 78, 70, 138, 43, 34, 999, 77, 81, 59, 999, 153, 20, 999, 999, 186, 999, 200, 99, 21, 27, 33, 999, 55, 39, 181, 118, 999, 177, 88, 75, 999, 201, 152, 136, 3, 0, 0, 2, 0, 1, 3, 0, 1, 1, 2, 1, 3, 2, 0, 0, 3, 3, 0, 0, 3, 1, 0, 3, 0, 0, 0, 2, 0, 2, 0, 0, 1, 0, 2, 0, 2, 2, 0, 2, 0, 0, 3, 0, 0, 0, 0, 0, 1, 3, 0, 2, 1, 0, 1, 1, 1, 1, 0, 2, 2, 2, 2, 2, 1, 1, 3, 1, 3, 0, 2, 1, 1, 3, 0, 3, 0, 3, 3, 0, 2, 1, 0, 2, 0, 0, 0, 0, 2, 1, 0, 0, 0, 0, 0, 2, 2, 0, 3, 3, 2, 2, 0, 3, 2, 0, 2, 1, 3, 0, 2, 3, 2, 2, 1, 0, 0, 2, 1, 0, 1, 0, 2, 2, 0, 3, 1, 0, 0, 0, 0, 1, 0, 0, 2, 3, 1, 0, 0, 0, 0, 1, 3, 1, 3, 1, 0, 1, 0, 1, 1, 3, 2, 1, 2, 1, 0, 0, 1, 2, 3, 3, 3, 1, 1, 3, 0, 0, 1, 0, 0, 2, 1, 3, 1, 1, 1, 3, 0, 0, 1, 3, 3, 0, 3, 1, 1, 0, 0, 1, 2, 1, 2, 0, 0, 2, 2, 0, 0, 2, 2, 0, 0, 3, 1, 2, 0, 1, 3, 2, 2, 1, 3, 3, 0, 1, 1, 2, 1, 3, 2, 3, 3, 1, 2, 1, 3, 0, 2, 2, 3, 0, 3, 2, 0, 0, 1, 0, 0, 2, 3, 3, 0, 0, 1, 2, 3, 1, 0, 2, 3, 1, 0, 0, 1, 0
RUN_2026-06-19_lowB_baselines_r4c303, 4, 0, 999, 999, 15, 16, 999, 32, 3, 999, 128, 8, 5, 175, 80, 999, 13, 9, 999, 143, 999, 31, 999, 160, 7, 159, 999, 999, 14, 192, 999, 176, 999, 999, 1, 999, 111, 48, 999, 47, 6, 999, 96, 127, 95, 2, 112, 64, 79, 11, 144, 999, 999, 999, 63, 10, 207, 4, 191, 12, 999, 49, 84, 167, 168, 136, 83, 162, 999, 17, 183, 999, 46, 59, 999, 82, 178, 97, 124, 50, 129, 138, 27, 68, 43, 125, 77, 135, 113, 169, 39, 61, 999, 62, 65, 55, 154, 85, 184, 202, 999, 189, 20, 190, 205, 86, 206, 19, 126, 195, 194, 999, 999, 151, 30, 52, 161, 145, 123, 105, 156, 999, 106, 122, 166, 141, 102, 204, 999, 87, 51, 999, 36, 101, 157, 110, 140, 70, 33, 45, 44, 28, 193, 38, 199, 109, 152, 137, 34, 71, 29, 18, 999, 180, 99, 108, 60, 115, 53, 54, 131, 999, 37, 179, 163, 201, 67, 181, 177, 170, 142, 148, 66, 999, 999, 158, 22, 165, 21, 999, 198, 147, 107, 171, 203, 41, 172, 999, 114, 98, 100, 155, 149, 999, 999, 121, 133, 25, 42, 185, 999, 35, 999, 56, 130, 134, 999, 197, 91, 187, 89, 196, 182, 118, 999, 88, 153, 139, 119, 999, 90, 200, 120, 146, 999, 188, 999, 57, 73, 58, 999, 999, 173, 40, 69, 164, 116, 92, 78, 24, 186, 174, 81, 76, 999, 23, 132, 75, 94, 72, 150, 26, 93, 117, 103, 104, 74, 3, 0, 0, 2, 0, 0, 3, 0, 0, 3, 2, 1, 1, 2, 0, 0, 3, 0, 1, 0, 3, 0, 1, 3, 2, 0, 0, 2, 3, 0, 0, 0, 0, 0, 0, 0, 2, 0, 3, 2, 0, 0, 1, 0, 0, 0, 2, 3, 1, 1, 0, 0, 0, 2, 1, 1, 1, 3, 0, 0, 1, 1, 0, 3, 3, 0, 3, 0, 0, 2, 0, 0, 0, 0, 0, 3, 0, 2, 1, 2, 0, 0, 3, 3, 1, 0, 1, 0, 1, 3, 1, 0, 0, 3, 2, 1, 2, 1, 2, 0, 3, 1, 2, 1, 1, 3, 2, 2, 1, 1, 0, 0, 3, 3, 1, 2, 0, 0, 3, 3, 0, 2, 3, 0, 1, 1, 2, 0, 0, 1, 0, 1, 0, 2, 1, 0, 1, 3, 3, 3, 3, 2, 3, 1, 2, 3, 2, 0, 3, 3, 0, 0, 3, 1, 2, 0, 0, 2, 2, 3, 0, 1, 1, 3, 2, 2, 1, 0, 3, 0, 3, 1, 0, 0, 3, 3, 1, 0, 0, 2, 0, 2, 0, 0, 3, 0, 0, 1, 3, 2, 0, 0, 0, 0, 0, 3, 3, 2, 0, 0, 3, 0, 2, 3, 2, 0, 2, 1, 3, 3, 1, 3, 1, 0, 3, 1, 3, 3, 0, 0, 2, 0, 1, 0, 0, 0, 1, 1, 2, 0, 0, 2, 3, 2, 3, 0, 0, 2, 0, 2, 0, 3, 3, 0, 0, 0, 1, 2, 2, 0, 1, 0, 3, 2, 3, 2
RUN_2026-06-19_lowB_baselines_r4c303, 5, 0, 999, 999, 15, 16, 999, 32, 3, 999, 128, 8, 5, 175, 80, 999, 13, 9, 999, 143, 999, 31, 999, 160, 7, 159, 999, 999, 14, 192, 999, 176, 999, 999, 1, 999, 111, 48, 999, 47, 6, 999, 96, 127, 95, 2, 112, 64, 79, 11, 144, 999, 999, 999, 63, 10, 207, 4, 191, 12, 999, 49, 84, 167, 168, 136, 83, 162, 999, 17, 183, 999, 46, 59, 999, 82, 178, 97, 124, 50, 129, 138, 27, 68, 43, 125, 77, 135, 113, 169, 39, 61, 999, 62, 65, 55, 154, 85, 184, 202, 999, 189, 20, 190, 205, 86, 206, 19, 126, 195, 194, 999, 999, 151, 30, 52, 161, 145, 123, 105, 156, 999, 106, 122, 166, 141, 102, 204, 999, 87, 51, 999, 36, 101, 157, 110, 140, 70, 33, 45, 44, 28, 193, 38, 999, 109, 152, 137, 34, 71, 29, 18, 999, 180, 99, 108, 60, 115, 53, 54, 131, 999, 37, 179, 163, 201, 67, 181, 177, 170, 142, 148, 66, 999, 999, 158, 22, 165, 21, 999, 999, 147, 107, 171, 203, 41, 172, 199, 114, 98, 100, 155, 149, 999, 999, 121, 133, 25, 42, 185, 999, 35, 198, 56, 130, 134, 999, 197, 91, 187, 89, 196, 182, 118, 999, 88, 153, 139, 119, 999, 90, 200, 120, 146, 999, 188, 999, 57, 73, 58, 999, 999, 173, 40, 69, 164, 116, 92, 78, 24, 186, 174, 81, 76, 999, 23, 132, 75, 94, 72, 150, 26, 93, 117, 103, 104, 74, 3, 0, 0, 2, 0, 0, 3, 0, 0, 3, 2, 1, 1, 2, 0, 0, 3, 0, 1, 0, 3, 0, 1, 3, 2, 0, 0, 2, 3, 0, 0, 0, 0, 0, 0, 0, 2, 0, 3, 2, 0, 0, 1, 0, 0, 0, 2, 3, 1, 1, 0, 0, 0, 2, 1, 1, 1, 3, 0, 0, 1, 1, 0, 3, 3, 0, 3, 0, 0, 2, 0, 0, 0, 0, 0, 3, 0, 2, 1, 2, 0, 0, 3, 3, 1, 0, 1, 0, 1, 3, 1, 0, 0, 3, 2, 1, 2, 1, 2, 0, 3, 1, 2, 1, 1, 3, 2, 2, 1, 1, 0, 0, 3, 3, 1, 2, 0, 0, 3, 3, 0, 2, 3, 0, 1, 1, 2, 0, 0, 1, 0, 1, 0, 2, 1, 0, 1, 3, 3, 3, 3, 2, 3, 0, 2, 3, 2, 0, 3, 3, 0, 0, 3, 1, 2, 0, 0, 2, 2, 3, 0, 1, 1, 3, 2, 2, 1, 0, 3, 0, 3, 1, 0, 0, 3, 3, 1, 0, 0, 0, 0, 2, 0, 0, 3, 0, 3, 1, 3, 2, 0, 0, 0, 0, 0, 3, 3, 2, 0, 0, 3, 3, 2, 3, 2, 0, 1, 1, 3, 3, 1, 3, 1, 0, 3, 1, 3, 3, 0, 0, 2, 0, 1, 0, 0, 0, 1, 1, 2, 0, 0, 2, 3, 2, 3, 0, 0, 2, 0, 2, 0, 3, 3, 0, 0, 0, 1, 2, 2, 0, 1, 0, 3, 2, 3, 2
RUN_2026-06-19_lowB_baselines_r4c244, 6, 0, 999, 999, 15, 176, 999, 999, 9, 999, 64, 4, 7, 999, 160, 192, 13, 5, 32, 143, 999, 31, 999, 159, 3, 80, 999, 999, 14, 111, 999, 127, 191, 207, 1, 999, 999, 999, 144, 112, 2, 999, 999, 48, 95, 8, 47, 63, 79, 10, 999, 96, 16, 128, 999, 11, 999, 6, 999, 12, 175, 147, 115, 177, 182, 999, 26, 999, 75, 156, 73, 116, 168, 163, 20, 999, 99, 122, 181, 165, 173, 999, 999, 999, 77, 76, 62, 71, 72, 183, 19, 59, 999, 148, 164, 140, 999, 61, 169, 121, 172, 193, 38, 999, 178, 108, 141, 119, 24, 40, 55, 83, 82, 170, 999, 162, 999, 171, 149, 203, 23, 27, 56, 37, 97, 133, 157, 39, 28, 999, 166, 999, 124, 167, 30, 103, 22, 198, 109, 25, 110, 205, 94, 78, 184, 92, 93, 999, 74, 66, 118, 29, 999, 195, 155, 146, 117, 999, 65, 206, 999, 190, 197, 194, 174, 125, 137, 102, 179, 123, 17, 57, 200, 107, 54, 142, 131, 101, 202, 999, 189, 70, 201, 52, 145, 100, 36, 139, 114, 999, 204, 42, 49, 196, 50, 51, 136, 113, 134, 21, 999, 188, 129, 90, 68, 150, 185, 154, 43, 152, 86, 999, 151, 153, 58, 132, 161, 91, 999, 180, 104, 89, 88, 999, 34, 41, 33, 84, 999, 199, 187, 46, 120, 53, 130, 18, 85, 999, 44, 135, 98, 138, 69, 106, 999, 87, 105, 67, 158, 126, 81, 45, 60, 35, 186, 999, 999, 3, 0, 0, 2, 0, 0, 0, 0, 0, 3, 2, 1, 0, 2, 2, 0, 3, 1, 1, 0, 3, 0, 3, 3, 0, 0, 0, 2, 1, 0, 2, 0, 1, 0, 0, 0, 0, 0, 1, 2, 0, 0, 3, 0, 0, 2, 0, 3, 1, 0, 2, 2, 1, 0, 1, 0, 1, 0, 0, 2, 1, 1, 2, 1, 0, 1, 0, 3, 1, 0, 2, 3, 0, 3, 0, 1, 1, 2, 1, 1, 0, 0, 0, 0, 3, 3, 1, 1, 1, 2, 1, 0, 3, 0, 0, 0, 0, 1, 1, 1, 1, 2, 0, 1, 2, 1, 1, 0, 2, 1, 3, 1, 2, 0, 0, 0, 0, 1, 0, 1, 3, 2, 3, 2, 1, 2, 1, 2, 0, 1, 0, 1, 2, 2, 1, 0, 3, 2, 3, 2, 1, 2, 3, 1, 0, 2, 0, 1, 3, 2, 2, 0, 3, 2, 2, 1, 0, 2, 2, 0, 3, 1, 1, 2, 1, 3, 0, 1, 0, 1, 3, 2, 0, 3, 2, 2, 0, 2, 0, 3, 3, 0, 2, 3, 3, 2, 1, 2, 0, 1, 2, 3, 3, 2, 0, 3, 0, 1, 2, 0, 2, 0, 3, 3, 3, 1, 1, 1, 0, 2, 0, 3, 0, 0, 2, 3, 2, 0, 2, 3, 1, 3, 0, 0, 0, 0, 1, 0, 2, 1, 3, 2, 1, 1, 1, 1, 0, 1, 2, 2, 2, 1, 2, 0, 0, 1, 3, 0, 0, 3, 0, 3, 3, 2, 0, 0
RUN_2026-06-19_lowB_baselines_r4c244, 7, 0, 999, 999, 15, 176, 999, 999, 9, 999, 64, 4, 7, 999, 160, 999, 13, 5, 32, 143, 999, 31, 999, 159, 3, 80, 999, 999, 14, 111, 999, 127, 191, 207, 1, 999, 999, 999, 144, 112, 2, 999, 999, 48, 95, 8, 47, 63, 79, 10, 192, 96, 16, 128, 999, 11, 999, 6, 999, 12, 175, 147, 115, 177, 182, 999, 26, 999, 75, 156, 73, 116, 168, 163, 20, 999, 99, 122, 181, 165, 173, 999, 999, 999, 77, 76, 62, 71, 72, 183, 19, 59, 999, 148, 164, 140, 999, 61, 169, 121, 172, 193, 38, 999, 178, 108, 141, 119, 24, 40, 55, 83, 82, 170, 999, 162, 999, 171, 149, 203, 23, 27, 56, 37, 97, 133, 157, 39, 28, 999, 166, 999, 124, 167, 30, 103, 22, 198, 109, 25, 110, 205, 94, 78, 184, 92, 93, 999, 74, 66, 118, 29, 999, 195, 155, 146, 117, 999, 65, 206, 999, 190, 197, 194, 174, 125, 137, 102, 179, 123, 17, 57, 200, 107, 54, 142, 131, 101, 999, 999, 189, 70, 999, 52, 145, 100, 36, 139, 114, 201, 204, 42, 49, 196, 50, 51, 136, 113, 134, 21, 999, 188, 129, 90, 68, 150, 185, 154, 43, 152, 86, 999, 151, 153, 58, 132, 161, 91, 999, 180, 104, 89, 88, 999, 34, 41, 33, 84, 999, 199, 187, 46, 120, 53, 130, 18, 85, 202, 44, 135, 98, 138, 69, 106, 999, 87, 105, 67, 158, 126, 81, 45, 60, 35, 186, 999, 999, 3, 0, 0, 2, 0, 0, 0, 0, 0, 3, 2, 1, 0, 2, 0, 0, 3, 1, 1, 0, 3, 0, 3, 3, 0, 0, 0, 2, 1, 0, 2, 0, 1, 0, 0, 0, 0, 0, 1, 2, 0, 0, 3, 0, 0, 2, 0, 3, 1, 1, 2, 2, 1, 0, 1, 0, 1, 0, 0, 2, 1, 1, 2, 1, 0, 1, 0, 3, 1, 0, 2, 3, 0, 3, 0, 1, 1, 2, 1, 1, 0, 0, 0, 0, 3, 3, 1, 1, 1, 2, 1, 0, 3, 0, 0, 0, 0, 1, 1, 1, 1, 2, 0, 1, 2, 1, 1, 0, 2, 1, 3, 1, 2, 0, 0, 0, 0, 1, 0, 1, 3, 2, 3, 2, 1, 2, 1, 2, 0, 1, 0, 1, 2, 2, 1, 0, 3, 2, 3, 2, 1, 2, 3, 1, 0, 2, 0, 1, 3, 2, 2, 0, 3, 2, 2, 1, 0, 2, 2, 0, 3, 1, 1, 2, 1, 3, 0, 1, 0, 1, 3, 2, 0, 3, 2, 2, 0, 0, 0, 3, 3, 0, 2, 3, 3, 2, 1, 2, 1, 1, 2, 3, 3, 2, 0, 3, 0, 1, 2, 0, 2, 0, 3, 3, 3, 1, 1, 1, 0, 2, 0, 3, 0, 0, 2, 3, 2, 0, 2, 3, 1, 3, 0, 0, 0, 0, 1, 0, 2, 1, 3, 2, 1, 1, 1, 1, 0, 1, 2, 2, 2, 1, 2, 0, 0, 1, 3, 0, 0, 3, 0, 3, 3, 2, 0, 0
RUN_2026-06-19_lowB_baselines_r4c244, 8, 0, 999, 999, 15, 176, 999, 999, 9, 999, 64, 4, 7, 999, 160, 192, 13, 5, 32, 143, 999, 31, 999, 159, 3, 80, 999, 999, 14, 111, 999, 127, 191, 207, 1, 999, 999, 999, 144, 112, 2, 999, 999, 48, 95, 8, 47, 63, 79, 10, 999, 96, 16, 128, 999, 11, 999, 6, 999, 12, 175, 147, 115, 177, 182, 999, 26, 999, 75, 156, 73, 116, 168, 163, 20, 999, 99, 122, 181, 165, 173, 999, 999, 999, 77, 76, 62, 71, 72, 183, 19, 59, 999, 148, 164, 140, 999, 61, 169, 121, 172, 193, 38, 999, 178, 108, 141, 119, 24, 40, 55, 83, 82, 170, 999, 162, 999, 171, 149, 203, 23, 27, 56, 37, 97, 133, 157, 39, 28, 999, 166, 999, 124, 167, 30, 103, 22, 198, 109, 25, 110, 205, 94, 78, 184, 92, 93, 999, 74, 66, 118, 29, 999, 195, 155, 146, 117, 999, 65, 206, 999, 190, 197, 194, 174, 125, 137, 102, 179, 123, 17, 57, 200, 107, 54, 142, 131, 101, 999, 999, 189, 70, 999, 52, 145, 100, 36, 139, 114, 201, 204, 42, 49, 196, 50, 51, 136, 113, 134, 21, 999, 188, 129, 90, 68, 150, 185, 154, 43, 152, 86, 999, 151, 153, 58, 132, 161, 91, 999, 180, 104, 89, 88, 999, 34, 41, 33, 84, 999, 199, 187, 46, 120, 53, 130, 18, 85, 202, 44, 135, 98, 138, 69, 106, 999, 87, 105, 67, 158, 126, 81, 45, 60, 35, 186, 999, 999, 3, 0, 0, 2, 0, 0, 0, 0, 0, 3, 2, 1, 0, 2, 2, 0, 3, 1, 1, 0, 3, 0, 3, 3, 0, 0, 0, 2, 1, 0, 2, 0, 1, 0, 0, 0, 0, 0, 1, 2, 0, 0, 3, 0, 0, 2, 0, 3, 1, 0, 2, 2, 1, 0, 1, 0, 1, 0, 0, 2, 1, 1, 2, 1, 0, 1, 0, 3, 1, 0, 2, 3, 0, 3, 0, 1, 1, 2, 1, 1, 0, 0, 0, 0, 3, 3, 1, 1, 1, 2, 1, 0, 3, 0, 0, 0, 0, 1, 1, 1, 1, 2, 0, 1, 2, 1, 1, 0, 2, 1, 3, 1, 2, 0, 0, 0, 0, 1, 0, 1, 3, 2, 3, 2, 1, 2, 1, 2, 0, 1, 0, 1, 2, 2, 1, 0, 3, 2, 3, 2, 1, 2, 3, 1, 0, 2, 0, 1, 3, 2, 2, 0, 3, 2, 2, 1, 0, 2, 2, 0, 3, 1, 1, 2, 1, 3, 0, 1, 0, 1, 3, 2, 0, 3, 2, 2, 0, 0, 0, 3, 3, 0, 2, 3, 3, 2, 1, 2, 1, 1, 2, 3, 3, 2, 0, 3, 0, 1, 2, 0, 2, 0, 3, 3, 3, 1, 1, 1, 0, 2, 0, 3, 0, 0, 2, 3, 2, 0, 2, 3, 1, 3, 0, 0, 0, 0, 1, 0, 2, 1, 3, 2, 1, 1, 1, 1, 0, 1, 2, 2, 2, 1, 2, 0, 0, 1, 3, 0, 0, 3, 0, 3, 3, 2, 0, 0
RUN_2026-06-19_lowB_baselines_r4c244, 9, 0, 999, 999, 15, 176, 999, 999, 9, 999, 64, 4, 7, 999, 160, 999, 13, 5, 32, 143, 999, 31, 999, 159, 3, 80, 999, 999, 14, 111, 999, 127, 191, 207, 1, 999, 999, 999, 144, 112, 2, 999, 999, 48, 95, 8, 47, 63, 79, 10, 192, 96, 16, 128, 999, 11, 999, 6, 999, 12, 175, 147, 115, 177, 182, 999, 26, 999, 75, 156, 73, 116, 168, 163, 20, 999, 99, 122, 181, 165, 173, 999, 999, 999, 77, 76, 62, 71, 72, 183, 19, 59, 999, 148, 164, 140, 999, 61, 169, 121, 172, 193, 38, 999, 178, 108, 141, 119, 24, 40, 55, 83, 82, 170, 999, 162, 999, 171, 149, 203, 23, 27, 56, 37, 97, 133, 157, 39, 28, 999, 166, 999, 124, 167, 30, 103, 22, 198, 109, 25, 110, 205, 94, 78, 184, 92, 93, 999, 74, 66, 118, 29, 999, 195, 155, 146, 117, 999, 65, 206, 999, 190, 197, 194, 174, 125, 137, 102, 179, 123, 17, 57, 200, 107, 54, 142, 131, 101, 202, 999, 189, 70, 201, 52, 145, 100, 36, 139, 114, 204, 999, 42, 49, 196, 50, 51, 136, 113, 134, 21, 999, 188, 129, 90, 68, 150, 185, 154, 43, 152, 86, 999, 151, 153, 58, 132, 161, 91, 999, 180, 104, 89, 88, 999, 34, 41, 33, 84, 999, 199, 187, 46, 120, 53, 130, 18, 85, 999, 44, 135, 98, 138, 69, 106, 999, 87, 105, 67, 158, 126, 81, 45, 60, 35, 186, 999, 999, 3, 0, 0, 2, 0, 0, 0, 0, 0, 3, 2, 1, 0, 2, 0, 0, 3, 1, 1, 0, 3, 0, 3, 3, 0, 0, 0, 2, 1, 0, 2, 0, 1, 0, 0, 0, 0, 0, 1, 2, 0, 0, 3, 0, 0, 2, 0, 3, 1, 1, 2, 2, 1, 0, 1, 0, 1, 0, 0, 2, 1, 1, 2, 1, 0, 1, 0, 3, 1, 0, 2, 3, 0, 3, 0, 1, 1, 2, 1, 1, 0, 0, 0, 0, 3, 3, 1, 1, 1, 2, 1, 0, 3, 0, 0, 0, 0, 1, 1, 1, 1, 2, 0, 1, 2, 1, 1, 0, 2, 1, 3, 1, 2, 0, 0, 0, 0, 1, 0, 1, 3, 2, 3, 2, 1, 2, 1, 2, 0, 1, 0, 1, 2, 2, 1, 0, 3, 2, 3, 2, 1, 2, 3, 1, 0, 2, 0, 1, 3, 2, 2, 0, 3, 2, 2, 1, 0, 2, 2, 0, 3, 1, 1, 2, 1, 3, 0, 1, 0, 1, 3, 2, 0, 3, 2, 2, 0, 2, 0, 3, 3, 0, 2, 3, 3, 2, 1, 2, 1, 0, 2, 3, 3, 2, 0, 3, 0, 1, 2, 0, 2, 0, 3, 3, 3, 1, 1, 1, 0, 2, 0, 3, 0, 0, 2, 3, 2, 0, 2, 3, 1, 3, 0, 0, 0, 0, 1, 0, 2, 1, 3, 2, 1, 1, 1, 1, 0, 1, 2, 2, 2, 1, 2, 0, 0, 1, 3, 0, 0, 3, 0, 3, 3, 2, 0, 0
RUN_2026-06-19_lowB_baselines_r4c244, 10, 0, 999, 999, 15, 176, 999, 999, 9, 999, 64, 4, 7, 999, 160, 999, 13, 5, 32, 143, 999, 31, 999, 159, 3, 80, 999, 999, 14, 111, 999, 127, 191, 207, 1, 999, 999, 999, 144, 112, 2, 999, 999, 48, 95, 8, 47, 63, 79, 10, 192, 96, 16, 128, 999, 11, 999, 6, 999, 12, 175, 147, 115, 177, 182, 999, 26, 999, 75, 156, 73, 116, 168, 163, 20, 999, 99, 122, 181, 165, 173, 999, 999, 999, 77, 76, 62, 71, 72, 183, 19, 59, 999, 148, 164, 140, 999, 61, 169, 121, 172, 193, 38, 999, 178, 108, 141, 119, 24, 40, 55, 83, 82, 170, 999, 162, 999, 171, 149, 203, 23, 27, 56, 37, 97, 133, 157, 39, 28, 999, 166, 999, 124, 167, 30, 103, 22, 198, 109, 25, 110, 205, 94, 78, 184, 92, 93, 999, 74, 66, 118, 29, 999, 195, 155, 146, 117, 999, 65, 206, 999, 190, 197, 194, 174, 125, 137, 102, 179, 123, 17, 57, 200, 107, 54, 142, 131, 101, 999, 999, 189, 70, 999, 52, 145, 100, 36, 139, 114, 204, 201, 42, 49, 196, 50, 51, 136, 113, 134, 21, 999, 188, 129, 90, 68, 150, 185, 154, 43, 152, 86, 999, 151, 153, 58, 132, 161, 91, 999, 180, 104, 89, 88, 999, 34, 41, 33, 84, 999, 199, 187, 46, 120, 53, 130, 18, 85, 202, 44, 135, 98, 138, 69, 106, 999, 87, 105, 67, 158, 126, 81, 45, 60, 35, 186, 999, 999, 3, 0, 0, 2, 0, 0, 0, 0, 0, 3, 2, 1, 0, 2, 0, 0, 3, 1, 1, 0, 3, 0, 3, 3, 0, 0, 0, 2, 1, 0, 2, 0, 1, 0, 0, 0, 0, 0, 1, 2, 0, 0, 3, 0, 0, 2, 0, 3, 1, 1, 2, 2, 1, 0, 1, 0, 1, 0, 0, 2, 1, 1, 2, 1, 0, 1, 0, 3, 1, 0, 2, 3, 0, 3, 0, 1, 1, 2, 1, 1, 0, 0, 0, 0, 3, 3, 1, 1, 1, 2, 1, 0, 3, 0, 0, 0, 0, 1, 1, 1, 1, 2, 0, 1, 2, 1, 1, 0, 2, 1, 3, 1, 2, 0, 0, 0, 0, 1, 0, 1, 3, 2, 3, 2, 1, 2, 1, 2, 0, 1, 0, 1, 2, 2, 1, 0, 3, 2, 3, 2, 1, 2, 3, 1, 0, 2, 0, 1, 3, 2, 2, 0, 3, 2, 2, 1, 0, 2, 2, 0, 3, 1, 1, 2, 1, 3, 0, 1, 0, 1, 3, 2, 0, 3, 2, 2, 0, 0, 0, 3, 3, 0, 2, 3, 3, 2, 1, 2, 1, 1, 2, 3, 3, 2, 0, 3, 0, 1, 2, 0, 2, 0, 3, 3, 3, 1, 1, 1, 0, 2, 0, 3, 0, 0, 2, 3, 2, 0, 2, 3, 1, 3, 0, 0, 0, 0, 1, 0, 2, 1, 3, 2, 1, 1, 1, 1, 0, 1, 2, 2, 2, 1, 2, 0, 0, 1, 3, 0, 0, 3, 0, 3, 3, 2, 0, 0
RUN_2026-06-19_lowB_baselines_r4c244, 11, 0, 999, 999, 15, 176, 999, 999, 9, 999, 64, 4, 7, 999, 160, 192, 13, 5, 32, 143, 999, 31, 999, 159, 3, 80, 999, 999, 14, 111, 999, 127, 191, 207, 1, 999, 999, 999, 144, 112, 2, 999, 999, 48, 95, 8, 47, 63, 79, 10, 999, 96, 16, 128, 999, 11, 999, 6, 999, 12, 175, 147, 115, 177, 182, 999, 26, 999, 75, 156, 73, 116, 168, 163, 20, 999, 99, 122, 181, 165, 173, 999, 999, 999, 77, 76, 62, 71, 72, 183, 19, 59, 999, 148, 164, 140, 999, 61, 169, 121, 172, 193, 38, 999, 178, 108, 141, 119, 24, 40, 55, 83, 82, 170, 999, 162, 999, 171, 149, 203, 23, 27, 56, 37, 97, 133, 157, 39, 28, 999, 166, 999, 124, 167, 30, 103, 22, 198, 109, 25, 110, 205, 94, 78, 184, 92, 93, 999, 74, 66, 118, 29, 999, 195, 155, 146, 117, 999, 65, 206, 999, 190, 197, 194, 174, 125, 137, 102, 179, 123, 17, 57, 200, 107, 54, 142, 131, 101, 202, 999, 189, 70, 201, 52, 145, 100, 36, 139, 114, 204, 999, 42, 49, 196, 50, 51, 136, 113, 134, 21, 999, 188, 129, 90, 68, 150, 185, 154, 43, 152, 86, 999, 151, 153, 58, 132, 161, 91, 999, 180, 104, 89, 88, 999, 34, 41, 33, 84, 999, 199, 187, 46, 120, 53, 130, 18, 85, 999, 44, 135, 98, 138, 69, 106, 999, 87, 105, 67, 158, 126, 81, 45, 60, 35, 186, 999, 999, 3, 0, 0, 2, 0, 0, 0, 0, 0, 3, 2, 1, 0, 2, 2, 0, 3, 1, 1, 0, 3, 0, 3, 3, 0, 0, 0, 2, 1, 0, 2, 0, 1, 0, 0, 0, 0, 0, 1, 2, 0, 0, 3, 0, 0, 2, 0, 3, 1, 0, 2, 2, 1, 0, 1, 0, 1, 0, 0, 2, 1, 1, 2, 1, 0, 1, 0, 3, 1, 0, 2, 3, 0, 3, 0, 1, 1, 2, 1, 1, 0, 0, 0, 0, 3, 3, 1, 1, 1, 2, 1, 0, 3, 0, 0, 0, 0, 1, 1, 1, 1, 2, 0, 1, 2, 1, 1, 0, 2, 1, 3, 1, 2, 0, 0, 0, 0, 1, 0, 1, 3, 2, 3, 2, 1, 2, 1, 2, 0, 1, 0, 1, 2, 2, 1, 0, 3, 2, 3, 2, 1, 2, 3, 1, 0, 2, 0, 1, 3, 2, 2, 0, 3, 2, 2, 1, 0, 2, 2, 0, 3, 1, 1, 2, 1, 3, 0, 1, 0, 1, 3, 2, 0, 3, 2, 2, 0, 2, 0, 3, 3, 0, 2, 3, 3, 2, 1, 2, 1, 0, 2, 3, 3, 2, 0, 3, 0, 1, 2, 0, 2, 0, 3, 3, 3, 1, 1, 1, 0, 2, 0, 3, 0, 0, 2, 3, 2, 0, 2, 3, 1, 3, 0, 0, 0, 0, 1, 0, 2, 1, 3, 2, 1, 1, 1, 1, 0, 1, 2, 2, 2, 1, 2, 0, 0, 1, 3, 0, 0, 3, 0, 3, 3, 2, 0, 0
RUN_2026-06-19_lowB_baselines_r4c244, 12, 0, 999, 999, 15, 176, 999, 999, 9, 999, 64, 4, 7, 999, 160, 192, 13, 5, 32, 143, 999, 31, 999, 159, 3, 80, 999, 999, 14, 111, 999, 127, 191, 207, 1, 999, 999, 999, 144, 112, 2, 999, 999, 48, 95, 8, 47, 63, 79, 10, 999, 96, 16, 128, 999, 11, 999, 6, 999, 12, 175, 147, 115, 177, 182, 999, 26, 999, 75, 156, 73, 116, 168, 163, 20, 999, 99, 122, 181, 165, 173, 999, 999, 999, 77, 76, 62, 71, 72, 183, 19, 59, 999, 148, 164, 140, 999, 61, 169, 121, 172, 193, 38, 999, 178, 108, 141, 119, 24, 40, 55, 83, 82, 170, 999, 162, 999, 171, 149, 203, 23, 27, 56, 37, 97, 133, 157, 39, 28, 999, 166, 999, 124, 167, 30, 103, 22, 198, 109, 25, 110, 205, 94, 78, 184, 92, 93, 999, 74, 66, 118, 29, 999, 195, 155, 146, 117, 999, 65, 206, 999, 190, 197, 194, 174, 125, 137, 102, 179, 123, 17, 57, 200, 107, 54, 142, 131, 101, 999, 999, 189, 70, 999, 52, 145, 100, 36, 139, 114, 204, 201, 42, 49, 196, 50, 51, 136, 113, 134, 21, 999, 188, 129, 90, 68, 150, 185, 154, 43, 152, 86, 999, 151, 153, 58, 132, 161, 91, 999, 180, 104, 89, 88, 999, 34, 41, 33, 84, 999, 199, 187, 46, 120, 53, 130, 18, 85, 202, 44, 135, 98, 138, 69, 106, 999, 87, 105, 67, 158, 126, 81, 45, 60, 35, 186, 999, 999, 3, 0, 0, 2, 0, 0, 0, 0, 0, 3, 2, 1, 0, 2, 2, 0, 3, 1, 1, 0, 3, 0, 3, 3, 0, 0, 0, 2, 1, 0, 2, 0, 1, 0, 0, 0, 0, 0, 1, 2, 0, 0, 3, 0, 0, 2, 0, 3, 1, 0, 2, 2, 1, 0, 1, 0, 1, 0, 0, 2, 1, 1, 2, 1, 0, 1, 0, 3, 1, 0, 2, 3, 0, 3, 0, 1, 1, 2, 1, 1, 0, 0, 0, 0, 3, 3, 1, 1, 1, 2, 1, 0, 3, 0, 0, 0, 0, 1, 1, 1, 1, 2, 0, 1, 2, 1, 1, 0, 2, 1, 3, 1, 2, 0, 0, 0, 0, 1, 0, 1, 3, 2, 3, 2, 1, 2, 1, 2, 0, 1, 0, 1, 2, 2, 1, 0, 3, 2, 3, 2, 1, 2, 3, 1, 0, 2, 0, 1, 3, 2, 2, 0, 3, 2, 2, 1, 0, 2, 2, 0, 3, 1, 1, 2, 1, 3, 0, 1, 0, 1, 3, 2, 0, 3, 2, 2, 0, 0, 0, 3, 3, 0, 2, 3, 3, 2, 1, 2, 1, 1, 2, 3, 3, 2, 0, 3, 0, 1, 2, 0, 2, 0, 3, 3, 3, 1, 1, 1, 0, 2, 0, 3, 0, 0, 2, 3, 2, 0, 2, 3, 1, 3, 0, 0, 0, 0, 1, 0, 2, 1, 3, 2, 1, 1, 1, 1, 0, 1, 2, 2, 2, 1, 2, 0, 0, 1, 3, 0, 0, 3, 0, 3, 3, 2, 0, 0
RUN_2026-06-19_lowB_baselines_r4c244, 13, 0, 999, 999, 15, 176, 999, 999, 9, 999, 64, 4, 7, 999, 160, 999, 13, 5, 32, 143, 999, 31, 999, 159, 3, 80, 999, 999, 14, 111, 999, 127, 191, 207, 1, 999, 999, 999, 144, 112, 2, 999, 999, 48, 95, 8, 47, 63, 79, 10, 192, 96, 16, 128, 999, 11, 999, 6, 999, 12, 175, 147, 115, 177, 182, 999, 26, 999, 75, 156, 73, 116, 168, 163, 20, 999, 99, 122, 181, 165, 173, 999, 999, 999, 77, 76, 62, 71, 72, 183, 19, 59, 999, 148, 164, 140, 999, 61, 169, 121, 172, 193, 38, 999, 178, 108, 141, 119, 24, 40, 55, 83, 82, 170, 999, 162, 999, 171, 149, 203, 23, 27, 56, 37, 97, 133, 157, 39, 28, 999, 166, 999, 124, 167, 30, 103, 22, 198, 109, 25, 110, 205, 94, 78, 184, 92, 93, 999, 74, 66, 118, 29, 999, 195, 155, 146, 117, 999, 65, 206, 999, 190, 197, 194, 174, 125, 137, 102, 179, 123, 17, 57, 200, 107, 54, 142, 131, 101, 202, 999, 189, 70, 201, 52, 145, 100, 36, 139, 114, 999, 204, 42, 49, 196, 50, 51, 136, 113, 134, 21, 999, 188, 129, 90, 68, 150, 185, 154, 43, 152, 86, 999, 151, 153, 58, 132, 161, 91, 999, 180, 104, 89, 88, 999, 34, 41, 33, 84, 999, 199, 187, 46, 120, 53, 130, 18, 85, 999, 44, 135, 98, 138, 69, 106, 999, 87, 105, 67, 158, 126, 81, 45, 60, 35, 186, 999, 999, 3, 0, 0, 2, 0, 0, 0, 0, 0, 3, 2, 1, 0, 2, 0, 0, 3, 1, 1, 0, 3, 0, 3, 3, 0, 0, 0, 2, 1, 0, 2, 0, 1, 0, 0, 0, 0, 0, 1, 2, 0, 0, 3, 0, 0, 2, 0, 3, 1, 1, 2, 2, 1, 0, 1, 0, 1, 0, 0, 2, 1, 1, 2, 1, 0, 1, 0, 3, 1, 0, 2, 3, 0, 3, 0, 1, 1, 2, 1, 1, 0, 0, 0, 0, 3, 3, 1, 1, 1, 2, 1, 0, 3, 0, 0, 0, 0, 1, 1, 1, 1, 2, 0, 1, 2, 1, 1, 0, 2, 1, 3, 1, 2, 0, 0, 0, 0, 1, 0, 1, 3, 2, 3, 2, 1, 2, 1, 2, 0, 1, 0, 1, 2, 2, 1, 0, 3, 2, 3, 2, 1, 2, 3, 1, 0, 2, 0, 1, 3, 2, 2, 0, 3, 2, 2, 1, 0, 2, 2, 0, 3, 1, 1, 2, 1, 3, 0, 1, 0, 1, 3, 2, 0, 3, 2, 2, 0, 2, 0, 3, 3, 0, 2, 3, 3, 2, 1, 2, 0, 1, 2, 3, 3, 2, 0, 3, 0, 1, 2, 0, 2, 0, 3, 3, 3, 1, 1, 1, 0, 2, 0, 3, 0, 0, 2, 3, 2, 0, 2, 3, 1, 3, 0, 0, 0, 0, 1, 0, 2, 1, 3, 2, 1, 1, 1, 1, 0, 1, 2, 2, 2, 1, 2, 0, 0, 1, 3, 0, 0, 3, 0, 3, 3, 2, 0, 0
RUN_2026-06-19_lowB_baselines_r4c262, 14, 0, 999, 999, 15, 999, 999, 999, 9, 999, 64, 6, 4, 999, 127, 999, 13, 7, 31, 999, 999, 175, 999, 144, 3, 999, 159, 999, 14, 999, 999, 160, 176, 207, 1, 112, 999, 80, 32, 95, 2, 143, 999, 999, 191, 5, 48, 63, 79, 10, 111, 999, 16, 96, 47, 11, 128, 8, 999, 12, 192, 85, 138, 38, 41, 101, 201, 110, 197, 999, 999, 86, 158, 75, 94, 167, 190, 161, 999, 102, 999, 151, 174, 43, 196, 25, 26, 999, 177, 198, 76, 44, 57, 69, 200, 154, 999, 193, 137, 999, 39, 22, 105, 30, 121, 29, 999, 169, 188, 999, 58, 50, 49, 78, 59, 82, 83, 172, 999, 170, 999, 21, 181, 139, 123, 62, 999, 999, 999, 36, 106, 107, 120, 35, 165, 37, 140, 195, 999, 999, 187, 109, 999, 51, 178, 134, 150, 999, 146, 74, 162, 73, 173, 67, 40, 118, 119, 203, 81, 179, 129, 100, 103, 149, 113, 202, 91, 99, 189, 205, 17, 122, 999, 152, 93, 999, 186, 136, 84, 153, 171, 52, 163, 185, 87, 142, 42, 157, 125, 155, 141, 999, 124, 66, 126, 23, 34, 133, 184, 92, 20, 60, 24, 145, 206, 115, 114, 33, 53, 132, 999, 147, 148, 90, 88, 89, 98, 168, 77, 164, 54, 130, 156, 166, 999, 182, 45, 999, 183, 117, 116, 180, 70, 999, 65, 135, 204, 18, 46, 19, 108, 194, 68, 999, 999, 97, 61, 131, 27, 28, 999, 199, 72, 56, 104, 55, 71, 3, 0, 0, 2, 0, 0, 0, 0, 0, 3, 2, 1, 0, 0, 0, 0, 3, 3, 0, 0, 3, 0, 1, 3, 0, 0, 0, 2, 0, 0, 0, 2, 1, 0, 2, 0, 2, 0, 3, 2, 3, 0, 0, 0, 0, 0, 0, 3, 1, 3, 0, 2, 1, 2, 1, 3, 1, 0, 0, 0, 0, 3, 0, 2, 1, 0, 1, 2, 0, 0, 2, 3, 1, 2, 3, 3, 0, 0, 1, 0, 0, 2, 2, 2, 0, 0, 0, 0, 2, 0, 2, 0, 2, 0, 2, 0, 3, 3, 0, 3, 0, 0, 3, 1, 1, 0, 2, 2, 0, 1, 3, 1, 1, 2, 3, 0, 3, 0, 1, 0, 3, 3, 3, 3, 1, 0, 0, 0, 0, 3, 1, 2, 0, 0, 0, 1, 1, 0, 0, 3, 1, 0, 2, 2, 3, 0, 0, 2, 3, 3, 3, 3, 0, 2, 3, 0, 2, 0, 2, 3, 0, 2, 1, 2, 1, 1, 2, 0, 0, 1, 3, 0, 2, 3, 0, 2, 1, 0, 1, 3, 2, 1, 2, 1, 1, 3, 1, 2, 0, 2, 0, 3, 2, 2, 3, 3, 0, 0, 1, 1, 3, 3, 0, 3, 2, 0, 1, 2, 3, 0, 3, 0, 3, 3, 1, 2, 0, 3, 1, 3, 3, 0, 1, 0, 1, 2, 0, 0, 0, 2, 3, 2, 0, 0, 3, 1, 1, 1, 3, 3, 1, 0, 0, 0, 0, 0, 2, 2, 2, 0, 1, 3, 3, 1, 1, 0
RUN_2026-06-19_lowB_baselines_r4c262, 15, 0, 999, 999, 15, 999, 999, 999, 9, 999, 64, 6, 4, 999, 127, 999, 13, 7, 31, 999, 999, 175, 999, 144, 3, 999, 159, 999, 14, 999, 999, 160, 176, 207, 1, 112, 999, 80, 32, 95, 2, 143, 999, 999, 191, 5, 48, 63, 79, 10, 111, 999, 16, 96, 47, 11, 128, 8, 999, 12, 192, 85, 138, 38, 41, 101, 201, 110, 197, 999, 999, 86, 158, 75, 94, 167, 190, 161, 999, 102, 999, 151, 174, 43, 196, 25, 26, 999, 177, 200, 76, 44, 57, 69, 999, 154, 999, 193, 137, 999, 39, 22, 105, 30, 121, 29, 999, 169, 188, 999, 58, 50, 49, 78, 59, 82, 83, 172, 999, 170, 999, 21, 181, 139, 123, 62, 999, 999, 999, 36, 106, 107, 120, 35, 165, 37, 140, 195, 999, 999, 187, 109, 999, 51, 178, 134, 150, 999, 146, 74, 162, 73, 173, 67, 40, 118, 119, 203, 81, 179, 129, 100, 103, 149, 113, 202, 91, 99, 189, 205, 17, 122, 999, 152, 93, 199, 186, 136, 84, 153, 171, 52, 163, 185, 87, 142, 42, 157, 125, 155, 141, 999, 124, 66, 126, 23, 34, 133, 184, 92, 20, 60, 24, 145, 206, 115, 114, 33, 53, 132, 999, 147, 148, 90, 88, 89, 98, 168, 77, 164, 54, 130, 156, 166, 999, 182, 45, 999, 183, 117, 116, 180, 70, 999, 65, 135, 204, 18, 46, 19, 108, 194, 68, 999, 198, 97, 61, 131, 27, 28, 999, 999, 72, 56, 104, 55, 71, 3, 0, 0, 2, 0, 0, 0, 0, 0, 3, 2, 1, 0, 0, 0, 0, 3, 3, 0, 0, 3, 0, 1, 3, 0, 0, 0, 2, 0, 0, 0, 2, 1, 0, 2, 0, 2, 0, 3, 2, 3, 0, 0, 0, 0, 0, 0, 3, 1, 3, 0, 2, 1, 2, 1, 3, 1, 0, 0, 0, 0, 3, 0, 2, 1, 0, 1, 2, 0, 0, 2, 3, 1, 2, 3, 3, 0, 0, 1, 0, 0, 2, 2, 2, 0, 0, 0, 0, 3, 0, 2, 0, 2, 0, 2, 0, 3, 3, 0, 3, 0, 0, 3, 1, 1, 0, 2, 2, 0, 1, 3, 1, 1, 2, 3, 0, 3, 0, 1, 0, 3, 3, 3, 3, 1, 0, 0, 0, 0, 3, 1, 2, 0, 0, 0, 1, 1, 0, 0, 3, 1, 0, 2, 2, 3, 0, 0, 2, 3, 3, 3, 3, 0, 2, 3, 0, 2, 0, 2, 3, 0, 2, 1, 2, 1, 1, 2, 0, 0, 1, 3, 0, 2, 3, 0, 2, 1, 0, 1, 3, 2, 1, 2, 1, 1, 3, 1, 2, 0, 2, 0, 3, 2, 2, 3, 3, 0, 0, 1, 1, 3, 3, 0, 3, 2, 0, 1, 2, 3, 0, 3, 0, 3, 3, 1, 2, 0, 3, 1, 3, 3, 0, 1, 0, 1, 2, 0, 0, 0, 2, 3, 2, 0, 0, 3, 1, 1, 1, 3, 3, 1, 0, 0, 1, 0, 0, 2, 2, 2, 0, 0, 3, 3, 1, 1, 0
RUN_2026-06-19_lowB_baselines_r4c262, 16, 0, 999, 999, 15, 999, 999, 999, 9, 999, 64, 6, 4, 999, 127, 999, 13, 7, 31, 999, 999, 175, 999, 144, 3, 999, 159, 999, 14, 999, 999, 160, 176, 207, 1, 112, 999, 80, 32, 95, 2, 143, 999, 999, 191, 5, 48, 63, 79, 10, 111, 999, 16, 96, 47, 11, 128, 8, 999, 12, 192, 85, 138, 38, 41, 101, 201, 110, 197, 999, 999, 86, 158, 75, 94, 167, 190, 161, 999, 102, 999, 151, 174, 43, 196, 25, 26, 999, 177, 999, 76, 44, 57, 69, 200, 154, 999, 193, 137, 999, 39, 22, 105, 30, 121, 29, 999, 169, 188, 999, 58, 50, 49, 78, 59, 82, 83, 172, 999, 170, 999, 21, 181, 139, 123, 62, 999, 999, 999, 36, 106, 107, 120, 35, 165, 37, 140, 195, 999, 999, 187, 109, 999, 51, 178, 134, 150, 999, 146, 74, 162, 73, 173, 67, 40, 118, 119, 203, 81, 179, 129, 100, 103, 149, 113, 202, 91, 99, 189, 205, 17, 122, 999, 152, 93, 199, 186, 136, 84, 153, 171, 52, 163, 185, 87, 142, 42, 157, 125, 155, 141, 999, 124, 66, 126, 23, 34, 133, 184, 92, 20, 60, 24, 145, 206, 115, 114, 33, 53, 132, 999, 147, 148, 90, 88, 89, 98, 168, 77, 164, 54, 130, 156, 166, 999, 182, 45, 999, 183, 117, 116, 180, 70, 999, 65, 135, 204, 18, 46, 19, 108, 194, 68, 999, 999, 97, 61, 131, 27, 28, 198, 999, 72, 56, 104, 55, 71, 3, 0, 0, 2, 0, 0, 0, 0, 0, 3, 2, 1, 0, 0, 0, 0, 3, 3, 0, 0, 3, 0, 1, 3, 0, 0, 0, 2, 0, 0, 0, 2, 1, 0, 2, 0, 2, 0, 3, 2, 3, 0, 0, 0, 0, 0, 0, 3, 1, 3, 0, 2, 1, 2, 1, 3, 1, 0, 0, 0, 0, 3, 0, 2, 1, 0, 1, 2, 0, 0, 2, 3, 1, 2, 3, 3, 0, 0, 1, 0, 0, 2, 2, 2, 0, 0, 0, 0, 0, 0, 2, 0, 2, 0, 2, 0, 3, 3, 0, 3, 0, 0, 3, 1, 1, 0, 2, 2, 0, 1, 3, 1, 1, 2, 3, 0, 3, 0, 1, 0, 3, 3, 3, 3, 1, 0, 0, 0, 0, 3, 1, 2, 0, 0, 0, 1, 1, 0, 0, 3, 1, 0, 2, 2, 3, 0, 0, 2, 3, 3, 3, 3, 0, 2, 3, 0, 2, 0, 2, 3, 0, 2, 1, 2, 1, 1, 2, 0, 0, 1, 3, 0, 2, 3, 1, 2, 1, 0, 1, 3, 2, 1, 2, 1, 1, 3, 1, 2, 0, 2, 0, 3, 2, 2, 3, 3, 0, 0, 1, 1, 3, 3, 0, 3, 2, 0, 1, 2, 3, 0, 3, 0, 3, 3, 1, 2, 0, 3, 1, 3, 3, 0, 1, 0, 1, 2, 0, 0, 0, 2, 3, 2, 0, 0, 3, 1, 1, 1, 3, 3, 1, 0, 0, 0, 0, 0, 2, 2, 2, 1, 0, 3, 3, 1, 1, 0
RUN_2026-06-19_lowB_baselines_r4c262, 17, 0, 999, 999, 15, 999, 999, 999, 9, 999, 64, 6, 4, 999, 127, 999, 13, 7, 31, 999, 999, 175, 999, 144, 3, 999, 159, 999, 14, 999, 999, 160, 176, 207, 1, 112, 999, 80, 32, 95, 2, 143, 999, 999, 191, 5, 48, 63, 79, 10, 111, 999, 16, 96, 47, 11, 128, 8, 999, 12, 192, 85, 138, 38, 41, 101, 201, 110, 197, 999, 999, 86, 158, 75, 94, 167, 190, 161, 999, 102, 999, 151, 174, 43, 196, 25, 26, 999, 177, 198, 76, 44, 57, 69, 200, 154, 999, 999, 137, 193, 39, 22, 105, 30, 121, 29, 999, 169, 188, 999, 58, 50, 49, 78, 59, 82, 83, 172, 999, 170, 999, 21, 181, 139, 123, 62, 999, 999, 999, 36, 106, 107, 120, 35, 165, 37, 140, 195, 999, 999, 187, 109, 999, 51, 178, 134, 150, 999, 146, 74, 162, 73, 173, 67, 40, 118, 119, 203, 81, 179, 129, 100, 103, 149, 113, 202, 91, 99, 189, 205, 17, 122, 999, 152, 93, 194, 186, 136, 84, 153, 171, 52, 163, 185, 87, 142, 42, 157, 125, 155, 141, 999, 124, 66, 126, 23, 34, 133, 184, 92, 20, 60, 24, 145, 206, 115, 114, 33, 53, 132, 999, 147, 148, 90, 88, 89, 98, 168, 77, 164, 54, 130, 156, 166, 999, 182, 45, 999, 183, 117, 116, 180, 70, 999, 65, 135, 204, 18, 46, 19, 108, 999, 68, 999, 999, 97, 61, 131, 27, 28, 999, 199, 72, 56, 104, 55, 71, 3, 0, 0, 2, 0, 0, 0, 0, 0, 3, 2, 1, 0, 0, 0, 0, 3, 3, 0, 0, 3, 0, 1, 3, 0, 0, 0, 2, 0, 0, 0, 2, 1, 0, 2, 0, 2, 0, 3, 2, 3, 0, 0, 0, 0, 0, 0, 3, 1, 3, 0, 2, 1, 2, 1, 3, 1, 0, 0, 0, 0, 3, 0, 2, 1, 0, 1, 2, 0, 0, 2, 3, 1, 2, 3, 3, 0, 0, 1, 0, 0, 2, 2, 2, 0, 0, 0, 0, 2, 0, 2, 0, 2, 0, 2, 0, 0, 3, 0, 3, 0, 0, 3, 1, 1, 0, 2, 2, 0, 1, 3, 1, 1, 2, 3, 0, 3, 0, 1, 0, 3, 3, 3, 3, 1, 0, 0, 0, 0, 3, 1, 2, 0, 0, 0, 1, 1, 0, 0, 3, 1, 0, 2, 2, 3, 0, 0, 2, 3, 3, 3, 3, 0, 2, 3, 0, 2, 0, 2, 3, 0, 2, 1, 2, 1, 1, 2, 0, 0, 1, 3, 0, 2, 3, 2, 2, 1, 0, 1, 3, 2, 1, 2, 1, 1, 3, 1, 2, 0, 2, 0, 3, 2, 2, 3, 3, 0, 0, 1, 1, 3, 3, 0, 3, 2, 0, 1, 2, 3, 0, 3, 0, 3, 3, 1, 2, 0, 3, 1, 3, 3, 0, 1, 0, 1, 2, 0, 0, 0, 2, 3, 2, 0, 0, 3, 1, 1, 1, 3, 3, 0, 0, 0, 0, 0, 0, 2, 2, 2, 0, 1, 3, 3, 1, 1, 0
RUN_2026-06-19_lowB_baselines_r4c341, 18, 0, 999, 999, 15, 16, 999, 32, 5, 999, 96, 3, 11, 999, 95, 79, 13, 7, 192, 999, 999, 31, 112, 999, 4, 999, 999, 160, 14, 144, 999, 128, 999, 999, 1, 999, 159, 999, 80, 175, 12, 207, 48, 63, 143, 2, 47, 111, 127, 9, 999, 999, 999, 191, 64, 8, 999, 10, 999, 6, 176, 178, 999, 133, 17, 145, 196, 999, 109, 40, 117, 999, 194, 180, 119, 52, 129, 115, 116, 132, 51, 19, 161, 101, 89, 135, 110, 25, 20, 90, 201, 202, 999, 18, 39, 23, 22, 179, 999, 21, 999, 205, 134, 114, 999, 92, 77, 27, 999, 999, 197, 61, 149, 999, 30, 85, 181, 98, 150, 84, 78, 999, 106, 103, 131, 204, 75, 999, 130, 38, 26, 91, 113, 37, 59, 102, 107, 999, 124, 999, 125, 999, 33, 126, 162, 93, 88, 195, 166, 137, 29, 999, 57, 87, 50, 167, 999, 177, 35, 34, 140, 108, 136, 56, 58, 999, 199, 148, 189, 105, 172, 999, 156, 76, 45, 190, 999, 147, 198, 142, 999, 43, 151, 999, 123, 104, 182, 170, 186, 171, 83, 72, 62, 157, 73, 94, 999, 82, 139, 46, 173, 42, 41, 187, 999, 36, 146, 71, 155, 164, 99, 118, 999, 183, 165, 153, 184, 138, 100, 174, 81, 55, 154, 69, 68, 120, 193, 203, 188, 86, 53, 152, 141, 28, 122, 169, 999, 206, 65, 66, 67, 168, 163, 49, 999, 185, 97, 60, 200, 121, 44, 158, 24, 999, 54, 70, 74, 3, 0, 0, 2, 0, 0, 3, 0, 0, 3, 2, 1, 0, 0, 0, 0, 3, 1, 0, 0, 3, 3, 0, 3, 0, 0, 3, 2, 3, 0, 0, 0, 0, 0, 0, 0, 0, 0, 3, 2, 3, 0, 1, 0, 0, 2, 0, 3, 1, 0, 0, 0, 3, 0, 1, 0, 1, 0, 0, 0, 1, 0, 2, 1, 0, 1, 0, 0, 0, 1, 0, 2, 2, 2, 2, 1, 3, 0, 3, 3, 3, 3, 3, 2, 2, 3, 0, 1, 1, 2, 2, 0, 3, 0, 1, 2, 2, 0, 3, 0, 0, 1, 3, 0, 3, 3, 0, 0, 0, 0, 2, 0, 0, 3, 1, 3, 3, 1, 3, 0, 0, 0, 1, 2, 0, 2, 0, 0, 0, 1, 0, 2, 0, 0, 0, 1, 0, 1, 0, 2, 0, 3, 3, 0, 1, 0, 2, 1, 3, 3, 0, 3, 1, 1, 0, 0, 3, 1, 1, 3, 3, 1, 0, 3, 0, 2, 0, 3, 1, 2, 0, 2, 3, 1, 2, 0, 0, 0, 3, 0, 3, 3, 0, 1, 1, 1, 2, 3, 3, 0, 3, 1, 0, 2, 2, 0, 0, 3, 2, 0, 3, 3, 3, 0, 0, 0, 3, 0, 2, 1, 0, 0, 0, 1, 2, 0, 3, 1, 0, 2, 3, 1, 3, 2, 0, 0, 2, 2, 2, 3, 2, 0, 2, 2, 0, 0, 2, 3, 1, 0, 3, 3, 0, 0, 2, 3, 2, 3, 2, 2, 3, 2, 0, 0, 2, 0
RUN_2026-06-19_lowB_baselines_r4c341, 19, 0, 999, 999, 15, 16, 999, 32, 5, 999, 96, 3, 11, 999, 95, 79, 13, 7, 192, 999, 999, 31, 112, 999, 4, 999, 999, 160, 14, 144, 999, 128, 999, 999, 1, 999, 159, 999, 80, 175, 12, 207, 48, 63, 143, 2, 47, 111, 127, 9, 999, 999, 999, 191, 64, 8, 999, 10, 999, 6, 176, 178, 999, 133, 17, 145, 196, 202, 109, 40, 117, 999, 194, 180, 119, 52, 129, 115, 116, 132, 51, 19, 161, 101, 89, 135, 110, 25, 20, 90, 201, 999, 999, 18, 39, 23, 22, 179, 999, 21, 999, 205, 134, 114, 999, 92, 77, 27, 999, 999, 197, 61, 149, 999, 30, 85, 181, 98, 150, 84, 78, 999, 106, 103, 131, 204, 75, 999, 130, 38, 26, 91, 113, 37, 59, 102, 107, 999, 124, 999, 125, 999, 33, 126, 162, 93, 88, 195, 166, 137, 29, 999, 57, 87, 50, 167, 999, 177, 35, 34, 140, 108, 136, 56, 58, 999, 199, 148, 189, 105, 172, 999, 156, 76, 45, 190, 999, 147, 198, 142, 999, 43, 151, 999, 123, 104, 182, 170, 186, 171, 83, 72, 62, 157, 73, 94, 999, 82, 139, 46, 173, 42, 41, 187, 999, 36, 146, 71, 155, 164, 99, 118, 999, 183, 165, 153, 184, 138, 100, 174, 81, 55, 154, 69, 68, 120, 193, 203, 188, 86, 53, 152, 141, 28, 122, 169, 999, 206, 65, 66, 67, 168, 163, 49, 999, 185, 97, 60, 200, 121, 44, 158, 24, 999, 54, 70, 74, 3, 0, 0, 2, 0, 0, 3, 0, 0, 3, 2, 1, 0, 0, 0, 0, 3, 1, 0, 0, 3, 3, 0, 3, 0, 0, 3, 2, 3, 0, 0, 0, 0, 0, 0, 0, 0, 0, 3, 2, 3, 0, 1, 0, 0, 2, 0, 3, 1, 0, 0, 0, 3, 0, 1, 0, 1, 0, 0, 0, 1, 0, 2, 1, 0, 1, 0, 0, 0, 1, 0, 2, 2, 2, 2, 1, 3, 0, 3, 3, 3, 3, 3, 2, 2, 3, 0, 1, 1, 2, 0, 0, 3, 0, 1, 2, 2, 0, 3, 0, 0, 1, 3, 0, 3, 3, 0, 0, 0, 0, 2, 0, 0, 3, 1, 3, 3, 1, 3, 0, 0, 0, 1, 2, 0, 2, 0, 0, 0, 1, 0, 2, 0, 0, 0, 1, 0, 1, 0, 2, 0, 3, 3, 0, 1, 0, 2, 1, 3, 3, 0, 3, 1, 1, 0, 0, 3, 1, 1, 3, 3, 1, 0, 3, 0, 2, 0, 3, 1, 2, 0, 2, 3, 1, 2, 0, 0, 0, 3, 0, 3, 3, 0, 1, 1, 1, 2, 3, 3, 0, 3, 1, 0, 2, 2, 0, 0, 3, 2, 0, 3, 3, 3, 0, 0, 0, 3, 0, 2, 1, 0, 0, 0, 1, 2, 0, 3, 1, 0, 2, 3, 1, 3, 2, 0, 0, 2, 2, 2, 3, 2, 0, 2, 2, 0, 0, 2, 3, 1, 0, 3, 3, 0, 0, 2, 3, 2, 3, 2, 2, 3, 2, 0, 0, 2, 0
RUN_2026-06-19_lowB_baselines_r4c309, 20, 0, 999, 999, 15, 144, 128, 999, 3, 999, 64, 6, 11, 96, 999, 112, 13, 7, 31, 191, 176, 999, 160, 207, 5, 999, 999, 159, 14, 111, 127, 999, 95, 175, 1, 999, 999, 999, 999, 32, 12, 79, 999, 999, 999, 2, 999, 48, 63, 9, 80, 192, 16, 999, 47, 8, 999, 10, 999, 4, 143, 166, 158, 999, 999, 165, 39, 149, 90, 74, 83, 167, 25, 148, 60, 132, 23, 182, 103, 76, 999, 999, 999, 146, 181, 206, 131, 92, 999, 91, 145, 999, 66, 999, 27, 130, 82, 28, 67, 102, 142, 999, 189, 30, 153, 29, 199, 999, 113, 196, 115, 52, 123, 116, 999, 71, 137, 107, 57, 180, 173, 105, 999, 55, 56, 999, 81, 129, 54, 193, 133, 154, 188, 53, 68, 164, 106, 139, 110, 999, 109, 197, 155, 62, 38, 89, 125, 88, 104, 72, 78, 34, 33, 61, 999, 194, 151, 152, 75, 140, 141, 94, 999, 178, 26, 120, 200, 999, 169, 98, 17, 190, 150, 22, 156, 999, 124, 118, 19, 97, 93, 999, 136, 999, 58, 187, 999, 41, 999, 99, 100, 999, 171, 84, 205, 121, 999, 44, 40, 117, 73, 134, 42, 101, 157, 43, 204, 126, 186, 177, 77, 59, 183, 202, 36, 35, 999, 999, 69, 163, 70, 37, 122, 185, 195, 162, 45, 108, 24, 138, 184, 49, 198, 50, 999, 119, 168, 114, 46, 51, 170, 203, 135, 65, 174, 179, 87, 172, 201, 147, 21, 18, 85, 161, 20, 999, 86, 3, 0, 0, 2, 0, 3, 0, 0, 0, 3, 2, 1, 3, 0, 2, 0, 3, 3, 1, 3, 0, 3, 3, 3, 0, 0, 1, 2, 1, 2, 0, 0, 1, 0, 0, 0, 0, 0, 1, 2, 3, 0, 0, 0, 0, 0, 2, 3, 1, 1, 2, 2, 0, 2, 1, 0, 1, 0, 0, 2, 1, 1, 0, 0, 2, 1, 0, 3, 3, 1, 2, 2, 1, 2, 2, 1, 2, 0, 2, 0, 0, 0, 1, 1, 0, 1, 3, 0, 3, 0, 0, 2, 0, 0, 0, 1, 2, 0, 1, 2, 0, 2, 3, 2, 1, 1, 0, 1, 0, 1, 2, 0, 0, 0, 2, 3, 3, 0, 2, 1, 3, 0, 0, 0, 0, 1, 0, 2, 0, 2, 2, 2, 0, 2, 1, 1, 1, 0, 0, 3, 0, 3, 3, 2, 0, 1, 1, 0, 2, 1, 1, 3, 1, 0, 1, 1, 1, 0, 2, 3, 3, 0, 2, 3, 3, 2, 0, 2, 3, 1, 2, 2, 0, 0, 0, 2, 3, 3, 0, 3, 0, 3, 0, 3, 2, 0, 0, 0, 3, 1, 0, 0, 0, 0, 2, 0, 2, 2, 2, 2, 0, 0, 1, 0, 0, 3, 2, 0, 3, 3, 0, 2, 3, 1, 3, 0, 0, 3, 2, 2, 0, 2, 3, 3, 1, 2, 2, 2, 0, 2, 3, 0, 3, 0, 3, 1, 1, 1, 1, 0, 2, 1, 2, 0, 2, 0, 0, 3, 0, 2, 0, 1, 0, 3, 0, 2
RUN_2026-06-19_lowB_baselines_r4c309, 21, 0, 999, 999, 15, 144, 128, 999, 3, 999, 64, 6, 11, 96, 999, 112, 13, 7, 31, 191, 176, 999, 160, 207, 5, 999, 999, 159, 14, 111, 127, 999, 95, 175, 1, 999, 999, 999, 999, 32, 12, 79, 999, 999, 999, 2, 999, 48, 63, 9, 80, 192, 16, 999, 47, 8, 999, 10, 999, 4, 143, 166, 158, 999, 999, 165, 39, 149, 90, 74, 83, 167, 25, 148, 60, 132, 23, 182, 103, 76, 999, 999, 999, 146, 181, 206, 131, 92, 999, 91, 145, 999, 66, 999, 27, 130, 82, 28, 67, 102, 142, 999, 189, 30, 153, 29, 199, 999, 113, 196, 115, 52, 123, 116, 999, 71, 137, 107, 57, 180, 173, 105, 999, 55, 56, 999, 81, 129, 54, 193, 133, 154, 188, 53, 68, 164, 106, 139, 110, 197, 109, 999, 155, 62, 38, 89, 125, 88, 104, 72, 78, 34, 33, 61, 999, 194, 151, 152, 75, 140, 141, 94, 999, 178, 26, 120, 200, 999, 169, 98, 17, 190, 150, 22, 156, 999, 124, 118, 19, 97, 93, 999, 136, 999, 58, 187, 198, 41, 999, 99, 100, 999, 171, 84, 205, 121, 999, 44, 40, 117, 73, 134, 42, 101, 157, 43, 204, 126, 186, 177, 77, 59, 183, 202, 36, 35, 999, 999, 69, 163, 70, 37, 122, 185, 195, 162, 45, 108, 24, 138, 184, 49, 999, 50, 999, 119, 168, 114, 46, 51, 170, 203, 135, 65, 174, 179, 87, 172, 201, 147, 21, 18, 85, 161, 20, 999, 86, 3, 0, 0, 2, 0, 3, 0, 0, 0, 3, 2, 1, 3, 0, 2, 0, 3, 3, 1, 3, 0, 3, 3, 3, 0, 0, 1, 2, 1, 2, 0, 0, 1, 0, 0, 0, 0, 0, 1, 2, 3, 0, 0, 0, 0, 0, 2, 3, 1, 1, 2, 2, 0, 2, 1, 0, 1, 0, 0, 2, 1, 1, 0, 0, 2, 1, 0, 3, 3, 1, 2, 2, 1, 2, 2, 1, 2, 0, 2, 0, 0, 0, 1, 1, 0, 1, 3, 0, 3, 0, 0, 2, 0, 0, 0, 1, 2, 0, 1, 2, 0, 2, 3, 2, 1, 1, 0, 1, 0, 1, 2, 0, 0, 0, 2, 3, 3, 0, 2, 1, 3, 0, 0, 0, 0, 1, 0, 2, 0, 2, 2, 2, 0, 2, 1, 1, 1, 0, 2, 3, 0, 3, 3, 2, 0, 1, 1, 0, 2, 1, 1, 3, 1, 0, 1, 1, 1, 0, 2, 3, 3, 0, 2, 3, 3, 2, 0, 2, 3, 1, 2, 2, 0, 0, 0, 2, 3, 3, 0, 3, 0, 3, 0, 3, 2, 1, 0, 0, 3, 1, 0, 0, 0, 0, 2, 0, 2, 2, 2, 2, 0, 0, 1, 0, 0, 3, 2, 0, 3, 3, 0, 2, 3, 1, 3, 0, 0, 3, 2, 2, 0, 2, 3, 3, 1, 2, 2, 2, 0, 2, 3, 0, 3, 0, 3, 1, 1, 1, 1, 0, 2, 1, 2, 0, 2, 0, 0, 3, 0, 2, 0, 1, 0, 3, 0, 2
RUN_2026-06-19_lowB_baselines_r4c148, 22, 0, 999, 999, 15, 192, 999, 999, 6, 176, 127, 4, 12, 999, 80, 96, 14, 8, 207, 191, 112, 31, 999, 999, 5, 16, 175, 999, 1, 160, 999, 999, 159, 999, 2, 999, 144, 111, 63, 48, 13, 999, 999, 128, 143, 3, 47, 64, 95, 9, 999, 32, 999, 999, 79, 10, 999, 11, 999, 7, 999, 193, 188, 999, 204, 122, 174, 99, 85, 999, 999, 71, 115, 135, 101, 119, 25, 999, 132, 70, 52, 999, 30, 123, 29, 114, 98, 999, 46, 999, 53, 28, 187, 139, 171, 116, 62, 170, 999, 999, 138, 102, 167, 133, 183, 42, 84, 999, 26, 109, 201, 82, 125, 999, 184, 72, 100, 164, 178, 33, 97, 168, 153, 162, 163, 103, 83, 999, 66, 118, 117, 202, 17, 999, 134, 73, 137, 147, 38, 110, 76, 161, 22, 94, 999, 41, 86, 87, 146, 88, 177, 106, 60, 131, 121, 90, 54, 150, 166, 158, 23, 205, 999, 89, 93, 169, 75, 194, 180, 206, 39, 999, 199, 113, 999, 172, 156, 92, 157, 203, 999, 27, 196, 181, 999, 59, 18, 190, 61, 130, 198, 20, 21, 999, 108, 81, 77, 165, 189, 69, 185, 173, 182, 24, 45, 68, 999, 36, 120, 142, 126, 148, 37, 19, 104, 40, 145, 50, 57, 124, 34, 999, 195, 56, 49, 200, 149, 55, 197, 105, 141, 44, 65, 186, 140, 74, 136, 107, 58, 999, 43, 155, 999, 129, 91, 152, 154, 179, 151, 78, 51, 999, 999, 999, 67, 999, 35, 3, 0, 0, 2, 0, 0, 0, 0, 1, 1, 2, 1, 0, 2, 2, 0, 3, 3, 1, 3, 3, 0, 0, 3, 0, 0, 0, 2, 3, 0, 0, 0, 0, 0, 0, 2, 0, 2, 1, 2, 0, 0, 3, 0, 0, 2, 2, 3, 1, 0, 2, 0, 0, 2, 1, 0, 1, 0, 0, 0, 2, 3, 0, 0, 1, 2, 0, 1, 0, 0, 2, 1, 0, 0, 1, 3, 0, 1, 3, 3, 0, 2, 0, 0, 3, 1, 0, 2, 0, 0, 0, 1, 3, 2, 0, 1, 0, 0, 0, 1, 3, 0, 0, 2, 0, 1, 0, 0, 0, 1, 0, 0, 0, 2, 3, 1, 0, 1, 1, 2, 1, 3, 0, 0, 2, 0, 0, 1, 1, 2, 2, 1, 0, 1, 2, 0, 3, 1, 3, 1, 3, 0, 3, 0, 0, 0, 0, 1, 3, 1, 0, 0, 2, 2, 0, 0, 0, 1, 1, 2, 2, 0, 1, 1, 1, 0, 0, 0, 3, 1, 0, 0, 3, 0, 3, 2, 3, 0, 2, 0, 2, 3, 0, 0, 0, 0, 0, 3, 1, 3, 3, 1, 0, 3, 0, 2, 1, 2, 1, 3, 1, 1, 3, 1, 0, 0, 3, 2, 1, 2, 0, 3, 0, 2, 3, 2, 1, 0, 2, 1, 0, 0, 2, 0, 0, 1, 0, 0, 1, 2, 1, 2, 2, 3, 1, 0, 0, 0, 0, 0, 3, 0, 0, 3, 1, 1, 1, 1, 2, 0, 0, 0, 0, 1, 0, 3
RUN_2026-06-19_lowB_baselines_r4c320, 23, 0, 999, 999, 15, 16, 999, 128, 9, 999, 48, 3, 11, 999, 112, 999, 13, 4, 31, 207, 999, 143, 999, 999, 8, 999, 127, 999, 14, 176, 175, 999, 999, 999, 1, 160, 999, 32, 999, 96, 12, 111, 999, 999, 159, 2, 95, 63, 79, 6, 144, 191, 64, 999, 47, 5, 192, 10, 80, 7, 999, 84, 180, 140, 17, 999, 185, 139, 115, 22, 146, 202, 999, 167, 126, 200, 999, 199, 61, 206, 49, 183, 33, 18, 114, 186, 62, 179, 83, 170, 169, 154, 999, 164, 73, 82, 162, 100, 99, 113, 89, 152, 999, 30, 40, 29, 25, 173, 151, 999, 158, 39, 999, 24, 52, 145, 43, 168, 118, 999, 197, 999, 999, 117, 194, 155, 999, 172, 198, 141, 157, 190, 53, 26, 999, 42, 156, 75, 76, 189, 129, 102, 177, 78, 135, 999, 205, 184, 70, 130, 86, 134, 138, 59, 999, 57, 21, 103, 122, 999, 999, 77, 123, 56, 68, 71, 92, 999, 999, 85, 41, 999, 72, 182, 94, 166, 204, 116, 65, 193, 999, 161, 188, 98, 88, 110, 27, 174, 91, 999, 109, 51, 55, 87, 90, 107, 171, 97, 196, 195, 201, 23, 20, 37, 66, 67, 69, 60, 36, 35, 58, 999, 124, 999, 54, 163, 38, 125, 108, 119, 104, 50, 147, 44, 120, 19, 45, 999, 28, 106, 149, 74, 165, 101, 133, 999, 132, 203, 46, 131, 136, 137, 148, 181, 93, 150, 121, 999, 142, 187, 178, 34, 153, 81, 999, 105, 999, 3, 0, 0, 2, 0, 0, 3, 0, 0, 3, 2, 1, 0, 2, 0, 0, 3, 3, 1, 0, 3, 0, 0, 3, 0, 0, 0, 2, 3, 2, 0, 0, 0, 0, 2, 0, 2, 0, 1, 2, 3, 0, 0, 0, 0, 2, 0, 3, 1, 1, 0, 2, 0, 2, 1, 3, 1, 1, 0, 0, 2, 0, 2, 1, 0, 1, 2, 3, 1, 3, 3, 0, 2, 1, 2, 0, 3, 2, 0, 2, 2, 2, 0, 0, 0, 3, 1, 3, 2, 3, 1, 0, 2, 1, 3, 1, 3, 0, 1, 0, 0, 0, 3, 1, 1, 0, 0, 3, 0, 3, 1, 0, 3, 0, 1, 0, 1, 0, 0, 0, 0, 0, 3, 1, 3, 0, 2, 2, 0, 1, 0, 0, 2, 0, 0, 2, 0, 2, 0, 2, 1, 2, 3, 0, 0, 1, 2, 2, 3, 3, 3, 2, 2, 0, 0, 1, 1, 3, 0, 0, 0, 2, 1, 2, 2, 3, 0, 0, 3, 1, 0, 3, 2, 1, 1, 2, 2, 2, 3, 0, 1, 3, 3, 2, 1, 0, 0, 0, 0, 2, 3, 0, 3, 0, 1, 3, 0, 3, 0, 0, 2, 2, 1, 0, 2, 0, 0, 1, 2, 0, 0, 0, 0, 2, 1, 3, 3, 0, 0, 3, 2, 0, 0, 1, 3, 2, 0, 3, 1, 3, 3, 2, 2, 0, 0, 3, 2, 1, 3, 3, 1, 3, 2, 2, 3, 3, 0, 1, 3, 0, 0, 0, 2, 0, 1, 0
RUN_2026-06-19_lowB_baselines_r4c320, 24, 0, 999, 999, 15, 16, 999, 128, 9, 999, 48, 3, 11, 999, 112, 999, 13, 4, 31, 207, 999, 143, 999, 999, 8, 999, 127, 999, 14, 176, 175, 999, 999, 999, 1, 160, 999, 32, 999, 96, 12, 111, 999, 999, 159, 2, 95, 63, 79, 6, 144, 191, 64, 999, 47, 5, 192, 10, 80, 7, 999, 84, 180, 140, 17, 999, 185, 139, 115, 22, 146, 202, 999, 167, 126, 200, 199, 999, 61, 206, 49, 183, 33, 18, 114, 186, 62, 179, 83, 170, 169, 154, 999, 164, 73, 82, 162, 100, 99, 113, 89, 152, 999, 30, 40, 29, 25, 173, 151, 999, 158, 39, 999, 24, 52, 145, 43, 168, 118, 999, 197, 198, 999, 117, 194, 155, 999, 172, 999, 141, 157, 190, 53, 26, 999, 42, 156, 75, 76, 189, 129, 102, 177, 78, 135, 999, 205, 184, 70, 130, 86, 134, 138, 59, 999, 57, 21, 103, 122, 999, 999, 77, 123, 56, 68, 71, 92, 999, 999, 85, 41, 999, 72, 182, 94, 166, 204, 116, 65, 193, 999, 161, 188, 98, 88, 110, 27, 174, 91, 999, 109, 51, 55, 87, 90, 107, 171, 97, 196, 195, 201, 23, 20, 37, 66, 67, 69, 60, 36, 35, 58, 999, 124, 999, 54, 163, 38, 125, 108, 119, 104, 50, 147, 44, 120, 19, 45, 999, 28, 106, 149, 74, 165, 101, 133, 999, 132, 203, 46, 131, 136, 137, 148, 181, 93, 150, 121, 999, 142, 187, 178, 34, 153, 81, 999, 105, 999, 3, 0, 0, 2, 0, 0, 3, 0, 0, 3, 2, 1, 0, 2, 0, 0, 3, 3, 1, 0, 3, 0, 0, 3, 0, 0, 0, 2, 3, 2, 0, 0, 0, 0, 2, 0, 2, 0, 1, 2, 3, 0, 0, 0, 0, 2, 0, 3, 1, 1, 0, 2, 0, 2, 1, 3, 1, 1, 0, 0, 2, 0, 2, 1, 0, 1, 2, 3, 1, 3, 3, 0, 2, 1, 2, 0, 0, 2, 0, 2, 2, 2, 0, 0, 0, 3, 1, 3, 2, 3, 1, 0, 2, 1, 3, 1, 3, 0, 1, 0, 0, 0, 3, 1, 1, 0, 0, 3, 0, 3, 1, 0, 3, 0, 1, 0, 1, 0, 0, 0, 1, 0, 3, 1, 3, 0, 2, 0, 0, 1, 0, 0, 2, 0, 0, 2, 0, 2, 0, 2, 1, 2, 3, 0, 0, 1, 2, 2, 3, 3, 3, 2, 2, 0, 0, 1, 1, 3, 0, 0, 0, 2, 1, 2, 2, 3, 0, 0, 3, 1, 0, 3, 2, 1, 1, 2, 2, 2, 3, 0, 1, 3, 3, 2, 1, 0, 0, 0, 0, 2, 3, 0, 3, 0, 1, 3, 0, 3, 0, 0, 2, 2, 1, 0, 2, 0, 0, 1, 2, 0, 0, 0, 0, 2, 1, 3, 3, 0, 0, 3, 2, 0, 0, 1, 3, 2, 0, 3, 1, 3, 3, 2, 2, 0, 0, 3, 2, 1, 3, 3, 1, 3, 2, 2, 3, 3, 0, 1, 3, 0, 0, 0, 2, 0, 1, 0
RUN_2026-06-19_lowB_baselines_r4c126, 25, 0, 999, 999, 15, 143, 159, 16, 9, 999, 112, 4, 12, 999, 48, 128, 14, 5, 175, 207, 192, 31, 999, 176, 11, 999, 999, 999, 1, 999, 999, 999, 999, 999, 2, 999, 79, 127, 999, 96, 13, 63, 32, 144, 999, 3, 47, 111, 95, 7, 64, 191, 999, 160, 999, 6, 999, 8, 80, 10, 999, 142, 139, 107, 88, 72, 198, 126, 109, 87, 89, 23, 71, 118, 169, 110, 68, 999, 187, 184, 138, 20, 131, 999, 147, 21, 999, 185, 203, 154, 153, 18, 999, 19, 102, 140, 999, 999, 108, 69, 155, 106, 999, 122, 65, 158, 125, 999, 44, 17, 59, 177, 121, 82, 195, 164, 117, 116, 49, 24, 999, 132, 66, 148, 190, 91, 999, 67, 129, 999, 178, 179, 45, 40, 133, 58, 81, 36, 999, 163, 181, 130, 170, 152, 172, 30, 93, 171, 98, 37, 51, 999, 199, 151, 73, 77, 165, 86, 999, 35, 156, 114, 115, 85, 157, 22, 162, 53, 999, 999, 25, 188, 180, 193, 999, 135, 34, 119, 141, 28, 186, 194, 168, 29, 124, 182, 103, 70, 61, 123, 999, 38, 60, 161, 146, 197, 42, 97, 999, 120, 62, 26, 56, 75, 136, 99, 999, 39, 54, 200, 52, 33, 105, 92, 46, 999, 90, 174, 94, 196, 55, 74, 173, 150, 183, 145, 999, 999, 166, 149, 104, 999, 101, 50, 57, 999, 76, 201, 41, 205, 204, 167, 137, 206, 999, 202, 113, 84, 134, 43, 27, 78, 999, 999, 83, 189, 100, 3, 0, 0, 2, 2, 1, 3, 0, 0, 3, 2, 1, 0, 2, 2, 0, 3, 3, 1, 3, 3, 0, 1, 3, 0, 0, 0, 2, 0, 0, 0, 0, 0, 0, 0, 0, 0, 0, 1, 2, 3, 0, 3, 0, 0, 2, 0, 3, 1, 1, 0, 0, 1, 0, 1, 0, 1, 1, 0, 0, 0, 2, 0, 3, 3, 3, 3, 0, 2, 0, 3, 3, 0, 0, 2, 0, 0, 3, 3, 0, 3, 2, 0, 1, 1, 0, 3, 0, 2, 3, 0, 0, 3, 1, 1, 0, 0, 1, 3, 0, 3, 0, 3, 1, 1, 0, 0, 3, 2, 3, 1, 1, 0, 3, 2, 3, 3, 3, 0, 0, 2, 0, 0, 0, 1, 0, 0, 2, 0, 3, 1, 0, 3, 2, 0, 3, 0, 0, 2, 1, 1, 0, 3, 0, 3, 3, 2, 2, 3, 3, 0, 1, 1, 0, 3, 2, 1, 0, 1, 0, 3, 2, 1, 3, 0, 0, 3, 0, 0, 2, 0, 1, 3, 0, 3, 1, 1, 0, 1, 1, 2, 3, 1, 1, 0, 3, 1, 2, 3, 0, 2, 3, 0, 1, 0, 2, 0, 0, 0, 3, 2, 2, 3, 3, 1, 0, 1, 2, 1, 1, 2, 0, 0, 2, 0, 0, 0, 0, 3, 3, 1, 2, 1, 0, 2, 0, 0, 1, 1, 0, 0, 2, 2, 0, 0, 3, 3, 0, 1, 3, 2, 1, 0, 0, 1, 3, 1, 1, 2, 2, 3, 0, 0, 0, 1, 0
RUN_2026-06-19_lowB_baselines_r4c126, 26, 0, 999, 999, 15, 143, 159, 16, 9, 999, 112, 4, 12, 999, 48, 128, 14, 5, 175, 207, 999, 31, 999, 176, 11, 999, 999, 999, 1, 999, 999, 192, 999, 999, 2, 999, 79, 127, 999, 96, 13, 63, 32, 144, 999, 3, 47, 111, 95, 7, 64, 191, 999, 160, 999, 6, 999, 8, 80, 10, 999, 142, 139, 107, 88, 72, 198, 126, 109, 87, 89, 23, 71, 118, 169, 110, 68, 999, 187, 184, 138, 20, 131, 999, 147, 21, 999, 185, 203, 154, 153, 18, 999, 19, 102, 140, 999, 999, 108, 69, 155, 106, 999, 122, 65, 158, 125, 999, 44, 17, 59, 177, 121, 82, 195, 164, 117, 116, 49, 24, 999, 132, 66, 148, 190, 91, 999, 67, 129, 999, 178, 179, 45, 40, 133, 58, 81, 36, 999, 163, 181, 130, 170, 152, 172, 30, 93, 171, 98, 37, 51, 999, 199, 151, 73, 77, 165, 86, 999, 35, 156, 114, 115, 85, 157, 22, 162, 53, 999, 999, 25, 188, 180, 193, 999, 135, 34, 119, 141, 28, 186, 194, 168, 29, 124, 182, 103, 70, 61, 123, 999, 38, 60, 161, 146, 197, 42, 97, 999, 120, 62, 26, 56, 75, 136, 99, 999, 39, 54, 200, 52, 33, 105, 92, 46, 999, 90, 174, 94, 196, 55, 74, 173, 150, 183, 145, 999, 999, 166, 149, 104, 999, 101, 50, 57, 999, 76, 201, 41, 205, 204, 167, 137, 206, 999, 202, 113, 84, 134, 43, 27, 78, 999, 999, 83, 189, 100, 3, 0, 0, 2, 2, 1, 3, 0, 0, 3, 2, 1, 0, 2, 2, 0, 3, 3, 1, 0, 3, 0, 1, 3, 0, 0, 0, 2, 0, 0, 0, 0, 0, 0, 0, 0, 0, 0, 1, 2, 3, 0, 3, 0, 0, 2, 0, 3, 1, 1, 0, 0, 1, 0, 1, 0, 1, 1, 0, 0, 0, 2, 0, 3, 3, 3, 3, 0, 2, 0, 3, 3, 0, 0, 2, 0, 0, 3, 3, 0, 3, 2, 0, 1, 1, 0, 3, 0, 2, 3, 0, 0, 3, 1, 1, 0, 0, 1, 3, 0, 3, 0, 3, 1, 1, 0, 0, 3, 2, 3, 1, 1, 0, 3, 2, 3, 3, 3, 0, 0, 2, 0, 0, 0, 1, 0, 0, 2, 0, 3, 1, 0, 3, 2, 0, 3, 0, 0, 2, 1, 1, 0, 3, 0, 3, 3, 2, 2, 3, 3, 0, 1, 1, 0, 3, 2, 1, 0, 1, 0, 3, 2, 1, 3, 0, 0, 3, 0, 0, 2, 0, 1, 3, 0, 3, 1, 1, 0, 1, 1, 2, 3, 1, 1, 0, 3, 1, 2, 3, 0, 2, 3, 0, 1, 0, 2, 0, 0, 0, 3, 2, 2, 3, 3, 1, 0, 1, 2, 1, 1, 2, 0, 0, 2, 0, 0, 0, 0, 3, 3, 1, 2, 1, 0, 2, 0, 0, 1, 1, 0, 0, 2, 2, 0, 0, 3, 3, 0, 1, 3, 2, 1, 0, 0, 1, 3, 1, 1, 2, 2, 3, 0, 0, 0, 1, 0
RUN_2026-06-19_lowB_baselines_r4c314, 27, 0, 999, 999, 15, 160, 144, 112, 9, 96, 143, 3, 11, 999, 192, 999, 13, 4, 64, 999, 999, 31, 16, 999, 8, 128, 207, 175, 14, 191, 999, 32, 999, 80, 1, 999, 111, 176, 999, 999, 12, 159, 127, 999, 95, 2, 47, 79, 63, 5, 999, 999, 999, 999, 999, 6, 999, 10, 999, 7, 48, 161, 999, 197, 103, 141, 20, 21, 174, 177, 36, 54, 140, 18, 999, 178, 33, 999, 102, 165, 72, 91, 73, 196, 77, 104, 78, 26, 999, 179, 118, 999, 42, 117, 107, 17, 206, 166, 49, 999, 55, 92, 62, 115, 110, 145, 41, 116, 180, 124, 999, 126, 93, 109, 30, 999, 170, 999, 185, 61, 81, 82, 25, 46, 164, 198, 184, 999, 999, 999, 171, 108, 39, 125, 22, 38, 131, 999, 137, 29, 201, 105, 200, 199, 190, 999, 156, 157, 57, 76, 162, 158, 999, 204, 203, 74, 142, 90, 172, 999, 87, 173, 138, 163, 89, 85, 136, 186, 28, 121, 999, 187, 86, 999, 94, 189, 45, 132, 40, 100, 113, 99, 205, 168, 53, 999, 152, 114, 139, 999, 999, 52, 19, 37, 23, 51, 69, 130, 999, 148, 999, 88, 56, 120, 169, 83, 999, 194, 34, 153, 58, 84, 181, 101, 35, 202, 67, 65, 60, 98, 97, 193, 66, 59, 195, 154, 75, 70, 146, 999, 147, 27, 155, 122, 123, 150, 188, 44, 167, 43, 999, 106, 119, 68, 134, 149, 71, 999, 999, 135, 129, 133, 151, 24, 183, 182, 50, 3, 0, 0, 2, 0, 3, 3, 0, 1, 1, 2, 1, 0, 2, 0, 0, 3, 1, 0, 0, 3, 3, 0, 3, 0, 0, 1, 2, 1, 0, 0, 0, 3, 0, 0, 0, 2, 0, 0, 2, 3, 2, 0, 0, 0, 2, 0, 3, 1, 0, 0, 0, 0, 0, 1, 0, 1, 0, 0, 0, 2, 0, 2, 3, 3, 3, 1, 0, 1, 1, 0, 3, 3, 0, 0, 1, 0, 2, 3, 3, 0, 3, 2, 2, 1, 3, 2, 0, 1, 0, 0, 0, 1, 3, 3, 2, 2, 2, 0, 3, 3, 2, 1, 0, 3, 3, 0, 2, 3, 0, 0, 3, 2, 3, 0, 2, 0, 0, 3, 0, 1, 1, 0, 1, 2, 3, 0, 0, 0, 3, 3, 0, 2, 1, 0, 2, 0, 0, 2, 1, 0, 1, 2, 2, 0, 1, 3, 2, 1, 0, 0, 0, 3, 2, 0, 3, 3, 1, 0, 1, 3, 3, 3, 2, 2, 0, 2, 3, 2, 0, 3, 3, 0, 3, 3, 0, 3, 0, 2, 0, 0, 1, 0, 3, 0, 3, 2, 0, 0, 0, 1, 3, 0, 1, 0, 0, 3, 0, 2, 0, 2, 3, 1, 2, 2, 0, 2, 3, 1, 3, 1, 2, 0, 1, 2, 3, 2, 0, 0, 0, 2, 0, 2, 3, 2, 3, 1, 1, 0, 3, 0, 1, 2, 3, 3, 2, 0, 3, 3, 0, 0, 2, 1, 2, 3, 3, 0, 0, 2, 3, 0, 1, 0, 0, 1, 2
RUN_2026-06-19_lowB_baselines_r4c314, 28, 0, 999, 999, 15, 160, 144, 112, 9, 96, 143, 3, 11, 999, 192, 999, 13, 4, 64, 999, 999, 31, 16, 999, 8, 128, 207, 175, 14, 191, 999, 32, 999, 80, 1, 999, 111, 176, 999, 999, 12, 159, 127, 999, 95, 2, 47, 79, 63, 5, 999, 999, 999, 999, 999, 6, 999, 10, 999, 7, 48, 161, 999, 197, 103, 141, 20, 21, 174, 177, 36, 54, 140, 18, 999, 178, 33, 999, 102, 165, 72, 91, 73, 196, 77, 104, 78, 26, 999, 179, 118, 999, 42, 117, 107, 17, 206, 166, 49, 999, 55, 92, 62, 115, 110, 145, 41, 116, 180, 124, 999, 126, 93, 109, 30, 999, 170, 999, 185, 61, 81, 82, 25, 46, 164, 198, 184, 999, 999, 999, 171, 108, 39, 125, 22, 38, 131, 999, 137, 29, 201, 105, 200, 199, 190, 999, 156, 157, 57, 76, 162, 158, 999, 204, 203, 74, 142, 90, 172, 999, 87, 173, 138, 163, 89, 85, 136, 186, 28, 121, 999, 187, 86, 999, 94, 189, 45, 132, 40, 100, 113, 99, 205, 168, 53, 999, 152, 114, 139, 999, 999, 52, 19, 37, 23, 51, 69, 130, 999, 148, 999, 88, 56, 120, 169, 83, 999, 194, 34, 153, 58, 84, 181, 101, 35, 202, 67, 65, 60, 98, 97, 193, 66, 59, 999, 154, 75, 70, 146, 195, 147, 27, 155, 122, 123, 150, 188, 44, 167, 43, 999, 106, 119, 68, 134, 149, 71, 999, 999, 135, 129, 133, 151, 24, 183, 182, 50, 3, 0, 0, 2, 0, 3, 3, 0, 1, 1, 2, 1, 0, 2, 0, 0, 3, 1, 0, 0, 3, 3, 0, 3, 0, 0, 1, 2, 1, 0, 0, 0, 3, 0, 0, 0, 2, 0, 0, 2, 3, 2, 0, 0, 0, 2, 0, 3, 1, 0, 0, 0, 0, 0, 1, 0, 1, 0, 0, 0, 2, 0, 2, 3, 3, 3, 1, 0, 1, 1, 0, 3, 3, 0, 0, 1, 0, 2, 3, 3, 0, 3, 2, 2, 1, 3, 2, 0, 1, 0, 0, 0, 1, 3, 3, 2, 2, 2, 0, 3, 3, 2, 1, 0, 3, 3, 0, 2, 3, 0, 0, 3, 2, 3, 0, 2, 0, 0, 3, 0, 1, 1, 0, 1, 2, 3, 0, 0, 0, 3, 3, 0, 2, 1, 0, 2, 0, 0, 2, 1, 0, 1, 2, 2, 0, 1, 3, 2, 1, 0, 0, 0, 3, 2, 0, 3, 3, 1, 0, 1, 3, 3, 3, 2, 2, 0, 2, 3, 2, 0, 3, 3, 0, 3, 3, 0, 3, 0, 2, 0, 0, 1, 0, 3, 0, 3, 2, 0, 0, 0, 1, 3, 0, 1, 0, 0, 3, 0, 2, 0, 2, 3, 1, 2, 2, 0, 2, 3, 1, 3, 1, 2, 0, 1, 2, 3, 2, 0, 0, 0, 2, 0, 2, 0, 2, 3, 1, 1, 2, 3, 0, 1, 2, 3, 3, 2, 0, 3, 3, 0, 0, 2, 1, 2, 3, 3, 0, 0, 2, 3, 0, 1, 0, 0, 1, 2
RUN_2026-06-19_lowB_baselines_r4c314, 29, 0, 999, 999, 15, 160, 144, 112, 9, 96, 143, 3, 11, 999, 192, 999, 13, 4, 64, 999, 999, 31, 16, 999, 8, 128, 207, 175, 14, 191, 999, 32, 999, 80, 1, 999, 111, 176, 999, 999, 12, 159, 127, 999, 95, 2, 47, 79, 63, 5, 999, 999, 999, 999, 999, 6, 999, 10, 999, 7, 48, 161, 999, 197, 103, 141, 20, 21, 174, 177, 36, 54, 140, 18, 999, 178, 33, 999, 102, 165, 72, 91, 73, 196, 77, 104, 78, 26, 999, 179, 118, 999, 42, 117, 107, 17, 206, 166, 49, 999, 55, 92, 62, 115, 110, 145, 41, 116, 180, 124, 999, 126, 93, 109, 30, 999, 170, 999, 185, 61, 81, 82, 25, 46, 164, 198, 184, 999, 999, 999, 171, 108, 39, 125, 22, 38, 131, 999, 137, 29, 999, 105, 999, 199, 190, 999, 156, 157, 57, 76, 162, 158, 999, 204, 203, 74, 142, 90, 172, 999, 87, 173, 138, 163, 89, 85, 136, 186, 28, 121, 999, 187, 86, 200, 94, 189, 45, 132, 40, 100, 113, 99, 205, 168, 53, 999, 152, 114, 139, 999, 999, 52, 19, 37, 23, 51, 69, 130, 999, 148, 999, 88, 56, 120, 169, 83, 999, 194, 34, 153, 58, 84, 181, 101, 35, 202, 67, 65, 60, 98, 97, 193, 66, 59, 195, 154, 75, 70, 146, 999, 147, 27, 155, 122, 123, 150, 188, 44, 167, 43, 999, 106, 119, 68, 134, 149, 71, 999, 201, 135, 129, 133, 151, 24, 183, 182, 50, 3, 0, 0, 2, 0, 3, 3, 0, 1, 1, 2, 1, 0, 2, 0, 0, 3, 1, 0, 0, 3, 3, 0, 3, 0, 0, 1, 2, 1, 0, 0, 0, 3, 0, 0, 0, 2, 0, 0, 2, 3, 2, 0, 0, 0, 2, 0, 3, 1, 0, 0, 0, 0, 0, 1, 0, 1, 0, 0, 0, 2, 0, 2, 3, 3, 3, 1, 0, 1, 1, 0, 3, 3, 0, 0, 1, 0, 2, 3, 3, 0, 3, 2, 2, 1, 3, 2, 0, 1, 0, 0, 0, 1, 3, 3, 2, 2, 2, 0, 3, 3, 2, 1, 0, 3, 3, 0, 2, 3, 0, 0, 3, 2, 3, 0, 2, 0, 0, 3, 0, 1, 1, 0, 1, 2, 3, 0, 0, 0, 3, 3, 0, 2, 1, 0, 2, 0, 0, 2, 0, 0, 0, 2, 2, 0, 1, 3, 2, 1, 0, 0, 0, 3, 2, 0, 3, 3, 1, 0, 1, 3, 3, 3, 2, 2, 0, 2, 3, 2, 0, 3, 3, 1, 3, 3, 0, 3, 0, 2, 0, 0, 1, 0, 3, 0, 3, 2, 0, 0, 0, 1, 3, 0, 1, 0, 0, 3, 0, 2, 0, 2, 3, 1, 2, 2, 0, 2, 3, 1, 3, 1, 2, 0, 1, 2, 3, 2, 0, 0, 0, 2, 0, 2, 3, 2, 3, 1, 1, 0, 3, 0, 1, 2, 3, 3, 2, 0, 3, 3, 0, 0, 2, 1, 2, 3, 3, 0, 0, 2, 3, 0, 1, 0, 0, 1, 2
RUN_2026-06-19_lowB_baselines_r4c314, 30, 0, 999, 999, 15, 160, 144, 112, 9, 96, 143, 3, 11, 999, 192, 999, 13, 4, 64, 999, 999, 31, 16, 999, 8, 128, 207, 175, 14, 191, 999, 32, 999, 80, 1, 999, 111, 176, 999, 999, 12, 159, 127, 999, 95, 2, 47, 79, 63, 5, 999, 999, 999, 999, 999, 6, 999, 10, 999, 7, 48, 161, 999, 197, 103, 141, 20, 21, 174, 177, 36, 54, 140, 18, 999, 178, 33, 999, 102, 165, 72, 91, 73, 196, 77, 104, 78, 26, 999, 179, 118, 999, 42, 117, 107, 17, 206, 166, 49, 999, 55, 92, 62, 115, 110, 145, 41, 116, 180, 124, 999, 126, 93, 109, 30, 999, 170, 999, 185, 61, 81, 82, 25, 46, 164, 198, 184, 999, 999, 999, 171, 108, 39, 125, 22, 38, 131, 999, 137, 29, 999, 105, 999, 199, 190, 999, 156, 157, 57, 76, 162, 158, 999, 204, 203, 74, 142, 90, 172, 999, 87, 173, 138, 163, 89, 85, 136, 186, 28, 121, 999, 187, 86, 200, 94, 189, 45, 132, 40, 100, 113, 99, 205, 168, 53, 999, 152, 114, 139, 999, 999, 52, 19, 37, 23, 51, 69, 130, 999, 148, 999, 88, 56, 120, 169, 83, 999, 194, 34, 153, 58, 84, 181, 101, 35, 202, 67, 65, 60, 98, 97, 193, 66, 59, 999, 154, 75, 70, 146, 195, 147, 27, 155, 122, 123, 150, 188, 44, 167, 43, 999, 106, 119, 68, 134, 149, 71, 999, 201, 135, 129, 133, 151, 24, 183, 182, 50, 3, 0, 0, 2, 0, 3, 3, 0, 1, 1, 2, 1, 0, 2, 0, 0, 3, 1, 0, 0, 3, 3, 0, 3, 0, 0, 1, 2, 1, 0, 0, 0, 3, 0, 0, 0, 2, 0, 0, 2, 3, 2, 0, 0, 0, 2, 0, 3, 1, 0, 0, 0, 0, 0, 1, 0, 1, 0, 0, 0, 2, 0, 2, 3, 3, 3, 1, 0, 1, 1, 0, 3, 3, 0, 0, 1, 0, 2, 3, 3, 0, 3, 2, 2, 1, 3, 2, 0, 1, 0, 0, 0, 1, 3, 3, 2, 2, 2, 0, 3, 3, 2, 1, 0, 3, 3, 0, 2, 3, 0, 0, 3, 2, 3, 0, 2, 0, 0, 3, 0, 1, 1, 0, 1, 2, 3, 0, 0, 0, 3, 3, 0, 2, 1, 0, 2, 0, 0, 2, 0, 0, 0, 2, 2, 0, 1, 3, 2, 1, 0, 0, 0, 3, 2, 0, 3, 3, 1, 0, 1, 3, 3, 3, 2, 2, 0, 2, 3, 2, 0, 3, 3, 1, 3, 3, 0, 3, 0, 2, 0, 0, 1, 0, 3, 0, 3, 2, 0, 0, 0, 1, 3, 0, 1, 0, 0, 3, 0, 2, 0, 2, 3, 1, 2, 2, 0, 2, 3, 1, 3, 1, 2, 0, 1, 2, 3, 2, 0, 0, 0, 2, 0, 2, 0, 2, 3, 1, 1, 2, 3, 0, 1, 2, 3, 3, 2, 0, 3, 3, 0, 0, 2, 1, 2, 3, 3, 0, 0, 2, 3, 0, 1, 0, 0, 1, 2
RUN_2026-06-19_lowB_baselines_r4c221, 31, 0, 999, 999, 15, 192, 999, 999, 7, 111, 48, 12, 5, 144, 176, 999, 13, 3, 191, 999, 999, 999, 95, 31, 11, 999, 999, 999, 14, 159, 112, 999, 999, 175, 1, 999, 127, 64, 999, 32, 2, 143, 160, 79, 999, 6, 999, 63, 80, 9, 999, 999, 16, 47, 96, 8, 999, 4, 207, 10, 128, 25, 118, 165, 999, 100, 180, 199, 193, 36, 103, 169, 29, 999, 999, 179, 999, 75, 81, 84, 134, 28, 24, 97, 71, 166, 21, 20, 104, 72, 117, 163, 37, 999, 105, 999, 74, 999, 183, 147, 170, 999, 156, 201, 155, 40, 999, 200, 205, 999, 30, 161, 87, 202, 110, 49, 114, 57, 149, 189, 56, 126, 50, 999, 999, 62, 78, 41, 140, 195, 194, 177, 164, 115, 171, 86, 999, 999, 35, 44, 198, 23, 60, 157, 999, 116, 158, 70, 108, 65, 999, 109, 130, 69, 61, 999, 168, 196, 99, 146, 26, 167, 999, 187, 186, 54, 204, 51, 76, 154, 17, 34, 73, 38, 43, 999, 152, 19, 182, 999, 151, 141, 197, 124, 82, 67, 162, 53, 89, 153, 150, 123, 59, 98, 94, 120, 188, 68, 136, 88, 90, 137, 119, 142, 42, 181, 58, 102, 999, 999, 92, 133, 132, 174, 83, 172, 139, 107, 173, 122, 999, 148, 52, 129, 33, 45, 999, 113, 125, 93, 178, 145, 121, 91, 85, 18, 999, 22, 138, 66, 27, 190, 106, 46, 77, 203, 131, 999, 185, 39, 206, 184, 55, 999, 135, 101, 999, 3, 0, 0, 2, 0, 0, 0, 0, 3, 3, 2, 1, 3, 2, 0, 0, 3, 3, 0, 0, 0, 1, 3, 3, 0, 0, 0, 2, 1, 0, 0, 0, 1, 0, 0, 0, 2, 0, 1, 2, 3, 0, 1, 0, 0, 0, 0, 1, 1, 0, 0, 2, 3, 0, 1, 0, 1, 3, 0, 0, 3, 3, 0, 0, 0, 0, 1, 2, 1, 2, 0, 1, 0, 0, 0, 0, 1, 3, 0, 2, 3, 1, 1, 2, 1, 2, 2, 1, 1, 2, 3, 0, 0, 2, 0, 2, 0, 0, 2, 3, 0, 2, 1, 3, 1, 0, 0, 2, 0, 0, 2, 3, 0, 1, 3, 2, 0, 3, 0, 0, 2, 2, 0, 0, 1, 2, 0, 1, 0, 1, 3, 2, 2, 2, 0, 0, 0, 0, 2, 2, 1, 0, 1, 0, 3, 2, 0, 1, 3, 0, 1, 0, 1, 0, 0, 3, 2, 2, 3, 2, 0, 0, 3, 1, 1, 0, 0, 2, 1, 1, 1, 3, 0, 2, 0, 3, 1, 1, 0, 2, 1, 0, 3, 1, 3, 0, 1, 0, 1, 3, 3, 1, 2, 1, 1, 0, 2, 3, 3, 3, 2, 1, 3, 2, 2, 0, 3, 0, 0, 2, 2, 0, 3, 3, 3, 1, 2, 1, 2, 0, 1, 0, 1, 0, 0, 0, 3, 3, 2, 1, 3, 3, 2, 0, 1, 0, 2, 0, 3, 3, 3, 2, 0, 0, 3, 3, 0, 3, 2, 0, 1, 1, 0, 2, 2, 0
RUN_2026-06-19_lowB_baselines_r4c221, 32, 0, 999, 999, 15, 192, 999, 999, 7, 111, 48, 12, 5, 144, 176, 999, 13, 3, 191, 999, 999, 999, 95, 31, 11, 999, 999, 999, 14, 159, 112, 999, 999, 175, 1, 999, 127, 64, 999, 32, 2, 143, 160, 79, 999, 6, 999, 63, 80, 9, 999, 999, 16, 47, 96, 8, 999, 4, 207, 10, 128, 25, 118, 165, 999, 100, 180, 199, 193, 36, 103, 169, 29, 999, 999, 179, 999, 75, 81, 84, 134, 28, 24, 97, 71, 166, 21, 20, 104, 72, 117, 163, 37, 999, 105, 999, 74, 999, 183, 147, 170, 999, 156, 999, 155, 40, 200, 999, 205, 999, 30, 161, 87, 999, 110, 49, 114, 57, 149, 189, 56, 126, 50, 999, 999, 62, 78, 41, 140, 195, 194, 177, 164, 115, 171, 86, 999, 999, 35, 44, 198, 23, 60, 157, 999, 116, 158, 70, 108, 65, 999, 109, 130, 69, 61, 999, 168, 196, 99, 146, 26, 167, 999, 187, 186, 54, 204, 51, 76, 154, 17, 34, 73, 38, 43, 999, 152, 19, 182, 999, 151, 141, 197, 124, 82, 67, 162, 53, 89, 153, 150, 123, 59, 98, 94, 120, 188, 68, 136, 88, 90, 137, 119, 142, 42, 181, 58, 102, 999, 201, 92, 133, 132, 174, 83, 172, 139, 107, 173, 122, 999, 148, 52, 129, 33, 45, 999, 113, 125, 93, 178, 145, 121, 91, 85, 18, 999, 22, 138, 66, 27, 190, 106, 46, 77, 203, 131, 999, 185, 39, 206, 184, 55, 202, 135, 101, 999, 3, 0, 0, 2, 0, 0, 0, 0, 3, 3, 2, 1, 3, 2, 0, 0, 3, 3, 0, 0, 0, 1, 3, 3, 0, 0, 0, 2, 1, 0, 0, 0, 1, 0, 0, 0, 2, 0, 1, 2, 3, 0, 1, 0, 0, 0, 0, 1, 1, 0, 0, 2, 3, 0, 1, 0, 1, 3, 0, 0, 3, 3, 0, 0, 0, 0, 1, 2, 1, 2, 0, 1, 0, 0, 0, 0, 1, 3, 0, 2, 3, 1, 1, 2, 1, 2, 2, 1, 1, 2, 3, 0, 0, 2, 0, 2, 0, 0, 2, 3, 0, 2, 0, 3, 1, 2, 0, 2, 0, 0, 2, 3, 0, 1, 3, 2, 0, 3, 0, 0, 2, 2, 0, 0, 1, 2, 0, 1, 0, 1, 3, 2, 2, 2, 0, 0, 0, 0, 2, 2, 1, 0, 1, 0, 3, 2, 0, 1, 3, 0, 1, 0, 1, 0, 0, 3, 2, 2, 3, 2, 0, 0, 3, 1, 1, 0, 0, 2, 1, 1, 1, 3, 0, 2, 0, 3, 1, 1, 0, 2, 1, 0, 3, 1, 3, 0, 1, 0, 1, 3, 3, 1, 2, 1, 1, 0, 2, 3, 3, 3, 2, 1, 3, 2, 2, 0, 3, 0, 0, 2, 2, 0, 3, 3, 3, 1, 2, 1, 2, 0, 1, 0, 1, 0, 0, 0, 3, 3, 2, 1, 3, 3, 2, 0, 1, 0, 2, 0, 3, 3, 3, 2, 0, 0, 3, 3, 0, 3, 2, 0, 1, 1, 1, 2, 2, 0
RUN_2026-06-19_lowB_baselines_r4c221, 33, 0, 999, 999, 15, 192, 999, 999, 7, 111, 48, 12, 5, 144, 176, 999, 13, 3, 191, 999, 999, 999, 95, 31, 11, 999, 999, 999, 14, 159, 112, 999, 999, 175, 1, 999, 127, 64, 999, 32, 2, 143, 160, 79, 999, 6, 999, 63, 80, 9, 999, 999, 16, 47, 96, 8, 999, 4, 207, 10, 128, 25, 118, 165, 999, 100, 180, 199, 193, 36, 103, 169, 29, 999, 999, 179, 999, 75, 81, 84, 134, 28, 24, 97, 71, 166, 21, 20, 104, 72, 117, 163, 37, 999, 105, 999, 74, 999, 183, 147, 170, 999, 156, 201, 155, 40, 999, 200, 205, 999, 30, 161, 87, 202, 110, 49, 114, 57, 149, 189, 56, 126, 50, 999, 999, 62, 78, 41, 140, 195, 194, 177, 164, 115, 171, 86, 999, 999, 35, 44, 198, 23, 60, 157, 999, 116, 158, 70, 108, 65, 999, 109, 130, 69, 61, 196, 168, 999, 99, 146, 26, 167, 999, 187, 186, 54, 204, 51, 76, 154, 17, 34, 73, 38, 43, 999, 152, 19, 182, 999, 151, 141, 197, 124, 82, 67, 162, 53, 89, 153, 150, 123, 59, 98, 94, 120, 188, 68, 136, 88, 90, 137, 119, 142, 42, 181, 58, 102, 999, 999, 92, 133, 132, 174, 83, 172, 139, 107, 173, 122, 999, 148, 52, 129, 33, 45, 999, 113, 125, 93, 178, 145, 121, 91, 85, 18, 999, 22, 138, 66, 27, 190, 106, 46, 77, 203, 131, 999, 185, 39, 206, 184, 55, 999, 135, 101, 999, 3, 0, 0, 2, 0, 0, 0, 0, 3, 3, 2, 1, 3, 2, 0, 0, 3, 3, 0, 0, 0, 1, 3, 3, 0, 0, 0, 2, 1, 0, 0, 0, 1, 0, 0, 0, 2, 0, 1, 2, 3, 0, 1, 0, 0, 0, 0, 1, 1, 0, 0, 2, 3, 0, 1, 0, 1, 3, 0, 0, 3, 3, 0, 0, 0, 0, 1, 2, 1, 2, 0, 1, 0, 0, 0, 0, 1, 3, 0, 2, 3, 1, 1, 2, 1, 2, 2, 1, 1, 2, 3, 0, 0, 2, 0, 2, 0, 0, 2, 3, 0, 2, 1, 3, 1, 0, 0, 2, 0, 0, 2, 3, 0, 1, 3, 2, 0, 3, 0, 0, 2, 2, 0, 0, 1, 2, 0, 1, 0, 1, 3, 2, 2, 2, 0, 0, 0, 0, 2, 2, 1, 0, 1, 0, 3, 2, 0, 1, 3, 0, 1, 0, 1, 0, 1, 3, 0, 2, 3, 2, 0, 0, 3, 1, 1, 0, 0, 2, 1, 1, 1, 3, 0, 2, 0, 3, 1, 1, 0, 2, 1, 0, 3, 1, 3, 0, 1, 0, 1, 3, 3, 1, 2, 1, 1, 0, 2, 3, 3, 3, 2, 1, 3, 2, 2, 0, 3, 0, 0, 2, 2, 0, 3, 3, 3, 1, 2, 1, 2, 0, 1, 0, 1, 0, 0, 0, 3, 3, 2, 1, 3, 3, 2, 0, 1, 0, 2, 0, 3, 3, 3, 2, 0, 0, 3, 3, 0, 3, 2, 0, 1, 1, 0, 2, 2, 0
RUN_2026-06-19_lowB_baselines_r4c221, 34, 0, 999, 999, 15, 192, 999, 999, 7, 111, 48, 12, 5, 144, 176, 999, 13, 3, 191, 999, 999, 999, 95, 31, 11, 999, 999, 999, 14, 159, 112, 999, 999, 175, 1, 999, 127, 64, 999, 32, 2, 143, 160, 79, 999, 6, 999, 63, 80, 9, 999, 999, 16, 47, 96, 8, 999, 4, 207, 10, 128, 25, 118, 165, 999, 100, 180, 199, 193, 36, 103, 169, 29, 999, 999, 179, 999, 75, 81, 84, 134, 28, 24, 97, 71, 166, 21, 20, 104, 72, 117, 163, 37, 999, 105, 999, 74, 999, 183, 147, 170, 999, 156, 999, 155, 40, 200, 999, 205, 999, 30, 161, 87, 999, 110, 49, 114, 57, 149, 189, 56, 126, 50, 999, 999, 62, 78, 41, 140, 195, 194, 177, 164, 115, 171, 86, 999, 999, 35, 44, 198, 23, 60, 157, 999, 116, 158, 70, 108, 65, 999, 109, 130, 69, 61, 196, 168, 999, 99, 146, 26, 167, 999, 187, 186, 54, 204, 51, 76, 154, 17, 34, 73, 38, 43, 999, 152, 19, 182, 999, 151, 141, 197, 124, 82, 67, 162, 53, 89, 153, 150, 123, 59, 98, 94, 120, 188, 68, 136, 88, 90, 137, 119, 142, 42, 181, 58, 102, 999, 201, 92, 133, 132, 174, 83, 172, 139, 107, 173, 122, 999, 148, 52, 129, 33, 45, 999, 113, 125, 93, 178, 145, 121, 91, 85, 18, 999, 22, 138, 66, 27, 190, 106, 46, 77, 203, 131, 999, 185, 39, 206, 184, 55, 202, 135, 101, 999, 3, 0, 0, 2, 0, 0, 0, 0, 3, 3, 2, 1, 3, 2, 0, 0, 3, 3, 0, 0, 0, 1, 3, 3, 0, 0, 0, 2, 1, 0, 0, 0, 1, 0, 0, 0, 2, 0, 1, 2, 3, 0, 1, 0, 0, 0, 0, 1, 1, 0, 0, 2, 3, 0, 1, 0, 1, 3, 0, 0, 3, 3, 0, 0, 0, 0, 1, 2, 1, 2, 0, 1, 0, 0, 0, 0, 1, 3, 0, 2, 3, 1, 1, 2, 1, 2, 2, 1, 1, 2, 3, 0, 0, 2, 0, 2, 0, 0, 2, 3, 0, 2, 0, 3, 1, 2, 0, 2, 0, 0, 2, 3, 0, 1, 3, 2, 0, 3, 0, 0, 2, 2, 0, 0, 1, 2, 0, 1, 0, 1, 3, 2, 2, 2, 0, 0, 0, 0, 2, 2, 1, 0, 1, 0, 3, 2, 0, 1, 3, 0, 1, 0, 1, 0, 1, 3, 0, 2, 3, 2, 0, 0, 3, 1, 1, 0, 0, 2, 1, 1, 1, 3, 0, 2, 0, 3, 1, 1, 0, 2, 1, 0, 3, 1, 3, 0, 1, 0, 1, 3, 3, 1, 2, 1, 1, 0, 2, 3, 3, 3, 2, 1, 3, 2, 2, 0, 3, 0, 0, 2, 2, 0, 3, 3, 3, 1, 2, 1, 2, 0, 1, 0, 1, 0, 0, 0, 3, 3, 2, 1, 3, 3, 2, 0, 1, 0, 2, 0, 3, 3, 3, 2, 0, 0, 3, 3, 0, 3, 2, 0, 1, 1, 1, 2, 2, 0
RUN_2026-06-19_lowB_baselines_r4c267, 35, 0, 999, 999, 15, 16, 64, 32, 3, 999, 999, 10, 7, 999, 999, 999, 13, 11, 192, 112, 128, 96, 207, 31, 9, 48, 999, 159, 14, 999, 999, 144, 160, 999, 1, 999, 175, 999, 999, 79, 8, 999, 80, 191, 143, 2, 111, 127, 63, 4, 999, 999, 999, 47, 95, 5, 176, 6, 999, 12, 999, 168, 198, 20, 200, 73, 157, 153, 119, 17, 61, 172, 158, 35, 999, 156, 50, 51, 114, 197, 999, 173, 53, 118, 115, 74, 184, 62, 199, 165, 999, 66, 999, 179, 195, 167, 54, 164, 201, 137, 999, 26, 188, 125, 149, 999, 999, 24, 19, 187, 999, 189, 108, 124, 42, 77, 78, 36, 154, 30, 65, 93, 25, 141, 40, 148, 133, 186, 999, 37, 182, 204, 183, 107, 94, 21, 999, 152, 103, 116, 999, 87, 33, 166, 999, 999, 44, 45, 60, 135, 72, 174, 999, 57, 69, 999, 76, 29, 46, 150, 177, 161, 205, 52, 43, 102, 34, 122, 142, 999, 75, 123, 88, 145, 136, 203, 71, 202, 126, 132, 999, 117, 169, 180, 113, 67, 23, 999, 58, 104, 999, 83, 129, 171, 106, 105, 27, 39, 109, 181, 155, 59, 22, 55, 185, 196, 86, 38, 99, 999, 98, 146, 162, 134, 84, 97, 121, 999, 999, 178, 101, 138, 85, 100, 68, 41, 82, 147, 194, 999, 140, 110, 131, 56, 170, 999, 92, 163, 206, 120, 999, 139, 193, 81, 151, 91, 70, 49, 190, 28, 999, 18, 90, 999, 130, 999, 89, 3, 0, 0, 2, 0, 3, 3, 0, 0, 0, 2, 1, 0, 0, 0, 0, 3, 1, 3, 3, 1, 1, 3, 3, 0, 0, 1, 2, 0, 0, 0, 2, 0, 0, 0, 0, 0, 0, 3, 2, 0, 0, 1, 0, 0, 2, 0, 3, 1, 0, 0, 0, 3, 2, 1, 3, 1, 0, 0, 0, 2, 2, 3, 1, 1, 0, 1, 2, 0, 2, 0, 3, 2, 0, 0, 1, 2, 2, 0, 0, 1, 1, 2, 0, 1, 0, 3, 3, 1, 0, 3, 0, 2, 3, 3, 0, 0, 1, 2, 0, 0, 0, 2, 1, 0, 0, 3, 3, 1, 0, 3, 3, 2, 3, 0, 3, 1, 0, 2, 2, 2, 0, 2, 3, 0, 0, 2, 0, 1, 1, 3, 0, 0, 2, 1, 0, 1, 3, 1, 0, 2, 3, 0, 0, 0, 2, 2, 2, 0, 0, 2, 0, 2, 1, 0, 0, 2, 0, 1, 3, 1, 2, 1, 1, 2, 2, 2, 2, 0, 1, 3, 3, 0, 2, 3, 1, 3, 1, 3, 0, 2, 2, 1, 1, 0, 0, 0, 3, 2, 0, 2, 2, 2, 0, 2, 2, 1, 3, 1, 2, 1, 3, 3, 0, 3, 1, 1, 2, 0, 3, 2, 0, 0, 1, 3, 2, 0, 0, 1, 0, 1, 0, 1, 1, 2, 3, 3, 1, 0, 3, 3, 0, 0, 0, 0, 2, 3, 0, 2, 0, 0, 0, 0, 1, 1, 1, 1, 2, 2, 0, 1, 3, 0, 0, 0, 0
RUN_2026-06-19_lowB_baselines_r4c267, 36, 0, 999, 999, 15, 16, 64, 32, 3, 999, 999, 10, 7, 999, 999, 999, 13, 11, 192, 112, 128, 96, 207, 31, 9, 48, 999, 159, 14, 999, 999, 144, 160, 999, 1, 999, 175, 999, 999, 79, 8, 999, 80, 191, 143, 2, 111, 127, 63, 4, 999, 999, 999, 47, 95, 5, 176, 6, 999, 12, 999, 168, 999, 20, 200, 73, 157, 153, 119, 17, 61, 172, 158, 35, 999, 156, 50, 51, 114, 999, 999, 173, 53, 118, 115, 74, 184, 62, 199, 165, 999, 66, 198, 179, 195, 167, 54, 164, 201, 137, 999, 26, 188, 125, 149, 999, 999, 24, 19, 187, 999, 189, 108, 124, 42, 77, 78, 36, 154, 30, 65, 93, 25, 141, 40, 148, 133, 186, 999, 37, 182, 204, 183, 107, 94, 21, 999, 152, 103, 116, 999, 87, 33, 166, 999, 999, 44, 45, 60, 135, 72, 174, 999, 57, 69, 999, 76, 29, 46, 150, 177, 161, 205, 52, 43, 102, 34, 122, 142, 999, 75, 123, 88, 145, 136, 203, 71, 202, 126, 132, 999, 117, 169, 180, 113, 67, 23, 999, 58, 104, 999, 83, 129, 171, 106, 105, 27, 39, 109, 181, 155, 59, 22, 55, 185, 196, 86, 38, 99, 999, 98, 146, 162, 134, 84, 97, 121, 197, 999, 178, 101, 138, 85, 100, 68, 41, 82, 147, 194, 999, 140, 110, 131, 56, 170, 999, 92, 163, 206, 120, 999, 139, 193, 81, 151, 91, 70, 49, 190, 28, 999, 18, 90, 999, 130, 999, 89, 3, 0, 0, 2, 0, 3, 3, 0, 0, 0, 2, 1, 0, 0, 0, 0, 3, 1, 3, 3, 1, 1, 3, 3, 0, 0, 1, 2, 0, 0, 0, 2, 0, 0, 0, 0, 0, 0, 3, 2, 0, 0, 1, 0, 0, 2, 0, 3, 1, 0, 0, 0, 3, 2, 1, 3, 1, 0, 0, 0, 2, 0, 3, 1, 1, 0, 1, 2, 0, 2, 0, 3, 2, 0, 0, 1, 2, 2, 0, 0, 1, 1, 2, 0, 1, 0, 3, 3, 1, 0, 3, 1, 2, 3, 3, 0, 0, 1, 2, 0, 0, 0, 2, 1, 0, 0, 3, 3, 1, 0, 3, 3, 2, 3, 0, 3, 1, 0, 2, 2, 2, 0, 2, 3, 0, 0, 2, 0, 1, 1, 3, 0, 0, 2, 1, 0, 1, 3, 1, 0, 2, 3, 0, 0, 0, 2, 2, 2, 0, 0, 2, 0, 2, 1, 0, 0, 2, 0, 1, 3, 1, 2, 1, 1, 2, 2, 2, 2, 0, 1, 3, 3, 0, 2, 3, 1, 3, 1, 3, 0, 2, 2, 1, 1, 0, 0, 0, 3, 2, 0, 2, 2, 2, 0, 2, 2, 1, 3, 1, 2, 1, 3, 3, 0, 3, 1, 1, 2, 0, 3, 2, 0, 0, 1, 3, 2, 0, 0, 1, 0, 1, 0, 1, 1, 2, 3, 3, 1, 0, 3, 3, 0, 0, 0, 0, 2, 3, 0, 2, 0, 0, 0, 0, 1, 1, 1, 1, 2, 2, 0, 1, 3, 0, 0, 0, 0
RUN_2026-06-19_lowB_baselines_r4c267, 37, 0, 999, 999, 15, 16, 64, 32, 3, 999, 999, 10, 7, 999, 999, 999, 13, 11, 192, 112, 128, 96, 207, 31, 9, 48, 999, 159, 14, 999, 999, 144, 160, 999, 1, 999, 175, 999, 999, 79, 8, 999, 80, 191, 143, 2, 111, 127, 63, 4, 999, 999, 999, 47, 95, 5, 176, 6, 999, 12, 999, 168, 999, 20, 200, 73, 157, 153, 119, 17, 61, 172, 158, 35, 999, 156, 50, 51, 114, 999, 198, 173, 53, 118, 115, 74, 184, 62, 199, 165, 999, 66, 195, 179, 999, 167, 54, 164, 201, 137, 999, 26, 188, 125, 149, 999, 999, 24, 19, 187, 196, 189, 108, 124, 42, 77, 78, 36, 154, 30, 65, 93, 25, 141, 40, 148, 133, 186, 999, 37, 182, 204, 183, 107, 94, 21, 197, 152, 103, 116, 999, 87, 33, 166, 999, 999, 44, 45, 60, 135, 72, 174, 999, 57, 69, 999, 76, 29, 46, 150, 177, 161, 205, 52, 43, 102, 34, 122, 142, 999, 75, 123, 88, 145, 136, 203, 71, 202, 126, 132, 999, 117, 169, 180, 113, 67, 23, 999, 58, 104, 999, 83, 129, 171, 106, 105, 27, 39, 109, 181, 155, 59, 22, 55, 185, 999, 86, 38, 99, 999, 98, 146, 162, 134, 84, 97, 121, 999, 999, 178, 101, 138, 85, 100, 68, 41, 82, 147, 194, 999, 140, 110, 131, 56, 170, 999, 92, 163, 206, 120, 999, 139, 193, 81, 151, 91, 70, 49, 190, 28, 999, 18, 90, 999, 130, 999, 89, 3, 0, 0, 2, 0, 3, 3, 0, 0, 0, 2, 1, 0, 0, 0, 0, 3, 1, 3, 3, 1, 1, 3, 3, 0, 0, 1, 2, 0, 0, 0, 2, 0, 0, 0, 0, 0, 0, 3, 2, 0, 0, 1, 0, 0, 2, 0, 3, 1, 0, 0, 0, 3, 2, 1, 3, 1, 0, 0, 0, 2, 0, 3, 1, 1, 0, 1, 2, 0, 2, 0, 3, 2, 0, 0, 1, 2, 2, 0, 3, 1, 1, 2, 0, 1, 0, 3, 3, 1, 0, 3, 0, 2, 0, 3, 0, 0, 1, 2, 0, 0, 0, 2, 1, 0, 0, 3, 3, 1, 1, 3, 3, 2, 3, 0, 3, 1, 0, 2, 2, 2, 0, 2, 3, 0, 0, 2, 0, 1, 1, 3, 0, 0, 2, 1, 1, 1, 3, 1, 0, 2, 3, 0, 0, 0, 2, 2, 2, 0, 0, 2, 0, 2, 1, 0, 0, 2, 0, 1, 3, 1, 2, 1, 1, 2, 2, 2, 2, 0, 1, 3, 3, 0, 2, 3, 1, 3, 1, 3, 0, 2, 2, 1, 1, 0, 0, 0, 3, 2, 0, 2, 2, 2, 0, 2, 2, 1, 3, 1, 2, 1, 3, 3, 0, 0, 1, 1, 2, 0, 3, 2, 0, 0, 1, 3, 2, 0, 0, 1, 0, 1, 0, 1, 1, 2, 3, 3, 1, 0, 3, 3, 0, 0, 0, 0, 2, 3, 0, 2, 0, 0, 0, 0, 1, 1, 1, 1, 2, 2, 0, 1, 3, 0, 0, 0, 0
RUN_2026-06-19_lowB_baselines_r4c267, 38, 0, 999, 999, 15, 16, 64, 32, 3, 999, 999, 10, 7, 999, 999, 999, 13, 11, 192, 112, 128, 96, 207, 31, 9, 48, 999, 159, 14, 999, 999, 144, 160, 999, 1, 999, 175, 999, 999, 79, 8, 999, 80, 191, 143, 2, 111, 127, 63, 4, 999, 999, 999, 47, 95, 5, 176, 6, 999, 12, 999, 168, 999, 20, 200, 73, 157, 153, 119, 17, 61, 172, 158, 35, 999, 156, 50, 51, 114, 999, 999, 173, 53, 118, 115, 74, 184, 62, 199, 165, 999, 66, 195, 179, 198, 167, 54, 164, 201, 137, 999, 26, 188, 125, 149, 197, 999, 24, 19, 187, 196, 189, 108, 124, 42, 77, 78, 36, 154, 30, 65, 93, 25, 141, 40, 148, 133, 186, 999, 37, 182, 204, 183, 107, 94, 21, 999, 152, 103, 116, 999, 87, 33, 166, 999, 999, 44, 45, 60, 135, 72, 174, 999, 57, 69, 999, 76, 29, 46, 150, 177, 161, 205, 52, 43, 102, 34, 122, 142, 999, 75, 123, 88, 145, 136, 203, 71, 202, 126, 132, 999, 117, 169, 180, 113, 67, 23, 999, 58, 104, 999, 83, 129, 171, 106, 105, 27, 39, 109, 181, 155, 59, 22, 55, 185, 999, 86, 38, 99, 999, 98, 146, 162, 134, 84, 97, 121, 999, 999, 178, 101, 138, 85, 100, 68, 41, 82, 147, 194, 999, 140, 110, 131, 56, 170, 999, 92, 163, 206, 120, 999, 139, 193, 81, 151, 91, 70, 49, 190, 28, 999, 18, 90, 999, 130, 999, 89, 3, 0, 0, 2, 0, 3, 3, 0, 0, 0, 2, 1, 0, 0, 0, 0, 3, 1, 3, 3, 1, 1, 3, 3, 0, 0, 1, 2, 0, 0, 0, 2, 0, 0, 0, 0, 0, 0, 3, 2, 0, 0, 1, 0, 0, 2, 0, 3, 1, 0, 0, 0, 3, 2, 1, 3, 1, 0, 0, 0, 2, 0, 3, 1, 1, 0, 1, 2, 0, 2, 0, 3, 2, 0, 0, 1, 2, 2, 0, 0, 1, 1, 2, 0, 1, 0, 3, 3, 1, 0, 3, 0, 2, 0, 3, 0, 0, 1, 2, 0, 0, 0, 2, 1, 3, 0, 3, 3, 1, 1, 3, 3, 2, 3, 0, 3, 1, 0, 2, 2, 2, 0, 2, 3, 0, 0, 2, 0, 1, 1, 3, 0, 0, 2, 1, 0, 1, 3, 1, 0, 2, 3, 0, 0, 0, 2, 2, 2, 0, 0, 2, 0, 2, 1, 0, 0, 2, 0, 1, 3, 1, 2, 1, 1, 2, 2, 2, 2, 0, 1, 3, 3, 0, 2, 3, 1, 3, 1, 3, 0, 2, 2, 1, 1, 0, 0, 0, 3, 2, 0, 2, 2, 2, 0, 2, 2, 1, 3, 1, 2, 1, 3, 3, 0, 0, 1, 1, 2, 0, 3, 2, 0, 0, 1, 3, 2, 0, 0, 1, 0, 1, 0, 1, 1, 2, 3, 3, 1, 0, 3, 3, 0, 0, 0, 0, 2, 3, 0, 2, 0, 0, 0, 0, 1, 1, 1, 1, 2, 2, 0, 1, 3, 0, 0, 0, 0
RUN_2026-06-19_lowB_baselines_r4c267, 39, 0, 999, 999, 15, 16, 64, 32, 3, 999, 999, 10, 7, 999, 999, 999, 13, 11, 192, 112, 128, 96, 207, 31, 9, 48, 999, 159, 14, 999, 999, 144, 160, 999, 1, 999, 175, 999, 999, 79, 8, 999, 80, 191, 143, 2, 111, 127, 63, 4, 999, 999, 999, 47, 95, 5, 176, 6, 999, 12, 999, 168, 999, 20, 999, 73, 157, 153, 119, 17, 61, 172, 158, 35, 999, 156, 50, 51, 114, 197, 999, 173, 53, 118, 115, 74, 184, 62, 999, 165, 999, 66, 200, 179, 195, 167, 54, 164, 201, 137, 999, 26, 188, 125, 149, 999, 999, 24, 19, 187, 999, 189, 108, 124, 42, 77, 78, 36, 154, 30, 65, 93, 25, 141, 40, 148, 133, 186, 999, 37, 182, 204, 183, 107, 94, 21, 999, 152, 103, 116, 999, 87, 33, 166, 999, 999, 44, 45, 60, 135, 72, 174, 999, 57, 69, 999, 76, 29, 46, 150, 177, 161, 205, 52, 43, 102, 34, 122, 142, 199, 75, 123, 88, 145, 136, 203, 71, 202, 126, 132, 198, 117, 169, 180, 113, 67, 23, 999, 58, 104, 999, 83, 129, 171, 106, 105, 27, 39, 109, 181, 155, 59, 22, 55, 185, 196, 86, 38, 99, 999, 98, 146, 162, 134, 84, 97, 121, 999, 999, 178, 101, 138, 85, 100, 68, 41, 82, 147, 194, 999, 140, 110, 131, 56, 170, 999, 92, 163, 206, 120, 999, 139, 193, 81, 151, 91, 70, 49, 190, 28, 999, 18, 90, 999, 130, 999, 89, 3, 0, 0, 2, 0, 3, 3, 0, 0, 0, 2, 1, 0, 0, 0, 0, 3, 1, 3, 3, 1, 1, 3, 3, 0, 0, 1, 2, 0, 0, 0, 2, 0, 0, 0, 0, 0, 0, 3, 2, 0, 0, 1, 0, 0, 2, 0, 3, 1, 0, 0, 0, 3, 2, 1, 3, 1, 0, 0, 0, 2, 0, 3, 0, 1, 0, 1, 2, 0, 2, 0, 3, 2, 0, 0, 1, 2, 2, 0, 0, 1, 1, 2, 0, 1, 0, 3, 0, 1, 0, 3, 1, 2, 3, 3, 0, 0, 1, 2, 0, 0, 0, 2, 1, 0, 0, 3, 3, 1, 0, 3, 3, 2, 3, 0, 3, 1, 0, 2, 2, 2, 0, 2, 3, 0, 0, 2, 0, 1, 1, 3, 0, 0, 2, 1, 0, 1, 3, 1, 0, 2, 3, 0, 0, 0, 2, 2, 2, 0, 0, 2, 0, 2, 1, 0, 0, 2, 0, 1, 3, 1, 2, 1, 1, 2, 2, 2, 2, 3, 1, 3, 3, 0, 2, 3, 1, 3, 1, 3, 2, 2, 2, 1, 1, 0, 0, 0, 3, 2, 0, 2, 2, 2, 0, 2, 2, 1, 3, 1, 2, 1, 3, 3, 0, 3, 1, 1, 2, 0, 3, 2, 0, 0, 1, 3, 2, 0, 0, 1, 0, 1, 0, 1, 1, 2, 3, 3, 1, 0, 3, 3, 0, 0, 0, 0, 2, 3, 0, 2, 0, 0, 0, 0, 1, 1, 1, 1, 2, 2, 0, 1, 3, 0, 0, 0, 0
RUN_2026-06-19_lowB_baselines_r5c584, 0, 999, 999, 0, 15, 10, 6, 9, 112, 13, 192, 207, 999, 144, 11, 999, 999, 7, 64, 175, 80, 31, 191, 3, 999, 999, 999, 999, 14, 999, 79, 999, 999, 999, 1, 999, 143, 160, 999, 999, 2, 63, 5, 159, 127, 12, 47, 176, 999, 32, 128, 96, 999, 4, 111, 95, 999, 8, 48, 16, 999, 999, 999, 131, 999, 101, 201, 161, 137, 26, 34, 67, 56, 999, 156, 172, 999, 68, 168, 130, 57, 99, 100, 120, 999, 190, 86, 104, 33, 140, 28, 167, 206, 44, 999, 83, 139, 87, 145, 138, 999, 74, 180, 999, 999, 999, 132, 999, 194, 162, 107, 196, 999, 106, 30, 20, 164, 40, 169, 73, 199, 999, 999, 97, 129, 170, 179, 122, 999, 999, 147, 178, 123, 58, 36, 22, 39, 999, 25, 165, 118, 65, 117, 102, 202, 121, 89, 54, 999, 90, 62, 119, 53, 18, 72, 999, 37, 78, 66, 116, 17, 181, 55, 21, 88, 197, 141, 999, 166, 153, 174, 49, 187, 195, 113, 110, 193, 46, 148, 126, 24, 149, 203, 189, 23, 157, 125, 999, 109, 60, 152, 155, 98, 999, 171, 185, 59, 136, 93, 82, 173, 27, 200, 183, 43, 999, 42, 35, 69, 133, 61, 50, 51, 205, 105, 70, 999, 115, 38, 204, 146, 41, 154, 124, 29, 52, 108, 19, 92, 76, 163, 177, 186, 182, 71, 45, 77, 198, 999, 135, 81, 188, 84, 114, 151, 94, 184, 75, 158, 91, 150, 142, 999, 134, 999, 103, 85, 0, 0, 0, 2, 1, 0, 0, 3, 2, 3, 3, 0, 3, 3, 0, 0, 3, 1, 1, 3, 3, 1, 2, 0, 0, 0, 0, 2, 0, 2, 0, 0, 0, 0, 0, 0, 2, 0, 0, 2, 3, 1, 1, 0, 0, 2, 2, 0, 0, 1, 2, 0, 2, 2, 2, 0, 1, 1, 3, 0, 0, 0, 2, 0, 3, 3, 1, 0, 1, 0, 0, 3, 0, 2, 3, 0, 1, 0, 3, 1, 2, 1, 1, 0, 0, 1, 2, 3, 1, 3, 0, 0, 0, 0, 0, 2, 2, 0, 3, 0, 1, 2, 0, 0, 0, 2, 0, 2, 1, 3, 2, 0, 2, 3, 0, 3, 0, 2, 3, 3, 0, 0, 1, 2, 2, 3, 2, 0, 0, 0, 1, 0, 1, 2, 3, 3, 0, 0, 0, 2, 1, 3, 3, 0, 1, 2, 0, 0, 3, 1, 1, 3, 3, 1, 0, 0, 2, 0, 3, 0, 3, 3, 2, 1, 1, 2, 0, 1, 0, 0, 2, 2, 0, 0, 1, 1, 1, 3, 3, 2, 1, 3, 0, 3, 2, 1, 0, 3, 0, 1, 0, 1, 0, 3, 1, 3, 1, 1, 3, 2, 2, 3, 1, 3, 0, 1, 1, 3, 0, 3, 0, 2, 2, 2, 1, 0, 3, 0, 2, 3, 1, 2, 0, 2, 1, 1, 2, 1, 3, 2, 3, 3, 3, 2, 3, 2, 1, 0, 2, 0, 3, 1, 1, 1, 3, 0, 0, 2, 2, 3, 3, 0, 1, 0, 1, 0
RUN_2026-06-19_lowB_baselines_r5c539, 1, 999, 999, 0, 15, 5, 9, 8, 999, 13, 128, 999, 999, 999, 6, 999, 79, 3, 64, 16, 80, 31, 999, 10, 999, 144, 999, 999, 14, 999, 95, 999, 999, 63, 1, 175, 999, 999, 192, 143, 2, 47, 12, 96, 999, 7, 999, 112, 127, 48, 207, 160, 999, 11, 111, 176, 159, 4, 191, 32, 999, 198, 57, 21, 164, 999, 157, 165, 125, 199, 56, 999, 89, 999, 141, 186, 146, 99, 174, 151, 109, 115, 49, 73, 98, 999, 202, 131, 90, 169, 999, 182, 150, 168, 162, 158, 163, 153, 152, 91, 999, 201, 999, 35, 200, 195, 179, 25, 154, 999, 76, 37, 133, 185, 30, 94, 142, 999, 149, 70, 161, 122, 34, 19, 132, 999, 148, 126, 147, 184, 20, 155, 206, 93, 121, 71, 77, 67, 180, 999, 24, 999, 999, 78, 33, 40, 181, 124, 52, 97, 156, 114, 66, 84, 50, 999, 999, 105, 68, 197, 85, 999, 123, 83, 194, 39, 138, 55, 999, 100, 101, 61, 120, 75, 196, 104, 188, 999, 62, 170, 204, 172, 45, 189, 119, 187, 999, 88, 173, 60, 117, 118, 999, 110, 58, 92, 130, 42, 999, 139, 36, 171, 51, 46, 26, 190, 103, 135, 44, 81, 54, 999, 999, 183, 53, 23, 22, 140, 193, 102, 107, 136, 108, 82, 29, 166, 999, 999, 65, 106, 999, 999, 86, 18, 167, 72, 41, 38, 203, 28, 59, 17, 137, 129, 134, 999, 27, 145, 177, 74, 116, 178, 113, 205, 69, 43, 87, 0, 0, 0, 2, 1, 0, 0, 0, 2, 3, 0, 0, 0, 3, 0, 1, 3, 1, 3, 3, 3, 0, 2, 0, 0, 0, 0, 2, 0, 2, 0, 0, 1, 0, 0, 0, 0, 0, 3, 2, 3, 1, 3, 0, 0, 0, 2, 3, 0, 3, 2, 0, 2, 2, 0, 1, 1, 3, 3, 0, 0, 3, 3, 1, 0, 1, 0, 3, 0, 2, 0, 3, 0, 2, 1, 1, 1, 1, 1, 0, 0, 3, 1, 2, 0, 0, 0, 3, 1, 0, 1, 1, 1, 3, 0, 2, 2, 3, 3, 0, 0, 0, 3, 2, 0, 1, 1, 3, 0, 1, 0, 3, 3, 3, 1, 1, 0, 3, 3, 2, 1, 0, 0, 0, 0, 1, 3, 0, 3, 1, 2, 2, 0, 3, 2, 1, 2, 3, 0, 3, 0, 0, 1, 3, 3, 3, 2, 2, 1, 0, 3, 3, 1, 0, 0, 0, 2, 1, 3, 2, 0, 1, 0, 1, 3, 1, 1, 0, 1, 1, 0, 0, 0, 1, 1, 0, 0, 1, 2, 3, 1, 1, 0, 3, 2, 0, 1, 1, 3, 2, 1, 0, 0, 2, 0, 0, 3, 0, 1, 1, 2, 3, 3, 1, 2, 1, 0, 0, 3, 3, 0, 0, 0, 3, 0, 0, 1, 1, 3, 0, 0, 0, 3, 2, 3, 0, 0, 2, 2, 0, 0, 0, 2, 1, 3, 0, 3, 2, 0, 3, 3, 3, 2, 1, 0, 0, 1, 1, 0, 0, 0, 3, 2, 1, 2, 2
RUN_2026-06-19_lowB_baselines_r5c539, 2, 999, 999, 0, 15, 5, 9, 8, 999, 13, 128, 999, 999, 999, 6, 999, 79, 3, 64, 16, 80, 31, 999, 10, 999, 144, 999, 999, 14, 999, 95, 999, 999, 63, 1, 175, 999, 999, 192, 143, 2, 47, 12, 96, 999, 7, 999, 112, 127, 48, 207, 160, 999, 11, 111, 176, 159, 4, 191, 32, 999, 198, 57, 21, 164, 999, 157, 165, 125, 199, 56, 999, 89, 999, 141, 186, 146, 99, 174, 151, 109, 115, 49, 73, 98, 999, 202, 131, 90, 169, 999, 182, 150, 168, 162, 158, 163, 153, 152, 91, 999, 999, 999, 35, 200, 195, 179, 25, 154, 999, 76, 37, 133, 185, 30, 94, 142, 999, 149, 70, 161, 122, 34, 19, 132, 201, 148, 126, 147, 184, 20, 155, 206, 93, 121, 71, 77, 67, 180, 999, 24, 999, 999, 78, 33, 40, 181, 124, 52, 97, 156, 114, 66, 84, 50, 999, 999, 105, 68, 197, 85, 999, 123, 83, 194, 39, 138, 55, 999, 100, 101, 61, 120, 75, 196, 104, 188, 999, 62, 170, 204, 172, 45, 189, 119, 187, 999, 88, 173, 60, 117, 118, 999, 110, 58, 92, 130, 42, 999, 139, 36, 171, 51, 46, 26, 190, 103, 135, 44, 81, 54, 999, 999, 183, 53, 23, 22, 140, 193, 102, 107, 136, 108, 82, 29, 166, 999, 999, 65, 106, 999, 999, 86, 18, 167, 72, 41, 38, 203, 28, 59, 17, 137, 129, 134, 999, 27, 145, 177, 74, 116, 178, 113, 205, 69, 43, 87, 0, 0, 0, 2, 1, 0, 0, 0, 2, 3, 0, 0, 0, 3, 0, 1, 3, 1, 3, 3, 3, 0, 2, 0, 0, 0, 0, 2, 0, 2, 0, 0, 1, 0, 0, 0, 0, 0, 3, 2, 3, 1, 3, 0, 0, 0, 2, 3, 0, 3, 2, 0, 2, 2, 0, 1, 1, 3, 3, 0, 0, 3, 3, 1, 0, 1, 0, 3, 0, 2, 0, 3, 0, 2, 1, 1, 1, 1, 1, 0, 0, 3, 1, 2, 0, 0, 0, 3, 1, 0, 1, 1, 1, 3, 0, 2, 2, 3, 3, 0, 0, 0, 3, 2, 0, 1, 1, 3, 0, 1, 0, 3, 3, 3, 1, 1, 0, 3, 3, 2, 1, 0, 0, 0, 2, 1, 3, 0, 3, 1, 2, 2, 0, 3, 2, 1, 2, 3, 0, 3, 0, 0, 1, 3, 3, 3, 2, 2, 1, 0, 3, 3, 1, 0, 0, 0, 2, 1, 3, 2, 0, 1, 0, 1, 3, 1, 1, 0, 1, 1, 0, 0, 0, 1, 1, 0, 0, 1, 2, 3, 1, 1, 0, 3, 2, 0, 1, 1, 3, 2, 1, 0, 0, 2, 0, 0, 3, 0, 1, 1, 2, 3, 3, 1, 2, 1, 0, 0, 3, 3, 0, 0, 0, 3, 0, 0, 1, 1, 3, 0, 0, 0, 3, 2, 3, 0, 0, 2, 2, 0, 0, 0, 2, 1, 3, 0, 3, 2, 0, 3, 3, 3, 2, 1, 0, 0, 1, 1, 0, 0, 0, 3, 2, 1, 2, 2
RUN_2026-06-19_lowB_baselines_r5c539, 3, 999, 999, 0, 15, 5, 9, 8, 192, 13, 128, 999, 999, 999, 6, 999, 79, 3, 64, 16, 80, 31, 999, 10, 999, 144, 999, 999, 14, 999, 95, 999, 999, 63, 1, 175, 999, 999, 999, 143, 2, 47, 12, 96, 999, 7, 999, 112, 127, 48, 207, 160, 999, 11, 111, 176, 159, 4, 191, 32, 999, 198, 57, 21, 164, 194, 157, 165, 125, 199, 56, 999, 89, 999, 141, 186, 146, 99, 174, 151, 109, 115, 49, 73, 98, 193, 202, 131, 90, 169, 999, 182, 150, 168, 162, 158, 163, 153, 152, 91, 999, 999, 201, 35, 200, 195, 179, 25, 154, 999, 76, 37, 133, 185, 30, 94, 142, 999, 149, 70, 161, 122, 34, 19, 132, 999, 148, 126, 147, 184, 20, 155, 206, 93, 121, 71, 77, 67, 180, 999, 24, 999, 999, 78, 33, 40, 181, 124, 52, 97, 156, 114, 66, 84, 50, 999, 999, 105, 68, 197, 85, 999, 123, 83, 999, 39, 138, 55, 999, 100, 101, 61, 120, 75, 196, 104, 188, 999, 62, 170, 204, 172, 45, 189, 119, 187, 999, 88, 173, 60, 117, 118, 999, 110, 58, 92, 130, 42, 999, 139, 36, 171, 51, 46, 26, 190, 103, 135, 44, 81, 54, 999, 999, 183, 53, 23, 22, 140, 999, 102, 107, 136, 108, 82, 29, 166, 999, 999, 65, 106, 999, 999, 86, 18, 167, 72, 41, 38, 203, 28, 59, 17, 137, 129, 134, 999, 27, 145, 177, 74, 116, 178, 113, 205, 69, 43, 87, 0, 0, 0, 2, 1, 0, 0, 3, 2, 3, 0, 0, 0, 3, 0, 1, 3, 1, 3, 3, 3, 0, 2, 0, 0, 0, 0, 2, 0, 2, 0, 0, 1, 0, 0, 0, 0, 0, 3, 2, 3, 1, 3, 0, 0, 0, 2, 3, 0, 3, 2, 0, 2, 2, 0, 1, 1, 3, 3, 0, 0, 3, 3, 1, 3, 1, 0, 3, 0, 2, 0, 3, 0, 2, 1, 1, 1, 1, 1, 0, 0, 3, 1, 2, 3, 0, 0, 3, 1, 0, 1, 1, 1, 3, 0, 2, 2, 3, 3, 0, 0, 1, 3, 2, 0, 1, 1, 3, 0, 1, 0, 3, 3, 3, 1, 1, 0, 3, 3, 2, 1, 0, 0, 0, 0, 1, 3, 0, 3, 1, 2, 2, 0, 3, 2, 1, 2, 3, 0, 3, 0, 0, 1, 3, 3, 3, 2, 2, 1, 0, 3, 3, 1, 0, 0, 0, 2, 1, 3, 2, 0, 1, 0, 0, 3, 1, 1, 0, 1, 1, 0, 0, 0, 1, 1, 0, 0, 1, 2, 3, 1, 1, 0, 3, 2, 0, 1, 1, 3, 2, 1, 0, 0, 2, 0, 0, 3, 0, 1, 1, 2, 3, 3, 1, 2, 1, 0, 0, 3, 3, 0, 0, 0, 3, 0, 0, 1, 0, 3, 0, 0, 0, 3, 2, 3, 0, 0, 2, 2, 0, 0, 0, 2, 1, 3, 0, 3, 2, 0, 3, 3, 3, 2, 1, 0, 0, 1, 1, 0, 0, 0, 3, 2, 1, 2, 2
RUN_2026-06-19_lowB_baselines_r5c539, 4, 999, 999, 0, 15, 5, 9, 8, 192, 13, 128, 999, 999, 999, 6, 999, 79, 3, 64, 16, 80, 31, 999, 10, 999, 144, 999, 999, 14, 999, 95, 999, 999, 63, 1, 175, 999, 999, 999, 143, 2, 47, 12, 96, 999, 7, 999, 112, 127, 48, 207, 160, 999, 11, 111, 176, 159, 4, 191, 32, 999, 198, 57, 21, 164, 194, 157, 165, 125, 199, 56, 999, 89, 999, 141, 186, 146, 99, 174, 151, 109, 115, 49, 73, 98, 193, 202, 131, 90, 169, 999, 182, 150, 168, 162, 158, 163, 153, 152, 91, 999, 999, 999, 35, 200, 195, 179, 25, 154, 999, 76, 37, 133, 185, 30, 94, 142, 999, 149, 70, 161, 122, 34, 19, 132, 201, 148, 126, 147, 184, 20, 155, 206, 93, 121, 71, 77, 67, 180, 999, 24, 999, 999, 78, 33, 40, 181, 124, 52, 97, 156, 114, 66, 84, 50, 999, 999, 105, 68, 197, 85, 999, 123, 83, 999, 39, 138, 55, 999, 100, 101, 61, 120, 75, 196, 104, 188, 999, 62, 170, 204, 172, 45, 189, 119, 187, 999, 88, 173, 60, 117, 118, 999, 110, 58, 92, 130, 42, 999, 139, 36, 171, 51, 46, 26, 190, 103, 135, 44, 81, 54, 999, 999, 183, 53, 23, 22, 140, 999, 102, 107, 136, 108, 82, 29, 166, 999, 999, 65, 106, 999, 999, 86, 18, 167, 72, 41, 38, 203, 28, 59, 17, 137, 129, 134, 999, 27, 145, 177, 74, 116, 178, 113, 205, 69, 43, 87, 0, 0, 0, 2, 1, 0, 0, 3, 2, 3, 0, 0, 0, 3, 0, 1, 3, 1, 3, 3, 3, 0, 2, 0, 0, 0, 0, 2, 0, 2, 0, 0, 1, 0, 0, 0, 0, 0, 3, 2, 3, 1, 3, 0, 0, 0, 2, 3, 0, 3, 2, 0, 2, 2, 0, 1, 1, 3, 3, 0, 0, 3, 3, 1, 3, 1, 0, 3, 0, 2, 0, 3, 0, 2, 1, 1, 1, 1, 1, 0, 0, 3, 1, 2, 3, 0, 0, 3, 1, 0, 1, 1, 1, 3, 0, 2, 2, 3, 3, 0, 0, 0, 3, 2, 0, 1, 1, 3, 0, 1, 0, 3, 3, 3, 1, 1, 0, 3, 3, 2, 1, 0, 0, 0, 2, 1, 3, 0, 3, 1, 2, 2, 0, 3, 2, 1, 2, 3, 0, 3, 0, 0, 1, 3, 3, 3, 2, 2, 1, 0, 3, 3, 1, 0, 0, 0, 2, 1, 3, 2, 0, 1, 0, 0, 3, 1, 1, 0, 1, 1, 0, 0, 0, 1, 1, 0, 0, 1, 2, 3, 1, 1, 0, 3, 2, 0, 1, 1, 3, 2, 1, 0, 0, 2, 0, 0, 3, 0, 1, 1, 2, 3, 3, 1, 2, 1, 0, 0, 3, 3, 0, 0, 0, 3, 0, 0, 1, 0, 3, 0, 0, 0, 3, 2, 3, 0, 0, 2, 2, 0, 0, 0, 2, 1, 3, 0, 3, 2, 0, 3, 3, 3, 2, 1, 0, 0, 1, 1, 0, 0, 0, 3, 2, 1, 2, 2
RUN_2026-06-19_lowB_baselines_r5c539, 5, 999, 999, 0, 15, 5, 9, 8, 999, 13, 128, 999, 999, 999, 6, 999, 79, 3, 64, 16, 80, 31, 999, 10, 999, 144, 999, 999, 14, 999, 95, 999, 999, 63, 1, 175, 999, 999, 192, 143, 2, 47, 12, 96, 999, 7, 999, 112, 127, 48, 207, 160, 999, 11, 111, 176, 159, 4, 191, 32, 999, 198, 57, 21, 164, 999, 157, 165, 125, 199, 56, 999, 89, 999, 141, 186, 146, 99, 174, 151, 109, 115, 49, 73, 98, 999, 202, 131, 90, 169, 999, 182, 150, 168, 162, 158, 163, 153, 152, 91, 999, 999, 201, 35, 200, 195, 179, 25, 154, 999, 76, 37, 133, 185, 30, 94, 142, 999, 149, 70, 161, 122, 34, 19, 132, 999, 148, 126, 147, 184, 20, 155, 206, 93, 121, 71, 77, 67, 180, 999, 24, 999, 999, 78, 33, 40, 181, 124, 52, 97, 156, 114, 66, 84, 50, 999, 999, 105, 68, 197, 85, 999, 123, 83, 194, 39, 138, 55, 999, 100, 101, 61, 120, 75, 196, 104, 188, 999, 62, 170, 204, 172, 45, 189, 119, 187, 999, 88, 173, 60, 117, 118, 999, 110, 58, 92, 130, 42, 999, 139, 36, 171, 51, 46, 26, 190, 103, 135, 44, 81, 54, 999, 999, 183, 53, 23, 22, 140, 193, 102, 107, 136, 108, 82, 29, 166, 999, 999, 65, 106, 999, 999, 86, 18, 167, 72, 41, 38, 203, 28, 59, 17, 137, 129, 134, 999, 27, 145, 177, 74, 116, 178, 113, 205, 69, 43, 87, 0, 0, 0, 2, 1, 0, 0, 0, 2, 3, 0, 0, 0, 3, 0, 1, 3, 1, 3, 3, 3, 0, 2, 0, 0, 0, 0, 2, 0, 2, 0, 0, 1, 0, 0, 0, 0, 0, 3, 2, 3, 1, 3, 0, 0, 0, 2, 3, 0, 3, 2, 0, 2, 2, 0, 1, 1, 3, 3, 0, 0, 3, 3, 1, 0, 1, 0, 3, 0, 2, 0, 3, 0, 2, 1, 1, 1, 1, 1, 0, 0, 3, 1, 2, 0, 0, 0, 3, 1, 0, 1, 1, 1, 3, 0, 2, 2, 3, 3, 0, 0, 1, 3, 2, 0, 1, 1, 3, 0, 1, 0, 3, 3, 3, 1, 1, 0, 3, 3, 2, 1, 0, 0, 0, 0, 1, 3, 0, 3, 1, 2, 2, 0, 3, 2, 1, 2, 3, 0, 3, 0, 0, 1, 3, 3, 3, 2, 2, 1, 0, 3, 3, 1, 0, 0, 0, 2, 1, 3, 2, 0, 1, 0, 1, 3, 1, 1, 0, 1, 1, 0, 0, 0, 1, 1, 0, 0, 1, 2, 3, 1, 1, 0, 3, 2, 0, 1, 1, 3, 2, 1, 0, 0, 2, 0, 0, 3, 0, 1, 1, 2, 3, 3, 1, 2, 1, 0, 0, 3, 3, 0, 0, 0, 3, 0, 0, 1, 1, 3, 0, 0, 0, 3, 2, 3, 0, 0, 2, 2, 0, 0, 0, 2, 1, 3, 0, 3, 2, 0, 3, 3, 3, 2, 1, 0, 0, 1, 1, 0, 0, 0, 3, 2, 1, 2, 2
RUN_2026-06-19_lowB_baselines_r5c539, 6, 999, 999, 0, 15, 5, 9, 8, 999, 13, 128, 999, 999, 192, 6, 999, 79, 3, 64, 16, 80, 31, 999, 10, 999, 144, 999, 999, 14, 999, 95, 999, 999, 63, 1, 175, 999, 999, 999, 143, 2, 47, 12, 96, 999, 7, 999, 112, 127, 48, 207, 160, 999, 11, 111, 176, 159, 4, 191, 32, 999, 198, 57, 21, 164, 194, 157, 165, 125, 199, 56, 999, 89, 999, 141, 186, 146, 99, 174, 151, 109, 115, 49, 73, 98, 999, 193, 131, 90, 169, 999, 182, 150, 168, 162, 158, 163, 153, 152, 91, 999, 999, 201, 35, 200, 195, 179, 25, 154, 999, 76, 37, 133, 185, 30, 94, 142, 999, 149, 70, 161, 122, 34, 19, 132, 999, 148, 126, 147, 184, 20, 155, 206, 93, 121, 71, 77, 67, 180, 999, 24, 999, 999, 78, 33, 40, 181, 124, 52, 97, 156, 114, 66, 84, 50, 999, 999, 105, 68, 197, 85, 999, 123, 83, 999, 39, 138, 55, 999, 100, 101, 61, 120, 75, 196, 104, 188, 999, 62, 170, 204, 172, 45, 189, 119, 187, 999, 88, 173, 60, 117, 118, 999, 110, 58, 92, 130, 42, 999, 139, 36, 171, 51, 46, 26, 190, 103, 135, 44, 81, 54, 999, 999, 183, 53, 23, 22, 140, 202, 102, 107, 136, 108, 82, 29, 166, 999, 999, 65, 106, 999, 999, 86, 18, 167, 72, 41, 38, 203, 28, 59, 17, 137, 129, 134, 999, 27, 145, 177, 74, 116, 178, 113, 205, 69, 43, 87, 0, 0, 0, 2, 1, 0, 0, 0, 2, 3, 0, 0, 3, 3, 0, 1, 3, 1, 3, 3, 3, 0, 2, 0, 0, 0, 0, 2, 0, 2, 0, 0, 1, 0, 0, 0, 0, 0, 3, 2, 3, 1, 3, 0, 0, 0, 2, 3, 0, 3, 2, 0, 2, 2, 0, 1, 1, 3, 3, 0, 0, 3, 3, 1, 3, 1, 0, 3, 0, 2, 0, 3, 0, 2, 1, 1, 1, 1, 1, 0, 0, 3, 1, 2, 0, 1, 0, 3, 1, 0, 1, 1, 1, 3, 0, 2, 2, 3, 3, 0, 0, 2, 3, 2, 0, 1, 1, 3, 0, 1, 0, 3, 3, 3, 1, 1, 0, 3, 3, 2, 1, 0, 0, 0, 0, 1, 3, 0, 3, 1, 2, 2, 0, 3, 2, 1, 2, 3, 0, 3, 0, 0, 1, 3, 3, 3, 2, 2, 1, 0, 3, 3, 1, 0, 0, 0, 2, 1, 3, 2, 0, 1, 0, 0, 3, 1, 1, 0, 1, 1, 0, 0, 0, 1, 1, 0, 0, 1, 2, 3, 1, 1, 0, 3, 2, 0, 1, 1, 3, 2, 1, 0, 0, 2, 0, 0, 3, 0, 1, 1, 2, 3, 3, 1, 2, 1, 0, 0, 3, 3, 0, 0, 0, 3, 0, 0, 1, 2, 3, 0, 0, 0, 3, 2, 3, 0, 0, 2, 2, 0, 0, 0, 2, 1, 3, 0, 3, 2, 0, 3, 3, 3, 2, 1, 0, 0, 1, 1, 0, 0, 0, 3, 2, 1, 2, 2
RUN_2026-06-19_lowB_baselines_r5c539, 7, 999, 999, 0, 15, 5, 9, 8, 192, 13, 128, 999, 999, 999, 6, 999, 79, 3, 64, 16, 80, 31, 999, 10, 999, 144, 999, 999, 14, 999, 95, 999, 999, 63, 1, 175, 999, 999, 999, 143, 2, 47, 12, 96, 999, 7, 999, 112, 127, 48, 207, 160, 999, 11, 111, 176, 159, 4, 191, 32, 999, 198, 57, 21, 164, 194, 157, 165, 125, 199, 56, 999, 89, 999, 141, 186, 146, 99, 174, 151, 109, 115, 49, 73, 98, 193, 202, 131, 90, 169, 999, 182, 150, 168, 162, 158, 163, 153, 152, 91, 999, 201, 999, 35, 200, 195, 179, 25, 154, 999, 76, 37, 133, 185, 30, 94, 142, 999, 149, 70, 161, 122, 34, 19, 132, 999, 148, 126, 147, 184, 20, 155, 206, 93, 121, 71, 77, 67, 180, 999, 24, 999, 999, 78, 33, 40, 181, 124, 52, 97, 156, 114, 66, 84, 50, 999, 999, 105, 68, 197, 85, 999, 123, 83, 999, 39, 138, 55, 999, 100, 101, 61, 120, 75, 196, 104, 188, 999, 62, 170, 204, 172, 45, 189, 119, 187, 999, 88, 173, 60, 117, 118, 999, 110, 58, 92, 130, 42, 999, 139, 36, 171, 51, 46, 26, 190, 103, 135, 44, 81, 54, 999, 999, 183, 53, 23, 22, 140, 999, 102, 107, 136, 108, 82, 29, 166, 999, 999, 65, 106, 999, 999, 86, 18, 167, 72, 41, 38, 203, 28, 59, 17, 137, 129, 134, 999, 27, 145, 177, 74, 116, 178, 113, 205, 69, 43, 87, 0, 0, 0, 2, 1, 0, 0, 3, 2, 3, 0, 0, 0, 3, 0, 1, 3, 1, 3, 3, 3, 0, 2, 0, 0, 0, 0, 2, 0, 2, 0, 0, 1, 0, 0, 0, 0, 0, 3, 2, 3, 1, 3, 0, 0, 0, 2, 3, 0, 3, 2, 0, 2, 2, 0, 1, 1, 3, 3, 0, 0, 3, 3, 1, 3, 1, 0, 3, 0, 2, 0, 3, 0, 2, 1, 1, 1, 1, 1, 0, 0, 3, 1, 2, 3, 0, 0, 3, 1, 0, 1, 1, 1, 3, 0, 2, 2, 3, 3, 0, 0, 0, 3, 2, 0, 1, 1, 3, 0, 1, 0, 3, 3, 3, 1, 1, 0, 3, 3, 2, 1, 0, 0, 0, 0, 1, 3, 0, 3, 1, 2, 2, 0, 3, 2, 1, 2, 3, 0, 3, 0, 0, 1, 3, 3, 3, 2, 2, 1, 0, 3, 3, 1, 0, 0, 0, 2, 1, 3, 2, 0, 1, 0, 0, 3, 1, 1, 0, 1, 1, 0, 0, 0, 1, 1, 0, 0, 1, 2, 3, 1, 1, 0, 3, 2, 0, 1, 1, 3, 2, 1, 0, 0, 2, 0, 0, 3, 0, 1, 1, 2, 3, 3, 1, 2, 1, 0, 0, 3, 3, 0, 0, 0, 3, 0, 0, 1, 0, 3, 0, 0, 0, 3, 2, 3, 0, 0, 2, 2, 0, 0, 0, 2, 1, 3, 0, 3, 2, 0, 3, 3, 3, 2, 1, 0, 0, 1, 1, 0, 0, 0, 3, 2, 1, 2, 2
RUN_2026-06-19_lowB_baselines_r5c539, 8, 999, 999, 0, 15, 5, 9, 8, 192, 13, 128, 999, 999, 999, 6, 999, 79, 3, 64, 16, 80, 31, 999, 10, 999, 144, 999, 999, 14, 999, 95, 999, 999, 63, 1, 175, 999, 999, 999, 143, 2, 47, 12, 96, 999, 7, 999, 112, 127, 48, 207, 160, 999, 11, 111, 176, 159, 4, 191, 32, 999, 198, 57, 21, 164, 194, 157, 165, 125, 199, 56, 999, 89, 999, 141, 186, 146, 99, 174, 151, 109, 115, 49, 73, 98, 193, 999, 131, 90, 169, 999, 182, 150, 168, 162, 158, 163, 153, 152, 91, 999, 999, 201, 35, 200, 195, 179, 25, 154, 999, 76, 37, 133, 185, 30, 94, 142, 999, 149, 70, 161, 122, 34, 19, 132, 999, 148, 126, 147, 184, 20, 155, 206, 93, 121, 71, 77, 67, 180, 999, 24, 999, 999, 78, 33, 40, 181, 124, 52, 97, 156, 114, 66, 84, 50, 999, 999, 105, 68, 197, 85, 999, 123, 83, 999, 39, 138, 55, 999, 100, 101, 61, 120, 75, 196, 104, 188, 999, 62, 170, 204, 172, 45, 189, 119, 187, 999, 88, 173, 60, 117, 118, 999, 110, 58, 92, 130, 42, 999, 139, 36, 171, 51, 46, 26, 190, 103, 135, 44, 81, 54, 999, 999, 183, 53, 23, 22, 140, 202, 102, 107, 136, 108, 82, 29, 166, 999, 999, 65, 106, 999, 999, 86, 18, 167, 72, 41, 38, 203, 28, 59, 17, 137, 129, 134, 999, 27, 145, 177, 74, 116, 178, 113, 205, 69, 43, 87, 0, 0, 0, 2, 1, 0, 0, 3, 2, 3, 0, 0, 0, 3, 0, 1, 3, 1, 3, 3, 3, 0, 2, 0, 0, 0, 0, 2, 0, 2, 0, 0, 1, 0, 0, 0, 0, 0, 3, 2, 3, 1, 3, 0, 0, 0, 2, 3, 0, 3, 2, 0, 2, 2, 0, 1, 1, 3, 3, 0, 0, 3, 3, 1, 3, 1, 0, 3, 0, 2, 0, 3, 0, 2, 1, 1, 1, 1, 1, 0, 0, 3, 1, 2, 3, 0, 0, 3, 1, 0, 1, 1, 1, 3, 0, 2, 2, 3, 3, 0, 0, 2, 3, 2, 0, 1, 1, 3, 0, 1, 0, 3, 3, 3, 1, 1, 0, 3, 3, 2, 1, 0, 0, 0, 0, 1, 3, 0, 3, 1, 2, 2, 0, 3, 2, 1, 2, 3, 0, 3, 0, 0, 1, 3, 3, 3, 2, 2, 1, 0, 3, 3, 1, 0, 0, 0, 2, 1, 3, 2, 0, 1, 0, 0, 3, 1, 1, 0, 1, 1, 0, 0, 0, 1, 1, 0, 0, 1, 2, 3, 1, 1, 0, 3, 2, 0, 1, 1, 3, 2, 1, 0, 0, 2, 0, 0, 3, 0, 1, 1, 2, 3, 3, 1, 2, 1, 0, 0, 3, 3, 0, 0, 0, 3, 0, 0, 1, 2, 3, 0, 0, 0, 3, 2, 3, 0, 0, 2, 2, 0, 0, 0, 2, 1, 3, 0, 3, 2, 0, 3, 3, 3, 2, 1, 0, 0, 1, 1, 0, 0, 0, 3, 2, 1, 2, 2
RUN_2026-06-19_lowB_baselines_r5c760, 9, 999, 999, 0, 15, 7, 4, 3, 999, 13, 999, 207, 96, 144, 8, 112, 999, 5, 64, 16, 999, 31, 191, 10, 999, 999, 175, 999, 14, 999, 999, 999, 999, 999, 1, 143, 999, 999, 192, 63, 9, 127, 2, 80, 999, 12, 95, 47, 111, 999, 160, 32, 999, 11, 79, 48, 159, 6, 176, 128, 999, 23, 195, 131, 180, 141, 164, 999, 167, 179, 27, 194, 138, 170, 57, 169, 58, 174, 125, 204, 196, 130, 165, 41, 82, 999, 26, 202, 166, 83, 154, 999, 999, 25, 24, 122, 197, 188, 198, 999, 123, 190, 161, 187, 189, 135, 178, 74, 206, 90, 113, 33, 999, 999, 30, 162, 999, 186, 173, 203, 119, 999, 94, 56, 134, 44, 171, 177, 20, 28, 147, 999, 132, 110, 999, 72, 118, 137, 205, 183, 151, 105, 999, 34, 182, 157, 121, 108, 70, 92, 89, 61, 54, 62, 50, 140, 88, 999, 146, 39, 181, 999, 999, 81, 124, 85, 40, 101, 999, 98, 84, 999, 35, 114, 150, 78, 52, 199, 106, 68, 22, 19, 75, 37, 193, 53, 59, 36, 21, 126, 156, 69, 116, 49, 91, 107, 999, 163, 46, 999, 120, 148, 999, 129, 104, 86, 71, 109, 65, 73, 999, 93, 117, 43, 133, 66, 999, 115, 149, 999, 142, 102, 185, 184, 153, 29, 100, 152, 158, 139, 38, 168, 97, 99, 51, 999, 136, 999, 999, 45, 201, 55, 172, 76, 17, 999, 87, 77, 42, 200, 18, 67, 60, 145, 155, 999, 103, 0, 0, 0, 2, 1, 0, 0, 0, 2, 0, 3, 0, 3, 3, 2, 0, 3, 1, 3, 0, 3, 1, 2, 0, 0, 0, 0, 2, 0, 0, 0, 0, 0, 0, 0, 0, 0, 0, 3, 2, 3, 1, 3, 0, 0, 2, 0, 3, 0, 1, 2, 0, 2, 2, 0, 1, 1, 1, 3, 0, 0, 0, 2, 2, 0, 3, 0, 2, 3, 0, 0, 0, 3, 1, 0, 2, 3, 3, 2, 2, 3, 1, 1, 2, 0, 1, 2, 1, 1, 1, 0, 0, 2, 2, 3, 2, 1, 1, 0, 3, 0, 1, 3, 2, 3, 3, 3, 2, 2, 3, 3, 0, 0, 3, 0, 0, 2, 3, 0, 2, 0, 1, 0, 0, 3, 0, 1, 3, 3, 0, 0, 0, 3, 0, 3, 3, 0, 1, 2, 1, 2, 0, 2, 3, 3, 3, 1, 0, 2, 2, 3, 0, 3, 1, 2, 1, 0, 1, 3, 3, 0, 0, 1, 0, 3, 2, 1, 0, 2, 1, 0, 3, 2, 2, 1, 2, 3, 2, 3, 2, 3, 2, 3, 3, 0, 0, 1, 1, 1, 2, 2, 0, 2, 1, 3, 0, 0, 3, 0, 0, 2, 0, 3, 1, 2, 2, 1, 3, 0, 0, 3, 2, 3, 2, 1, 0, 3, 2, 0, 3, 0, 1, 3, 0, 1, 0, 0, 1, 0, 3, 1, 2, 0, 1, 0, 0, 0, 0, 0, 0, 3, 1, 2, 3, 0, 1, 3, 3, 0, 1, 0, 3, 1, 1, 0, 0
RUN_2026-06-19_lowB_baselines_r5c593, 10, 999, 999, 0, 15, 12, 9, 6, 96, 13, 999, 32, 63, 144, 7, 999, 175, 10, 999, 16, 31, 111, 47, 3, 999, 48, 999, 999, 14, 999, 999, 999, 999, 64, 1, 999, 191, 160, 999, 127, 2, 207, 5, 95, 999, 8, 79, 192, 176, 999, 999, 999, 112, 4, 999, 143, 999, 11, 128, 159, 80, 999, 171, 999, 199, 136, 999, 155, 183, 65, 172, 84, 187, 131, 188, 115, 132, 999, 177, 114, 93, 109, 198, 149, 135, 999, 82, 203, 83, 170, 999, 150, 90, 28, 180, 193, 999, 106, 81, 181, 197, 999, 103, 125, 124, 104, 195, 118, 25, 999, 69, 19, 78, 51, 140, 68, 52, 126, 35, 98, 189, 141, 97, 194, 999, 102, 30, 999, 101, 87, 999, 117, 999, 77, 142, 173, 154, 999, 123, 169, 134, 152, 185, 137, 182, 122, 66, 186, 156, 161, 168, 44, 139, 45, 174, 38, 121, 120, 67, 999, 999, 22, 999, 184, 110, 157, 165, 55, 151, 34, 71, 113, 158, 33, 167, 24, 107, 133, 145, 116, 129, 153, 201, 205, 20, 148, 164, 75, 58, 59, 85, 57, 26, 999, 46, 76, 108, 999, 62, 204, 100, 999, 138, 74, 166, 99, 92, 39, 86, 89, 54, 94, 130, 999, 73, 60, 196, 50, 146, 36, 56, 40, 999, 202, 999, 88, 70, 53, 29, 999, 72, 999, 163, 206, 999, 37, 178, 43, 119, 21, 18, 91, 179, 42, 17, 61, 23, 49, 162, 41, 999, 105, 147, 27, 999, 190, 200, 0, 0, 0, 2, 1, 0, 0, 3, 2, 0, 1, 2, 3, 3, 0, 1, 3, 0, 3, 1, 3, 1, 2, 0, 0, 0, 0, 2, 0, 0, 0, 0, 3, 0, 0, 0, 2, 0, 3, 2, 3, 1, 1, 0, 0, 2, 2, 1, 0, 0, 0, 2, 2, 0, 2, 0, 1, 1, 1, 0, 0, 0, 0, 2, 3, 0, 3, 1, 3, 3, 2, 0, 1, 0, 2, 2, 0, 3, 3, 0, 2, 3, 2, 2, 0, 1, 0, 1, 3, 0, 2, 2, 0, 0, 2, 0, 3, 2, 3, 1, 0, 3, 2, 3, 3, 2, 0, 2, 0, 3, 2, 3, 2, 3, 3, 0, 3, 1, 1, 3, 2, 0, 3, 0, 2, 2, 0, 0, 3, 0, 0, 0, 0, 2, 1, 3, 0, 1, 1, 2, 0, 0, 3, 3, 2, 0, 2, 3, 3, 0, 3, 2, 3, 2, 1, 1, 2, 0, 0, 0, 1, 0, 3, 3, 2, 1, 3, 3, 3, 2, 3, 3, 3, 2, 0, 2, 0, 3, 0, 3, 3, 3, 2, 2, 0, 1, 3, 0, 0, 1, 3, 2, 0, 1, 0, 2, 0, 3, 3, 3, 0, 2, 0, 2, 0, 1, 0, 3, 1, 1, 0, 0, 0, 0, 1, 0, 3, 2, 1, 0, 0, 0, 2, 0, 1, 1, 0, 1, 0, 3, 0, 3, 0, 0, 1, 1, 3, 1, 0, 2, 2, 0, 1, 3, 1, 1, 1, 0, 1, 0, 3, 2, 3, 0, 2, 2
RUN_2026-06-19_lowB_baselines_r5c593, 11, 999, 999, 0, 15, 12, 9, 6, 96, 13, 999, 32, 63, 144, 7, 999, 175, 10, 999, 16, 31, 111, 47, 3, 999, 48, 999, 999, 14, 999, 999, 999, 999, 64, 1, 999, 191, 160, 999, 127, 2, 207, 5, 95, 999, 8, 79, 192, 176, 999, 999, 999, 112, 4, 999, 143, 999, 11, 128, 159, 80, 999, 171, 999, 199, 136, 999, 155, 183, 65, 172, 84, 187, 131, 188, 115, 132, 999, 177, 114, 93, 109, 198, 149, 135, 999, 82, 203, 83, 170, 999, 150, 90, 28, 180, 193, 999, 106, 81, 181, 197, 999, 103, 125, 124, 104, 195, 118, 25, 999, 69, 19, 78, 51, 140, 68, 52, 126, 35, 98, 189, 141, 97, 194, 999, 102, 30, 999, 101, 87, 999, 117, 999, 77, 142, 173, 154, 999, 123, 169, 134, 152, 185, 137, 182, 122, 66, 186, 156, 161, 168, 44, 139, 45, 174, 38, 121, 120, 67, 999, 999, 22, 999, 184, 110, 157, 165, 55, 151, 34, 71, 113, 158, 33, 167, 24, 107, 133, 145, 116, 129, 153, 201, 205, 20, 148, 164, 75, 58, 59, 85, 57, 26, 999, 46, 76, 108, 999, 62, 204, 100, 999, 138, 74, 166, 99, 92, 39, 86, 89, 54, 94, 130, 999, 73, 60, 196, 50, 146, 36, 56, 40, 999, 999, 999, 88, 70, 53, 29, 999, 72, 202, 163, 206, 999, 37, 178, 43, 119, 21, 18, 91, 179, 42, 17, 61, 23, 49, 162, 41, 999, 105, 147, 27, 999, 190, 200, 0, 0, 0, 2, 1, 0, 0, 3, 2, 0, 1, 2, 3, 3, 0, 1, 3, 0, 3, 1, 3, 1, 2, 0, 0, 0, 0, 2, 0, 0, 0, 0, 3, 0, 0, 0, 2, 0, 3, 2, 3, 1, 1, 0, 0, 2, 2, 1, 0, 0, 0, 2, 2, 0, 2, 0, 1, 1, 1, 0, 0, 0, 0, 2, 3, 0, 3, 1, 3, 3, 2, 0, 1, 0, 2, 2, 0, 3, 3, 0, 2, 3, 2, 2, 0, 1, 0, 1, 3, 0, 2, 2, 0, 0, 2, 0, 3, 2, 3, 1, 0, 3, 2, 3, 3, 2, 0, 2, 0, 3, 2, 3, 2, 3, 3, 0, 3, 1, 1, 3, 2, 0, 3, 0, 2, 2, 0, 0, 3, 0, 0, 0, 0, 2, 1, 3, 0, 1, 1, 2, 0, 0, 3, 3, 2, 0, 2, 3, 3, 0, 3, 2, 3, 2, 1, 1, 2, 0, 0, 0, 1, 0, 3, 3, 2, 1, 3, 3, 3, 2, 3, 3, 3, 2, 0, 2, 0, 3, 0, 3, 3, 3, 2, 2, 0, 1, 3, 0, 0, 1, 3, 2, 0, 1, 0, 2, 0, 3, 3, 3, 0, 2, 0, 2, 0, 1, 0, 3, 1, 1, 0, 0, 0, 0, 1, 0, 3, 2, 1, 0, 0, 0, 0, 0, 1, 1, 0, 1, 0, 3, 2, 3, 0, 0, 1, 1, 3, 1, 0, 2, 2, 0, 1, 3, 1, 1, 1, 0, 1, 0, 3, 2, 3, 0, 2, 2
RUN_2026-06-19_lowB_baselines_r5c611, 12, 999, 999, 0, 15, 12, 6, 11, 64, 13, 999, 112, 999, 999, 9, 999, 175, 7, 32, 96, 144, 31, 80, 3, 128, 999, 999, 999, 14, 999, 191, 160, 176, 999, 1, 95, 143, 999, 999, 63, 2, 192, 10, 159, 127, 5, 47, 999, 999, 999, 999, 16, 999, 4, 111, 999, 79, 8, 999, 48, 207, 194, 20, 140, 163, 999, 91, 43, 164, 90, 83, 123, 204, 67, 999, 104, 162, 999, 139, 999, 999, 193, 180, 105, 107, 19, 999, 76, 36, 27, 28, 199, 999, 56, 179, 999, 52, 999, 77, 195, 40, 22, 156, 141, 93, 178, 137, 17, 121, 62, 23, 113, 154, 153, 30, 168, 134, 169, 999, 94, 999, 21, 129, 46, 177, 135, 198, 131, 109, 157, 155, 132, 133, 24, 44, 206, 115, 183, 201, 202, 200, 33, 65, 184, 34, 174, 42, 999, 999, 102, 181, 72, 74, 73, 41, 999, 97, 89, 98, 103, 49, 203, 147, 88, 999, 122, 66, 999, 126, 18, 61, 148, 186, 145, 87, 110, 999, 92, 136, 50, 187, 185, 182, 999, 170, 150, 151, 149, 25, 84, 999, 158, 161, 188, 68, 117, 26, 165, 999, 114, 138, 171, 75, 39, 55, 82, 35, 53, 59, 120, 58, 99, 100, 173, 124, 60, 69, 86, 108, 205, 142, 999, 116, 166, 167, 29, 45, 118, 106, 119, 152, 999, 172, 125, 57, 190, 999, 197, 38, 85, 146, 70, 189, 999, 999, 37, 54, 51, 999, 81, 101, 196, 71, 78, 130, 999, 999, 0, 0, 0, 2, 1, 0, 0, 3, 2, 0, 1, 0, 0, 3, 0, 1, 3, 1, 3, 3, 3, 3, 2, 2, 0, 0, 0, 2, 0, 2, 0, 2, 0, 0, 0, 0, 0, 0, 3, 2, 1, 1, 1, 0, 0, 2, 0, 0, 0, 0, 2, 0, 2, 2, 0, 1, 1, 0, 3, 2, 2, 3, 2, 3, 0, 0, 1, 2, 2, 1, 3, 0, 2, 0, 0, 0, 0, 2, 0, 0, 3, 3, 0, 3, 3, 0, 1, 2, 0, 1, 3, 0, 0, 0, 0, 1, 0, 1, 2, 2, 1, 2, 2, 3, 3, 3, 0, 0, 2, 1, 2, 3, 2, 3, 3, 2, 0, 0, 1, 0, 3, 3, 0, 0, 2, 0, 1, 3, 1, 1, 0, 0, 2, 1, 1, 0, 1, 0, 1, 3, 1, 3, 3, 0, 0, 2, 0, 0, 1, 2, 3, 0, 3, 2, 0, 1, 1, 0, 2, 1, 0, 2, 1, 0, 0, 2, 0, 2, 1, 3, 2, 1, 2, 3, 1, 0, 0, 0, 3, 0, 1, 2, 0, 0, 3, 0, 2, 2, 1, 0, 0, 3, 0, 1, 1, 1, 3, 0, 1, 0, 3, 0, 1, 3, 3, 3, 1, 3, 1, 0, 0, 2, 0, 2, 1, 1, 3, 0, 2, 1, 0, 1, 1, 1, 1, 2, 1, 0, 2, 3, 0, 0, 3, 2, 0, 0, 1, 3, 1, 0, 0, 2, 0, 0, 3, 2, 3, 0, 3, 2, 1, 3, 3, 1, 0, 0
RUN_2026-06-19_lowB_baselines_r5c611, 13, 999, 999, 0, 15, 12, 6, 11, 64, 13, 999, 112, 999, 999, 9, 999, 175, 7, 32, 96, 144, 31, 80, 3, 128, 999, 999, 999, 14, 999, 191, 160, 176, 999, 1, 95, 143, 999, 999, 63, 2, 192, 10, 159, 127, 5, 47, 999, 999, 999, 999, 16, 999, 4, 111, 999, 79, 8, 999, 48, 207, 194, 20, 140, 163, 999, 91, 43, 164, 90, 83, 123, 204, 67, 999, 104, 162, 999, 139, 999, 999, 193, 180, 105, 107, 19, 999, 76, 36, 27, 28, 999, 999, 56, 179, 999, 52, 999, 77, 195, 40, 22, 156, 141, 93, 178, 137, 17, 121, 62, 23, 113, 154, 153, 30, 168, 134, 169, 999, 94, 198, 21, 129, 46, 177, 135, 999, 131, 109, 157, 155, 132, 133, 24, 44, 206, 115, 183, 200, 202, 201, 33, 65, 184, 34, 174, 42, 199, 999, 102, 181, 72, 74, 73, 41, 999, 97, 89, 98, 103, 49, 203, 147, 88, 999, 122, 66, 999, 126, 18, 61, 148, 186, 145, 87, 110, 999, 92, 136, 50, 187, 185, 182, 999, 170, 150, 151, 149, 25, 84, 999, 158, 161, 188, 68, 117, 26, 165, 999, 114, 138, 171, 75, 39, 55, 82, 35, 53, 59, 120, 58, 99, 100, 173, 124, 60, 69, 86, 108, 205, 142, 999, 116, 166, 167, 29, 45, 118, 106, 119, 152, 999, 172, 125, 57, 190, 999, 197, 38, 85, 146, 70, 189, 999, 999, 37, 54, 51, 999, 81, 101, 196, 71, 78, 130, 999, 999, 0, 0, 0, 2, 1, 0, 0, 3, 2, 0, 1, 0, 0, 3, 0, 1, 3, 1, 3, 3, 3, 3, 2, 2, 0, 0, 0, 2, 0, 2, 0, 2, 0, 0, 0, 0, 0, 0, 3, 2, 1, 1, 1, 0, 0, 2, 0, 0, 0, 0, 2, 0, 2, 2, 0, 1, 1, 0, 3, 2, 2, 3, 2, 3, 0, 0, 1, 2, 2, 1, 3, 0, 2, 0, 0, 0, 0, 2, 0, 0, 3, 3, 0, 3, 3, 0, 1, 2, 0, 1, 0, 0, 0, 0, 0, 1, 0, 1, 2, 2, 1, 2, 2, 3, 3, 3, 0, 0, 2, 1, 2, 3, 2, 3, 3, 2, 0, 0, 1, 3, 3, 3, 0, 0, 2, 0, 1, 3, 1, 1, 0, 0, 2, 1, 1, 0, 1, 1, 1, 2, 1, 3, 3, 0, 0, 2, 1, 0, 1, 2, 3, 0, 3, 2, 0, 1, 1, 0, 2, 1, 0, 2, 1, 0, 0, 2, 0, 2, 1, 3, 2, 1, 2, 3, 1, 0, 0, 0, 3, 0, 1, 2, 0, 0, 3, 0, 2, 2, 1, 0, 0, 3, 0, 1, 1, 1, 3, 0, 1, 0, 3, 0, 1, 3, 3, 3, 1, 3, 1, 0, 0, 2, 0, 2, 1, 1, 3, 0, 2, 1, 0, 1, 1, 1, 1, 2, 1, 0, 2, 3, 0, 0, 3, 2, 0, 0, 1, 3, 1, 0, 0, 2, 0, 0, 3, 2, 3, 0, 3, 2, 1, 3, 3, 1, 0, 0
RUN_2026-06-19_lowB_baselines_r6c890, 0, 15, 999, 0, 999, 160, 9, 999, 3, 96, 999, 144, 11, 143, 999, 112, 48, 999, 207, 128, 999, 6, 2, 999, 999, 10, 16, 32, 31, 999, 999, 64, 80, 1, 47, 192, 111, 127, 175, 12, 999, 95, 999, 999, 999, 8, 63, 7, 79, 13, 999, 5, 14, 159, 999, 999, 999, 176, 4, 191, 999, 116, 141, 100, 89, 125, 140, 161, 183, 17, 999, 77, 33, 97, 999, 29, 156, 65, 78, 105, 194, 172, 181, 186, 182, 118, 142, 76, 81, 62, 57, 999, 102, 56, 165, 117, 999, 999, 73, 195, 124, 999, 151, 152, 999, 145, 30, 206, 113, 84, 101, 135, 25, 59, 51, 21, 150, 83, 205, 200, 45, 98, 41, 189, 153, 61, 190, 999, 82, 58, 42, 50, 136, 999, 999, 99, 999, 999, 19, 162, 85, 999, 999, 146, 202, 197, 126, 999, 204, 171, 49, 86, 170, 139, 999, 201, 199, 90, 178, 173, 203, 177, 109, 132, 35, 24, 40, 69, 134, 999, 129, 179, 123, 999, 167, 115, 157, 163, 23, 46, 193, 20, 122, 188, 74, 55, 999, 164, 104, 93, 37, 999, 52, 114, 71, 119, 999, 70, 38, 54, 88, 196, 999, 120, 999, 75, 34, 999, 67, 174, 94, 999, 68, 187, 999, 87, 18, 53, 147, 106, 110, 131, 999, 138, 28, 107, 168, 158, 133, 169, 184, 166, 130, 66, 180, 198, 121, 155, 39, 92, 999, 26, 72, 148, 27, 154, 44, 91, 149, 137, 43, 185, 22, 60, 36, 108, 103, 0, 0, 0, 0, 0, 0, 0, 0, 1, 0, 1, 1, 1, 0, 2, 3, 0, 3, 3, 0, 2, 0, 0, 0, 1, 2, 3, 3, 0, 0, 0, 2, 0, 1, 2, 0, 0, 2, 2, 0, 3, 0, 0, 0, 0, 2, 3, 3, 1, 0, 3, 3, 3, 0, 0, 0, 0, 2, 1, 0, 0, 1, 1, 0, 2, 1, 0, 2, 0, 0, 2, 1, 0, 0, 3, 1, 0, 1, 2, 3, 2, 0, 3, 2, 2, 3, 1, 0, 0, 0, 0, 2, 1, 1, 1, 0, 0, 0, 3, 2, 0, 2, 0, 0, 2, 0, 0, 1, 0, 3, 2, 0, 0, 2, 2, 2, 3, 2, 0, 1, 2, 0, 3, 2, 3, 1, 0, 1, 2, 3, 0, 3, 0, 0, 3, 0, 0, 1, 0, 2, 0, 0, 3, 0, 3, 0, 0, 3, 3, 2, 1, 3, 1, 0, 2, 0, 1, 1, 2, 0, 3, 2, 0, 0, 0, 0, 3, 2, 0, 2, 2, 3, 0, 3, 0, 2, 2, 0, 1, 1, 2, 0, 1, 0, 1, 0, 3, 1, 3, 2, 0, 1, 2, 2, 2, 0, 0, 2, 3, 2, 1, 0, 3, 0, 2, 2, 0, 3, 2, 0, 0, 3, 3, 0, 3, 2, 3, 2, 0, 1, 3, 0, 0, 2, 3, 1, 1, 0, 2, 1, 3, 2, 0, 0, 1, 3, 1, 1, 3, 0, 1, 3, 1, 3, 3, 0, 2, 0, 1, 1, 2, 2, 3, 3, 1, 2
RUN_2026-06-19_lowB_baselines_r6c1049, 1, 15, 999, 0, 999, 176, 6, 999, 11, 999, 207, 999, 3, 999, 160, 191, 48, 80, 999, 999, 175, 7, 2, 999, 999, 10, 159, 47, 143, 31, 95, 999, 999, 1, 63, 999, 32, 192, 144, 8, 96, 127, 999, 16, 79, 5, 112, 4, 999, 13, 999, 9, 14, 128, 111, 999, 999, 999, 12, 64, 999, 106, 999, 146, 999, 181, 90, 162, 91, 135, 204, 57, 163, 36, 165, 177, 89, 130, 202, 147, 34, 136, 122, 98, 999, 138, 46, 107, 35, 61, 29, 75, 158, 114, 45, 188, 161, 88, 999, 201, 58, 999, 172, 108, 92, 78, 142, 126, 43, 190, 100, 156, 999, 41, 125, 148, 68, 109, 145, 25, 999, 84, 40, 149, 118, 62, 155, 150, 93, 22, 151, 171, 139, 101, 59, 117, 999, 121, 169, 54, 999, 105, 153, 30, 77, 999, 86, 999, 180, 164, 49, 87, 193, 206, 85, 999, 999, 199, 120, 154, 178, 170, 119, 55, 197, 168, 27, 166, 999, 50, 38, 195, 44, 174, 999, 200, 137, 53, 999, 999, 999, 194, 39, 124, 999, 52, 999, 65, 999, 66, 205, 102, 152, 69, 70, 999, 74, 196, 157, 187, 103, 189, 81, 26, 140, 179, 999, 72, 133, 17, 67, 56, 167, 141, 203, 115, 185, 999, 116, 23, 33, 182, 71, 999, 24, 132, 129, 18, 20, 82, 28, 113, 19, 51, 21, 94, 83, 99, 97, 131, 42, 104, 999, 73, 37, 60, 198, 183, 184, 999, 173, 110, 123, 999, 186, 134, 76, 0, 0, 0, 0, 0, 0, 0, 0, 0, 1, 0, 1, 0, 2, 0, 3, 2, 0, 0, 1, 2, 0, 0, 0, 1, 0, 1, 3, 1, 2, 0, 0, 0, 1, 0, 2, 2, 0, 2, 1, 3, 0, 3, 0, 0, 0, 3, 0, 1, 0, 3, 3, 1, 2, 0, 0, 0, 2, 3, 0, 0, 0, 3, 0, 0, 3, 0, 3, 2, 1, 0, 2, 3, 2, 2, 2, 0, 0, 0, 3, 1, 2, 3, 0, 2, 1, 3, 3, 2, 1, 1, 1, 0, 1, 0, 2, 0, 0, 1, 3, 0, 2, 0, 3, 0, 0, 0, 0, 3, 1, 2, 0, 0, 0, 3, 3, 0, 2, 2, 0, 2, 0, 1, 2, 1, 2, 2, 2, 1, 3, 0, 3, 2, 2, 0, 0, 0, 0, 3, 0, 2, 0, 1, 2, 0, 2, 0, 1, 3, 2, 1, 1, 2, 2, 0, 0, 0, 3, 2, 3, 2, 2, 3, 0, 2, 3, 1, 0, 3, 0, 3, 3, 0, 0, 3, 2, 0, 0, 0, 0, 0, 0, 1, 0, 3, 0, 1, 0, 0, 1, 1, 0, 3, 2, 0, 0, 3, 2, 3, 2, 2, 1, 0, 3, 3, 0, 2, 2, 3, 3, 2, 1, 0, 1, 3, 1, 0, 1, 0, 3, 1, 2, 0, 1, 2, 3, 2, 0, 3, 3, 1, 3, 0, 3, 0, 2, 1, 1, 1, 2, 2, 0, 2, 0, 1, 1, 1, 0, 0, 2, 1, 1, 0, 2, 0, 2
RUN_2026-06-19_lowB_baselines_r6c1049, 2, 15, 999, 0, 999, 999, 6, 999, 11, 176, 999, 999, 3, 999, 128, 999, 80, 111, 999, 32, 16, 7, 2, 999, 192, 10, 48, 64, 47, 31, 999, 999, 63, 1, 160, 175, 79, 144, 999, 8, 96, 999, 999, 95, 159, 5, 112, 4, 143, 13, 207, 9, 14, 999, 127, 191, 999, 999, 12, 999, 999, 115, 202, 999, 999, 82, 116, 196, 123, 999, 167, 121, 203, 999, 125, 999, 88, 97, 180, 124, 162, 163, 98, 40, 81, 100, 65, 49, 122, 101, 186, 24, 29, 73, 153, 72, 169, 131, 999, 166, 57, 158, 197, 142, 36, 94, 20, 46, 999, 107, 999, 204, 52, 206, 999, 198, 177, 141, 70, 181, 35, 71, 999, 193, 61, 25, 19, 157, 22, 21, 62, 106, 165, 188, 37, 999, 78, 118, 99, 139, 92, 145, 30, 174, 173, 200, 135, 136, 119, 83, 93, 132, 91, 195, 134, 114, 137, 130, 999, 102, 129, 187, 201, 999, 147, 190, 155, 105, 999, 999, 171, 33, 90, 999, 27, 999, 182, 74, 161, 17, 108, 999, 138, 156, 51, 53, 154, 54, 172, 183, 999, 104, 103, 110, 56, 55, 999, 58, 999, 117, 164, 34, 184, 67, 18, 999, 189, 120, 140, 42, 199, 179, 999, 170, 69, 41, 152, 68, 149, 178, 150, 999, 168, 76, 75, 109, 89, 151, 194, 85, 60, 59, 86, 45, 146, 38, 126, 87, 44, 77, 205, 999, 999, 84, 113, 999, 50, 26, 39, 23, 999, 148, 43, 28, 185, 133, 66, 0, 0, 0, 0, 0, 0, 0, 0, 1, 0, 0, 1, 0, 2, 0, 3, 0, 0, 3, 3, 2, 0, 0, 2, 1, 2, 3, 3, 1, 0, 0, 0, 0, 3, 0, 0, 2, 0, 2, 1, 0, 0, 1, 0, 0, 0, 3, 3, 1, 3, 3, 3, 0, 2, 2, 0, 0, 2, 0, 0, 1, 1, 0, 0, 3, 0, 1, 2, 0, 0, 0, 1, 0, 3, 0, 3, 3, 3, 3, 3, 1, 3, 1, 2, 3, 3, 3, 1, 1, 3, 1, 0, 0, 1, 0, 1, 3, 0, 1, 2, 1, 1, 2, 0, 0, 2, 2, 0, 1, 0, 0, 0, 2, 0, 0, 3, 2, 2, 2, 0, 1, 0, 2, 0, 3, 3, 2, 3, 3, 3, 0, 3, 1, 2, 0, 0, 0, 2, 2, 0, 3, 0, 3, 2, 0, 0, 2, 3, 3, 0, 2, 3, 1, 2, 2, 3, 1, 0, 1, 0, 1, 3, 0, 2, 1, 3, 2, 0, 0, 0, 0, 0, 0, 1, 0, 0, 1, 3, 1, 1, 0, 0, 1, 1, 3, 2, 3, 3, 3, 0, 2, 0, 3, 2, 0, 0, 1, 0, 1, 1, 0, 0, 3, 1, 0, 0, 2, 2, 0, 1, 3, 0, 2, 3, 3, 1, 2, 3, 2, 2, 0, 0, 3, 2, 1, 1, 2, 2, 2, 3, 1, 1, 2, 3, 1, 2, 2, 3, 0, 0, 0, 0, 0, 1, 0, 1, 2, 1, 1, 0, 1, 3, 3, 3, 0, 2
RUN_2026-06-19_lowB_baselines_r6c1049, 3, 15, 999, 0, 999, 176, 6, 999, 11, 999, 207, 999, 3, 999, 160, 191, 48, 80, 999, 999, 175, 7, 2, 999, 999, 10, 159, 47, 143, 31, 95, 999, 999, 1, 63, 999, 32, 192, 144, 8, 96, 127, 999, 16, 79, 5, 112, 4, 999, 13, 999, 9, 14, 128, 111, 999, 999, 999, 12, 64, 999, 106, 999, 146, 999, 181, 90, 162, 91, 135, 204, 57, 163, 36, 165, 177, 89, 130, 202, 147, 34, 136, 122, 98, 999, 138, 46, 107, 35, 61, 29, 75, 158, 114, 45, 188, 161, 88, 999, 201, 58, 999, 172, 108, 92, 78, 142, 126, 43, 190, 100, 156, 999, 41, 125, 148, 68, 109, 145, 25, 999, 84, 40, 149, 118, 62, 155, 150, 93, 22, 151, 171, 139, 101, 59, 117, 999, 121, 169, 54, 999, 105, 153, 30, 77, 999, 86, 999, 180, 164, 49, 87, 193, 206, 85, 999, 999, 199, 120, 154, 178, 170, 119, 55, 197, 168, 27, 166, 999, 50, 38, 999, 44, 174, 999, 200, 137, 53, 195, 999, 999, 194, 39, 124, 999, 52, 999, 65, 999, 66, 205, 102, 152, 69, 70, 196, 74, 999, 157, 187, 103, 189, 81, 26, 140, 179, 999, 72, 133, 17, 67, 56, 167, 141, 203, 115, 185, 999, 116, 23, 33, 182, 71, 999, 24, 132, 129, 18, 20, 82, 28, 113, 19, 51, 21, 94, 83, 99, 97, 131, 42, 104, 999, 73, 37, 60, 198, 183, 184, 999, 173, 110, 123, 999, 186, 134, 76, 0, 0, 0, 0, 0, 0, 0, 0, 0, 1, 0, 1, 0, 2, 0, 3, 2, 0, 0, 1, 2, 0, 0, 0, 1, 0, 1, 3, 1, 2, 0, 0, 0, 1, 0, 2, 2, 0, 2, 1, 3, 0, 3, 0, 0, 0, 3, 0, 1, 0, 3, 3, 1, 2, 0, 0, 0, 2, 3, 0, 0, 0, 3, 0, 0, 3, 0, 3, 2, 1, 0, 2, 3, 2, 2, 2, 0, 0, 0, 3, 1, 2, 3, 0, 2, 1, 3, 3, 2, 1, 1, 1, 0, 1, 0, 2, 0, 0, 1, 3, 0, 2, 0, 3, 0, 0, 0, 0, 3, 1, 2, 0, 0, 0, 3, 3, 0, 2, 2, 0, 2, 0, 1, 2, 1, 2, 2, 2, 1, 3, 0, 3, 2, 2, 0, 0, 0, 0, 3, 0, 2, 0, 1, 2, 0, 2, 0, 1, 3, 2, 1, 1, 2, 2, 0, 0, 0, 3, 2, 3, 2, 2, 3, 0, 2, 3, 1, 0, 3, 0, 0, 3, 0, 0, 3, 2, 0, 2, 0, 0, 0, 0, 1, 0, 3, 0, 1, 0, 0, 1, 1, 0, 3, 2, 3, 0, 0, 2, 3, 2, 2, 1, 0, 3, 3, 0, 2, 2, 3, 3, 2, 1, 0, 1, 3, 1, 0, 1, 0, 3, 1, 2, 0, 1, 2, 3, 2, 0, 3, 3, 1, 3, 0, 3, 0, 2, 1, 1, 1, 2, 2, 0, 2, 0, 1, 1, 1, 0, 0, 2, 1, 1, 0, 2, 0, 2
RUN_2026-06-19_lowB_baselines_r6c1049, 4, 15, 999, 0, 999, 999, 6, 999, 11, 176, 999, 999, 3, 999, 128, 999, 80, 111, 999, 32, 16, 7, 2, 999, 192, 10, 48, 64, 47, 31, 999, 999, 63, 1, 160, 175, 79, 144, 999, 8, 96, 999, 999, 95, 159, 5, 112, 4, 143, 13, 207, 9, 14, 999, 127, 191, 999, 999, 12, 999, 999, 115, 202, 999, 999, 82, 116, 196, 123, 999, 167, 121, 203, 999, 125, 199, 88, 97, 180, 124, 162, 163, 98, 40, 81, 100, 65, 49, 122, 101, 186, 24, 29, 73, 153, 72, 169, 131, 999, 166, 57, 158, 197, 142, 36, 94, 20, 46, 999, 107, 999, 204, 52, 206, 999, 198, 177, 141, 70, 181, 35, 71, 999, 193, 61, 25, 19, 157, 22, 21, 62, 106, 165, 188, 37, 999, 78, 118, 99, 139, 92, 145, 30, 174, 173, 200, 135, 136, 119, 83, 93, 132, 91, 195, 134, 114, 137, 130, 999, 102, 129, 187, 201, 999, 147, 190, 155, 105, 999, 999, 171, 33, 90, 999, 27, 999, 182, 74, 161, 17, 108, 999, 138, 156, 51, 53, 154, 54, 172, 183, 999, 104, 103, 110, 56, 55, 999, 58, 999, 117, 164, 34, 184, 67, 18, 999, 189, 120, 140, 42, 999, 179, 999, 170, 69, 41, 152, 68, 149, 178, 150, 999, 168, 76, 75, 109, 89, 151, 194, 85, 60, 59, 86, 45, 146, 38, 126, 87, 44, 77, 205, 999, 999, 84, 113, 999, 50, 26, 39, 23, 999, 148, 43, 28, 185, 133, 66, 0, 0, 0, 0, 0, 0, 0, 0, 1, 0, 0, 1, 0, 2, 0, 3, 0, 0, 3, 3, 2, 0, 0, 2, 1, 2, 3, 3, 1, 0, 0, 0, 0, 3, 0, 0, 2, 0, 2, 1, 0, 0, 1, 0, 0, 0, 3, 3, 1, 3, 3, 3, 0, 2, 2, 0, 0, 2, 0, 0, 1, 1, 0, 0, 3, 0, 1, 2, 0, 0, 0, 1, 0, 3, 3, 3, 3, 3, 3, 3, 1, 3, 1, 2, 3, 3, 3, 1, 1, 3, 1, 0, 0, 1, 0, 1, 3, 0, 1, 2, 1, 1, 2, 0, 0, 2, 2, 0, 1, 0, 0, 0, 2, 0, 0, 3, 2, 2, 2, 0, 1, 0, 2, 0, 3, 3, 2, 3, 3, 3, 0, 3, 1, 2, 0, 0, 0, 2, 2, 0, 3, 0, 3, 2, 0, 0, 2, 3, 3, 0, 2, 3, 1, 2, 2, 3, 1, 0, 1, 0, 1, 3, 0, 2, 1, 3, 2, 0, 0, 0, 0, 0, 0, 1, 0, 0, 1, 3, 1, 1, 0, 0, 1, 1, 3, 2, 3, 3, 3, 0, 2, 0, 3, 2, 0, 0, 1, 0, 1, 1, 0, 0, 3, 1, 0, 0, 2, 2, 0, 0, 3, 0, 2, 3, 3, 1, 2, 3, 2, 2, 0, 0, 3, 2, 1, 1, 2, 2, 2, 3, 1, 1, 2, 3, 1, 2, 2, 3, 0, 0, 0, 0, 0, 1, 0, 1, 2, 1, 1, 0, 1, 3, 3, 3, 0, 2
RUN_2026-06-19_lowB_baselines_r6c823, 5, 15, 999, 0, 999, 176, 6, 999, 3, 999, 999, 999, 10, 999, 160, 999, 48, 112, 159, 999, 128, 7, 2, 999, 999, 5, 16, 32, 80, 47, 999, 64, 31, 1, 111, 207, 63, 192, 79, 11, 143, 999, 999, 144, 191, 9, 999, 8, 127, 13, 999, 4, 14, 999, 175, 999, 96, 999, 12, 999, 95, 33, 29, 78, 17, 999, 98, 202, 30, 49, 150, 18, 88, 181, 999, 177, 201, 198, 206, 45, 89, 190, 46, 999, 180, 163, 162, 166, 999, 999, 99, 157, 178, 168, 156, 147, 152, 62, 68, 999, 52, 131, 999, 186, 102, 155, 999, 148, 999, 83, 999, 164, 187, 154, 72, 999, 81, 20, 999, 22, 94, 56, 103, 121, 115, 24, 77, 118, 55, 38, 39, 71, 120, 67, 25, 999, 130, 188, 101, 195, 82, 171, 179, 66, 104, 57, 189, 999, 999, 138, 70, 86, 193, 196, 41, 999, 91, 107, 137, 69, 172, 999, 87, 65, 100, 85, 92, 34, 194, 59, 999, 126, 19, 93, 119, 149, 75, 999, 117, 110, 170, 999, 999, 199, 125, 60, 97, 136, 200, 999, 999, 134, 109, 183, 122, 141, 114, 84, 146, 999, 61, 140, 28, 76, 113, 73, 51, 999, 43, 203, 54, 182, 124, 173, 151, 999, 161, 135, 74, 58, 27, 35, 123, 999, 42, 197, 158, 205, 106, 44, 26, 167, 50, 185, 169, 174, 184, 132, 90, 145, 142, 105, 999, 204, 108, 53, 21, 139, 165, 133, 129, 37, 23, 116, 153, 40, 36, 0, 0, 0, 0, 0, 0, 0, 0, 0, 0, 0, 1, 0, 2, 0, 3, 2, 3, 0, 3, 2, 0, 0, 0, 1, 2, 3, 1, 1, 0, 0, 0, 0, 1, 0, 0, 2, 2, 2, 3, 0, 0, 3, 0, 0, 0, 3, 3, 1, 0, 3, 3, 0, 2, 0, 3, 0, 2, 0, 2, 2, 1, 3, 1, 0, 2, 0, 2, 1, 3, 2, 3, 3, 0, 2, 0, 0, 1, 3, 1, 0, 3, 0, 2, 2, 2, 0, 0, 0, 0, 2, 0, 0, 0, 0, 3, 1, 2, 0, 2, 1, 0, 1, 3, 3, 0, 3, 0, 2, 0, 0, 3, 2, 2, 0, 0, 1, 0, 2, 3, 1, 2, 1, 1, 0, 3, 1, 0, 2, 3, 0, 2, 1, 1, 0, 3, 0, 2, 3, 3, 0, 0, 3, 1, 3, 0, 0, 0, 3, 2, 3, 1, 3, 3, 0, 2, 2, 2, 0, 1, 0, 3, 1, 1, 1, 0, 0, 3, 2, 0, 0, 0, 1, 0, 2, 0, 0, 3, 1, 2, 0, 0, 0, 3, 3, 2, 0, 0, 0, 0, 2, 0, 0, 2, 2, 2, 0, 0, 0, 3, 1, 3, 1, 2, 2, 1, 0, 2, 1, 0, 2, 3, 1, 1, 0, 3, 0, 2, 3, 1, 0, 2, 0, 3, 0, 2, 1, 3, 3, 0, 1, 2, 3, 2, 3, 0, 3, 0, 3, 3, 0, 0, 3, 3, 2, 1, 3, 0, 0, 0, 2, 2, 3, 2, 3, 0
RUN_2026-06-19_lowB_baselines_r6c823, 6, 15, 999, 0, 999, 176, 6, 999, 3, 999, 999, 999, 10, 999, 160, 999, 48, 112, 159, 999, 128, 7, 2, 999, 999, 5, 16, 32, 80, 47, 999, 64, 31, 1, 111, 207, 63, 999, 79, 11, 143, 999, 999, 144, 191, 9, 999, 8, 127, 13, 999, 4, 14, 999, 175, 999, 96, 192, 12, 999, 95, 33, 29, 78, 17, 999, 98, 202, 30, 49, 150, 18, 88, 181, 999, 177, 201, 999, 206, 45, 89, 190, 46, 999, 180, 163, 162, 166, 999, 999, 99, 157, 178, 168, 156, 147, 152, 62, 68, 999, 52, 131, 999, 186, 102, 155, 999, 148, 999, 83, 999, 164, 187, 154, 72, 999, 81, 20, 999, 22, 94, 56, 103, 121, 115, 24, 77, 118, 55, 38, 39, 71, 120, 67, 25, 999, 130, 188, 101, 195, 82, 171, 179, 66, 104, 57, 189, 999, 999, 138, 70, 86, 999, 196, 41, 999, 91, 107, 137, 69, 172, 999, 87, 65, 100, 85, 92, 34, 194, 59, 999, 126, 19, 93, 119, 149, 75, 999, 117, 110, 170, 999, 999, 999, 125, 60, 97, 136, 200, 199, 999, 134, 109, 183, 122, 141, 114, 84, 146, 999, 61, 140, 28, 76, 113, 73, 51, 198, 43, 203, 54, 182, 124, 173, 151, 999, 161, 135, 74, 58, 27, 35, 123, 197, 42, 193, 158, 205, 106, 44, 26, 167, 50, 185, 169, 174, 184, 132, 90, 145, 142, 105, 999, 204, 108, 53, 21, 139, 165, 133, 129, 37, 23, 116, 153, 40, 36, 0, 0, 0, 0, 0, 0, 0, 0, 0, 0, 0, 1, 0, 2, 0, 3, 2, 3, 0, 3, 2, 0, 0, 0, 1, 2, 3, 1, 1, 0, 0, 0, 0, 1, 0, 0, 0, 2, 2, 3, 0, 0, 3, 0, 0, 0, 3, 3, 1, 0, 3, 3, 0, 2, 0, 3, 0, 2, 0, 2, 2, 1, 3, 1, 0, 2, 0, 2, 1, 3, 2, 3, 3, 0, 2, 0, 0, 1, 3, 1, 0, 3, 0, 2, 2, 2, 0, 0, 0, 0, 2, 0, 0, 0, 0, 3, 1, 2, 0, 2, 1, 0, 1, 3, 3, 0, 3, 0, 2, 0, 0, 3, 2, 2, 0, 0, 1, 0, 2, 3, 1, 2, 1, 1, 0, 3, 1, 0, 2, 3, 0, 2, 1, 1, 0, 3, 0, 2, 3, 3, 0, 0, 3, 1, 3, 0, 0, 0, 3, 2, 3, 0, 3, 3, 0, 2, 2, 2, 0, 1, 0, 3, 1, 1, 1, 0, 0, 3, 2, 0, 0, 0, 1, 0, 2, 0, 0, 3, 1, 2, 0, 0, 0, 3, 3, 2, 0, 0, 2, 0, 2, 0, 0, 2, 2, 2, 0, 0, 0, 3, 1, 3, 1, 2, 2, 1, 3, 2, 1, 0, 2, 3, 1, 1, 0, 3, 0, 2, 3, 1, 0, 2, 3, 3, 1, 2, 1, 3, 3, 0, 1, 2, 3, 2, 3, 0, 3, 0, 3, 3, 0, 0, 3, 3, 2, 1, 3, 0, 0, 0, 2, 2, 3, 2, 3, 0
RUN_2026-06-19_lowB_baselines_r6c823, 7, 15, 999, 0, 999, 176, 6, 999, 3, 999, 999, 999, 10, 999, 160, 999, 48, 112, 159, 999, 128, 7, 2, 999, 999, 5, 16, 32, 80, 47, 999, 64, 31, 1, 111, 207, 63, 999, 79, 11, 143, 999, 999, 144, 191, 9, 999, 8, 127, 13, 999, 4, 14, 999, 175, 999, 96, 192, 12, 999, 95, 33, 29, 78, 17, 999, 98, 202, 30, 49, 150, 18, 88, 181, 999, 177, 201, 999, 206, 45, 89, 190, 46, 999, 180, 163, 162, 166, 999, 999, 99, 157, 178, 168, 156, 147, 152, 62, 68, 999, 52, 131, 999, 186, 102, 155, 999, 148, 999, 83, 999, 164, 187, 154, 72, 999, 81, 20, 999, 22, 94, 56, 103, 121, 115, 24, 77, 118, 55, 38, 39, 71, 120, 67, 25, 999, 130, 188, 101, 195, 82, 171, 179, 66, 104, 57, 189, 198, 199, 138, 70, 86, 197, 196, 41, 999, 91, 107, 137, 69, 172, 999, 87, 65, 100, 85, 92, 34, 194, 59, 999, 126, 19, 93, 119, 149, 75, 999, 117, 110, 170, 999, 999, 999, 125, 60, 97, 136, 999, 200, 999, 134, 109, 183, 122, 141, 114, 84, 146, 999, 61, 140, 28, 76, 113, 73, 51, 999, 43, 203, 54, 182, 124, 173, 151, 999, 161, 135, 74, 58, 27, 35, 123, 999, 42, 193, 158, 205, 106, 44, 26, 167, 50, 185, 169, 174, 184, 132, 90, 145, 142, 105, 999, 204, 108, 53, 21, 139, 165, 133, 129, 37, 23, 116, 153, 40, 36, 0, 0, 0, 0, 0, 0, 0, 0, 0, 0, 0, 1, 0, 2, 0, 3, 2, 3, 0, 3, 2, 0, 0, 0, 1, 2, 3, 1, 1, 0, 0, 0, 0, 1, 0, 0, 0, 2, 2, 3, 0, 0, 3, 0, 0, 0, 3, 3, 1, 0, 3, 3, 0, 2, 0, 3, 0, 2, 0, 2, 2, 1, 3, 1, 0, 2, 0, 2, 1, 3, 2, 3, 3, 0, 2, 0, 0, 1, 3, 1, 0, 3, 0, 2, 2, 2, 0, 0, 0, 0, 2, 0, 0, 0, 0, 3, 1, 2, 0, 2, 1, 0, 1, 3, 3, 0, 3, 0, 2, 0, 0, 3, 2, 2, 0, 0, 1, 0, 2, 3, 1, 2, 1, 1, 0, 3, 1, 0, 2, 3, 0, 2, 1, 1, 0, 3, 0, 2, 3, 3, 0, 0, 3, 1, 3, 0, 0, 3, 3, 2, 3, 3, 3, 3, 0, 2, 2, 2, 0, 1, 0, 3, 1, 1, 1, 0, 0, 3, 2, 0, 0, 0, 1, 0, 2, 0, 0, 3, 1, 2, 0, 0, 0, 3, 3, 2, 0, 0, 2, 0, 2, 0, 0, 2, 2, 2, 0, 0, 0, 3, 1, 3, 1, 2, 2, 1, 0, 2, 1, 0, 2, 3, 1, 1, 0, 3, 0, 2, 3, 1, 0, 2, 0, 3, 1, 2, 1, 3, 3, 0, 1, 2, 3, 2, 3, 0, 3, 0, 3, 3, 0, 0, 3, 3, 2, 1, 3, 0, 0, 0, 2, 2, 3, 2, 3, 0
RUN_2026-06-19_lowB_baselines_r6c823, 8, 15, 999, 0, 999, 176, 6, 999, 3, 999, 999, 999, 10, 999, 160, 999, 48, 112, 159, 999, 128, 7, 2, 999, 999, 5, 16, 32, 80, 47, 999, 64, 31, 1, 111, 207, 63, 999, 79, 11, 143, 999, 999, 144, 191, 9, 999, 8, 127, 13, 999, 4, 14, 999, 175, 999, 96, 192, 12, 999, 95, 33, 29, 78, 17, 198, 98, 202, 30, 49, 150, 18, 88, 181, 999, 177, 201, 999, 206, 45, 89, 190, 46, 999, 180, 163, 162, 166, 999, 999, 99, 157, 178, 168, 156, 147, 152, 62, 68, 999, 52, 131, 999, 186, 102, 155, 999, 148, 999, 83, 999, 164, 187, 154, 72, 999, 81, 20, 999, 22, 94, 56, 103, 121, 115, 24, 77, 118, 55, 38, 39, 71, 120, 67, 25, 999, 130, 188, 101, 195, 82, 171, 179, 66, 104, 57, 189, 999, 199, 138, 70, 86, 999, 196, 41, 999, 91, 107, 137, 69, 172, 999, 87, 65, 100, 85, 92, 34, 194, 59, 999, 126, 19, 93, 119, 149, 75, 999, 117, 110, 170, 999, 999, 999, 125, 60, 97, 136, 999, 200, 999, 134, 109, 183, 122, 141, 114, 84, 146, 999, 61, 140, 28, 76, 113, 73, 51, 999, 43, 203, 54, 182, 124, 173, 151, 999, 161, 135, 74, 58, 27, 35, 123, 197, 42, 193, 158, 205, 106, 44, 26, 167, 50, 185, 169, 174, 184, 132, 90, 145, 142, 105, 999, 204, 108, 53, 21, 139, 165, 133, 129, 37, 23, 116, 153, 40, 36, 0, 0, 0, 0, 0, 0, 0, 0, 0, 0, 0, 1, 0, 2, 0, 3, 2, 3, 0, 3, 2, 0, 0, 0, 1, 2, 3, 1, 1, 0, 0, 0, 0, 1, 0, 0, 0, 2, 2, 3, 0, 0, 3, 0, 0, 0, 3, 3, 1, 0, 3, 3, 0, 2, 0, 3, 0, 2, 0, 2, 2, 1, 3, 1, 2, 2, 0, 2, 1, 3, 2, 3, 3, 0, 2, 0, 0, 1, 3, 1, 0, 3, 0, 2, 2, 2, 0, 0, 0, 0, 2, 0, 0, 0, 0, 3, 1, 2, 0, 2, 1, 0, 1, 3, 3, 0, 3, 0, 2, 0, 0, 3, 2, 2, 0, 0, 1, 0, 2, 3, 1, 2, 1, 1, 0, 3, 1, 0, 2, 3, 0, 2, 1, 1, 0, 3, 0, 2, 3, 3, 0, 0, 3, 1, 3, 0, 0, 3, 3, 2, 3, 0, 3, 3, 0, 2, 2, 2, 0, 1, 0, 3, 1, 1, 1, 0, 0, 3, 2, 0, 0, 0, 1, 0, 2, 0, 0, 3, 1, 2, 0, 0, 0, 3, 3, 2, 0, 0, 2, 0, 2, 0, 0, 2, 2, 2, 0, 0, 0, 3, 1, 3, 1, 2, 2, 1, 0, 2, 1, 0, 2, 3, 1, 1, 0, 3, 0, 2, 3, 1, 0, 2, 3, 3, 1, 2, 1, 3, 3, 0, 1, 2, 3, 2, 3, 0, 3, 0, 3, 3, 0, 0, 3, 3, 2, 1, 3, 0, 0, 0, 2, 2, 3, 2, 3, 0
RUN_2026-06-19_lowB_baselines_r6c823, 9, 15, 999, 0, 999, 176, 6, 999, 3, 999, 999, 999, 10, 999, 160, 999, 48, 112, 159, 999, 128, 7, 2, 999, 999, 5, 16, 32, 80, 47, 999, 64, 31, 1, 111, 207, 63, 192, 79, 11, 143, 999, 999, 144, 191, 9, 999, 8, 127, 13, 999, 4, 14, 999, 175, 999, 96, 999, 12, 999, 95, 33, 29, 78, 17, 999, 98, 202, 30, 49, 150, 18, 88, 181, 999, 177, 201, 999, 206, 45, 89, 190, 46, 999, 180, 163, 162, 166, 999, 999, 99, 157, 178, 168, 156, 147, 152, 62, 68, 999, 52, 131, 999, 186, 102, 155, 999, 148, 999, 83, 999, 164, 187, 154, 72, 999, 81, 20, 999, 22, 94, 56, 103, 121, 115, 24, 77, 118, 55, 38, 39, 71, 120, 67, 25, 999, 130, 188, 101, 195, 82, 171, 179, 66, 104, 57, 189, 999, 999, 138, 70, 86, 193, 196, 41, 999, 91, 107, 137, 69, 172, 999, 87, 65, 100, 85, 92, 34, 194, 59, 999, 126, 19, 93, 119, 149, 75, 999, 117, 110, 170, 999, 999, 999, 125, 60, 97, 136, 200, 199, 999, 134, 109, 183, 122, 141, 114, 84, 146, 999, 61, 140, 28, 76, 113, 73, 51, 198, 43, 203, 54, 182, 124, 173, 151, 999, 161, 135, 74, 58, 27, 35, 123, 197, 42, 999, 158, 205, 106, 44, 26, 167, 50, 185, 169, 174, 184, 132, 90, 145, 142, 105, 999, 204, 108, 53, 21, 139, 165, 133, 129, 37, 23, 116, 153, 40, 36, 0, 0, 0, 0, 0, 0, 0, 0, 0, 0, 0, 1, 0, 2, 0, 3, 2, 3, 0, 3, 2, 0, 0, 0, 1, 2, 3, 1, 1, 0, 0, 0, 0, 1, 0, 0, 2, 2, 2, 3, 0, 0, 3, 0, 0, 0, 3, 3, 1, 0, 3, 3, 0, 2, 0, 3, 0, 2, 0, 2, 2, 1, 3, 1, 0, 2, 0, 2, 1, 3, 2, 3, 3, 0, 2, 0, 0, 1, 3, 1, 0, 3, 0, 2, 2, 2, 0, 0, 0, 0, 2, 0, 0, 0, 0, 3, 1, 2, 0, 2, 1, 0, 1, 3, 3, 0, 3, 0, 2, 0, 0, 3, 2, 2, 0, 0, 1, 0, 2, 3, 1, 2, 1, 1, 0, 3, 1, 0, 2, 3, 0, 2, 1, 1, 0, 3, 0, 2, 3, 3, 0, 0, 3, 1, 3, 0, 0, 0, 3, 2, 3, 1, 3, 3, 0, 2, 2, 2, 0, 1, 0, 3, 1, 1, 1, 0, 0, 3, 2, 0, 0, 0, 1, 0, 2, 0, 0, 3, 1, 2, 0, 0, 0, 3, 3, 2, 0, 0, 2, 0, 2, 0, 0, 2, 2, 2, 0, 0, 0, 3, 1, 3, 1, 2, 2, 1, 3, 2, 1, 0, 2, 3, 1, 1, 0, 3, 0, 2, 3, 1, 0, 2, 3, 3, 0, 2, 1, 3, 3, 0, 1, 2, 3, 2, 3, 0, 3, 0, 3, 3, 0, 0, 3, 3, 2, 1, 3, 0, 0, 0, 2, 2, 3, 2, 3, 0
RUN_2026-06-19_lowB_baselines_r6c823, 10, 15, 999, 0, 999, 176, 6, 999, 3, 999, 999, 999, 10, 999, 160, 999, 48, 112, 159, 999, 128, 7, 2, 999, 999, 5, 16, 32, 80, 47, 999, 64, 31, 1, 111, 207, 63, 999, 79, 11, 143, 999, 999, 144, 191, 9, 999, 8, 127, 13, 999, 4, 14, 999, 175, 999, 96, 192, 12, 999, 95, 33, 29, 78, 17, 999, 98, 202, 30, 49, 150, 18, 88, 181, 999, 177, 201, 999, 206, 45, 89, 190, 46, 999, 180, 163, 162, 166, 999, 999, 99, 157, 178, 168, 156, 147, 152, 62, 68, 999, 52, 131, 999, 186, 102, 155, 999, 148, 999, 83, 999, 164, 187, 154, 72, 999, 81, 20, 198, 22, 94, 56, 103, 121, 115, 24, 77, 118, 55, 38, 39, 71, 120, 67, 25, 999, 130, 188, 101, 195, 82, 171, 179, 66, 104, 57, 189, 999, 999, 138, 70, 86, 999, 196, 41, 999, 91, 107, 137, 69, 172, 999, 87, 65, 100, 85, 92, 34, 194, 59, 999, 126, 19, 93, 119, 149, 75, 999, 117, 110, 170, 999, 197, 199, 125, 60, 97, 136, 200, 999, 999, 134, 109, 183, 122, 141, 114, 84, 146, 999, 61, 140, 28, 76, 113, 73, 51, 999, 43, 203, 54, 182, 124, 173, 151, 999, 161, 135, 74, 58, 27, 35, 123, 999, 42, 193, 158, 205, 106, 44, 26, 167, 50, 185, 169, 174, 184, 132, 90, 145, 142, 105, 999, 204, 108, 53, 21, 139, 165, 133, 129, 37, 23, 116, 153, 40, 36, 0, 0, 0, 0, 0, 0, 0, 0, 0, 0, 0, 1, 0, 2, 0, 3, 2, 3, 0, 3, 2, 0, 0, 0, 1, 2, 3, 1, 1, 0, 0, 0, 0, 1, 0, 0, 0, 2, 2, 3, 0, 0, 3, 0, 0, 0, 3, 3, 1, 0, 3, 3, 0, 2, 0, 3, 0, 2, 0, 2, 2, 1, 3, 1, 0, 2, 0, 2, 1, 3, 2, 3, 3, 0, 2, 0, 0, 1, 3, 1, 0, 3, 0, 2, 2, 2, 0, 0, 0, 0, 2, 0, 0, 0, 0, 3, 1, 2, 0, 2, 1, 0, 1, 3, 3, 0, 3, 0, 2, 0, 0, 3, 2, 2, 0, 0, 1, 3, 2, 3, 1, 2, 1, 1, 0, 3, 1, 0, 2, 3, 0, 2, 1, 1, 0, 3, 0, 2, 3, 3, 0, 0, 3, 1, 3, 0, 0, 0, 3, 2, 3, 0, 3, 3, 0, 2, 2, 2, 0, 1, 0, 3, 1, 1, 1, 0, 0, 3, 2, 0, 0, 0, 1, 0, 2, 0, 0, 3, 1, 2, 0, 1, 0, 3, 3, 2, 0, 0, 0, 0, 2, 0, 0, 2, 2, 2, 0, 0, 0, 3, 1, 3, 1, 2, 2, 1, 0, 2, 1, 0, 2, 3, 1, 1, 0, 3, 0, 2, 3, 1, 0, 2, 0, 3, 1, 2, 1, 3, 3, 0, 1, 2, 3, 2, 3, 0, 3, 0, 3, 3, 0, 0, 3, 3, 2, 1, 3, 0, 0, 0, 2, 2, 3, 2, 3, 0
RUN_2026-06-19_lowB_baselines_r6c823, 11, 15, 999, 0, 999, 176, 6, 999, 3, 999, 999, 999, 10, 999, 160, 999, 48, 112, 159, 999, 128, 7, 2, 999, 999, 5, 16, 32, 80, 47, 999, 64, 31, 1, 111, 207, 63, 192, 79, 11, 143, 999, 999, 144, 191, 9, 999, 8, 127, 13, 999, 4, 14, 999, 175, 999, 96, 999, 12, 999, 95, 33, 29, 78, 17, 198, 98, 202, 30, 49, 150, 18, 88, 181, 999, 177, 201, 999, 206, 45, 89, 190, 46, 999, 180, 163, 162, 166, 999, 999, 99, 157, 178, 168, 156, 147, 152, 62, 68, 999, 52, 131, 999, 186, 102, 155, 999, 148, 999, 83, 999, 164, 187, 154, 72, 999, 81, 20, 999, 22, 94, 56, 103, 121, 115, 24, 77, 118, 55, 38, 39, 71, 120, 67, 25, 999, 130, 188, 101, 195, 82, 171, 179, 66, 104, 57, 189, 999, 199, 138, 70, 86, 193, 196, 41, 999, 91, 107, 137, 69, 172, 999, 87, 65, 100, 85, 92, 34, 194, 59, 999, 126, 19, 93, 119, 149, 75, 999, 117, 110, 170, 999, 999, 999, 125, 60, 97, 136, 999, 200, 999, 134, 109, 183, 122, 141, 114, 84, 146, 999, 61, 140, 28, 76, 113, 73, 51, 999, 43, 203, 54, 182, 124, 173, 151, 999, 161, 135, 74, 58, 27, 35, 123, 197, 42, 999, 158, 205, 106, 44, 26, 167, 50, 185, 169, 174, 184, 132, 90, 145, 142, 105, 999, 204, 108, 53, 21, 139, 165, 133, 129, 37, 23, 116, 153, 40, 36, 0, 0, 0, 0, 0, 0, 0, 0, 0, 0, 0, 1, 0, 2, 0, 3, 2, 3, 0, 3, 2, 0, 0, 0, 1, 2, 3, 1, 1, 0, 0, 0, 0, 1, 0, 0, 2, 2, 2, 3, 0, 0, 3, 0, 0, 0, 3, 3, 1, 0, 3, 3, 0, 2, 0, 3, 0, 2, 0, 2, 2, 1, 3, 1, 2, 2, 0, 2, 1, 3, 2, 3, 3, 0, 2, 0, 0, 1, 3, 1, 0, 3, 0, 2, 2, 2, 0, 0, 0, 0, 2, 0, 0, 0, 0, 3, 1, 2, 0, 2, 1, 0, 1, 3, 3, 0, 3, 0, 2, 0, 0, 3, 2, 2, 0, 0, 1, 0, 2, 3, 1, 2, 1, 1, 0, 3, 1, 0, 2, 3, 0, 2, 1, 1, 0, 3, 0, 2, 3, 3, 0, 0, 3, 1, 3, 0, 0, 3, 3, 2, 3, 1, 3, 3, 0, 2, 2, 2, 0, 1, 0, 3, 1, 1, 1, 0, 0, 3, 2, 0, 0, 0, 1, 0, 2, 0, 0, 3, 1, 2, 0, 0, 0, 3, 3, 2, 0, 0, 2, 0, 2, 0, 0, 2, 2, 2, 0, 0, 0, 3, 1, 3, 1, 2, 2, 1, 0, 2, 1, 0, 2, 3, 1, 1, 0, 3, 0, 2, 3, 1, 0, 2, 3, 3, 0, 2, 1, 3, 3, 0, 1, 2, 3, 2, 3, 0, 3, 0, 3, 3, 0, 0, 3, 3, 2, 1, 3, 0, 0, 0, 2, 2, 3, 2, 3, 0
RUN_2026-06-19_lowB_baselines_r6c823, 12, 15, 999, 0, 999, 176, 6, 999, 3, 999, 999, 999, 10, 999, 160, 999, 48, 112, 159, 999, 128, 7, 2, 999, 999, 5, 16, 32, 80, 47, 999, 64, 31, 1, 111, 207, 63, 999, 79, 11, 143, 999, 999, 144, 191, 9, 999, 8, 127, 13, 999, 4, 14, 999, 175, 999, 96, 192, 12, 999, 95, 33, 29, 78, 17, 999, 98, 202, 30, 49, 150, 18, 88, 181, 999, 177, 201, 999, 206, 45, 89, 190, 46, 999, 180, 163, 162, 166, 999, 999, 99, 157, 178, 168, 156, 147, 152, 62, 68, 999, 52, 131, 999, 186, 102, 155, 999, 148, 999, 83, 999, 164, 187, 154, 72, 999, 81, 20, 999, 22, 94, 56, 103, 121, 115, 24, 77, 118, 55, 38, 39, 71, 120, 67, 25, 999, 130, 188, 101, 195, 82, 171, 179, 66, 104, 57, 189, 999, 199, 138, 70, 86, 197, 196, 41, 198, 91, 107, 137, 69, 172, 999, 87, 65, 100, 85, 92, 34, 194, 59, 999, 126, 19, 93, 119, 149, 75, 999, 117, 110, 170, 999, 999, 999, 125, 60, 97, 136, 999, 200, 999, 134, 109, 183, 122, 141, 114, 84, 146, 999, 61, 140, 28, 76, 113, 73, 51, 999, 43, 203, 54, 182, 124, 173, 151, 999, 161, 135, 74, 58, 27, 35, 123, 999, 42, 193, 158, 205, 106, 44, 26, 167, 50, 185, 169, 174, 184, 132, 90, 145, 142, 105, 999, 204, 108, 53, 21, 139, 165, 133, 129, 37, 23, 116, 153, 40, 36, 0, 0, 0, 0, 0, 0, 0, 0, 0, 0, 0, 1, 0, 2, 0, 3, 2, 3, 0, 3, 2, 0, 0, 0, 1, 2, 3, 1, 1, 0, 0, 0, 0, 1, 0, 0, 0, 2, 2, 3, 0, 0, 3, 0, 0, 0, 3, 3, 1, 0, 3, 3, 0, 2, 0, 3, 0, 2, 0, 2, 2, 1, 3, 1, 0, 2, 0, 2, 1, 3, 2, 3, 3, 0, 2, 0, 0, 1, 3, 1, 0, 3, 0, 2, 2, 2, 0, 0, 0, 0, 2, 0, 0, 0, 0, 3, 1, 2, 0, 2, 1, 0, 1, 3, 3, 0, 3, 0, 2, 0, 0, 3, 2, 2, 0, 0, 1, 0, 2, 3, 1, 2, 1, 1, 0, 3, 1, 0, 2, 3, 0, 2, 1, 1, 0, 3, 0, 2, 3, 3, 0, 0, 3, 1, 3, 0, 0, 3, 3, 2, 3, 0, 3, 3, 2, 2, 2, 2, 0, 1, 0, 3, 1, 1, 1, 0, 0, 3, 2, 0, 0, 0, 1, 0, 2, 0, 0, 3, 1, 2, 0, 0, 0, 3, 3, 2, 0, 0, 2, 0, 2, 0, 0, 2, 2, 2, 0, 0, 0, 3, 1, 3, 1, 2, 2, 1, 0, 2, 1, 0, 2, 3, 1, 1, 0, 3, 0, 2, 3, 1, 0, 2, 0, 3, 1, 2, 1, 3, 3, 0, 1, 2, 3, 2, 3, 0, 3, 0, 3, 3, 0, 0, 3, 3, 2, 1, 3, 0, 0, 0, 2, 2, 3, 2, 3, 0
RUN_2026-06-19_lowB_baselines_r6c823, 13, 15, 999, 0, 999, 176, 6, 999, 3, 999, 999, 999, 10, 999, 160, 999, 48, 112, 159, 999, 128, 7, 2, 999, 999, 5, 16, 32, 80, 47, 999, 64, 31, 1, 111, 207, 63, 192, 79, 11, 143, 999, 999, 144, 191, 9, 999, 8, 127, 13, 999, 4, 14, 999, 175, 999, 96, 999, 12, 999, 95, 33, 29, 78, 17, 999, 98, 202, 30, 49, 150, 18, 88, 181, 999, 177, 201, 999, 206, 45, 89, 190, 46, 999, 180, 163, 162, 166, 999, 999, 99, 157, 178, 168, 156, 147, 152, 62, 68, 999, 52, 131, 999, 186, 102, 155, 999, 148, 999, 83, 999, 164, 187, 154, 72, 999, 81, 20, 198, 22, 94, 56, 103, 121, 115, 24, 77, 118, 55, 38, 39, 71, 120, 67, 25, 999, 130, 188, 101, 195, 82, 171, 179, 66, 104, 57, 189, 999, 999, 138, 70, 86, 193, 196, 41, 999, 91, 107, 137, 69, 172, 999, 87, 65, 100, 85, 92, 34, 194, 59, 999, 126, 19, 93, 119, 149, 75, 999, 117, 110, 170, 999, 197, 199, 125, 60, 97, 136, 200, 999, 999, 134, 109, 183, 122, 141, 114, 84, 146, 999, 61, 140, 28, 76, 113, 73, 51, 999, 43, 203, 54, 182, 124, 173, 151, 999, 161, 135, 74, 58, 27, 35, 123, 999, 42, 999, 158, 205, 106, 44, 26, 167, 50, 185, 169, 174, 184, 132, 90, 145, 142, 105, 999, 204, 108, 53, 21, 139, 165, 133, 129, 37, 23, 116, 153, 40, 36, 0, 0, 0, 0, 0, 0, 0, 0, 0, 0, 0, 1, 0, 2, 0, 3, 2, 3, 0, 3, 2, 0, 0, 0, 1, 2, 3, 1, 1, 0, 0, 0, 0, 1, 0, 0, 2, 2, 2, 3, 0, 0, 3, 0, 0, 0, 3, 3, 1, 0, 3, 3, 0, 2, 0, 3, 0, 2, 0, 2, 2, 1, 3, 1, 0, 2, 0, 2, 1, 3, 2, 3, 3, 0, 2, 0, 0, 1, 3, 1, 0, 3, 0, 2, 2, 2, 0, 0, 0, 0, 2, 0, 0, 0, 0, 3, 1, 2, 0, 2, 1, 0, 1, 3, 3, 0, 3, 0, 2, 0, 0, 3, 2, 2, 0, 0, 1, 3, 2, 3, 1, 2, 1, 1, 0, 3, 1, 0, 2, 3, 0, 2, 1, 1, 0, 3, 0, 2, 3, 3, 0, 0, 3, 1, 3, 0, 0, 0, 3, 2, 3, 1, 3, 3, 0, 2, 2, 2, 0, 1, 0, 3, 1, 1, 1, 0, 0, 3, 2, 0, 0, 0, 1, 0, 2, 0, 0, 3, 1, 2, 0, 1, 0, 3, 3, 2, 0, 0, 0, 0, 2, 0, 0, 2, 2, 2, 0, 0, 0, 3, 1, 3, 1, 2, 2, 1, 0, 2, 1, 0, 2, 3, 1, 1, 0, 3, 0, 2, 3, 1, 0, 2, 0, 3, 0, 2, 1, 3, 3, 0, 1, 2, 3, 2, 3, 0, 3, 0, 3, 3, 0, 0, 3, 3, 2, 1, 3, 0, 0, 0, 2, 2, 3, 2, 3, 0
RUN_2026-06-19_lowB_baselines_r6c823, 14, 15, 999, 0, 999, 176, 6, 999, 3, 999, 999, 999, 10, 999, 160, 999, 48, 112, 159, 999, 128, 7, 2, 999, 999, 5, 16, 32, 80, 47, 999, 64, 31, 1, 111, 207, 63, 999, 79, 11, 143, 999, 999, 144, 191, 9, 999, 8, 127, 13, 999, 4, 14, 999, 175, 999, 96, 192, 12, 999, 95, 33, 29, 78, 17, 999, 98, 202, 30, 49, 150, 18, 88, 181, 999, 177, 201, 999, 206, 45, 89, 190, 46, 999, 180, 163, 162, 166, 999, 999, 99, 157, 178, 168, 156, 147, 152, 62, 68, 999, 52, 131, 999, 186, 102, 155, 999, 148, 999, 83, 999, 164, 187, 154, 72, 999, 81, 20, 999, 22, 94, 56, 103, 121, 115, 24, 77, 118, 55, 38, 39, 71, 120, 67, 25, 999, 130, 188, 101, 195, 82, 171, 179, 66, 104, 57, 189, 999, 199, 138, 70, 86, 999, 196, 41, 999, 91, 107, 137, 69, 172, 999, 87, 65, 100, 85, 92, 34, 194, 59, 999, 126, 19, 93, 119, 149, 75, 999, 117, 110, 170, 999, 999, 999, 125, 60, 97, 136, 200, 999, 999, 134, 109, 183, 122, 141, 114, 84, 146, 999, 61, 140, 28, 76, 113, 73, 51, 198, 43, 203, 54, 182, 124, 173, 151, 999, 161, 135, 74, 58, 27, 35, 123, 197, 42, 193, 158, 205, 106, 44, 26, 167, 50, 185, 169, 174, 184, 132, 90, 145, 142, 105, 999, 204, 108, 53, 21, 139, 165, 133, 129, 37, 23, 116, 153, 40, 36, 0, 0, 0, 0, 0, 0, 0, 0, 0, 0, 0, 1, 0, 2, 0, 3, 2, 3, 0, 3, 2, 0, 0, 0, 1, 2, 3, 1, 1, 0, 0, 0, 0, 1, 0, 0, 0, 2, 2, 3, 0, 0, 3, 0, 0, 0, 3, 3, 1, 0, 3, 3, 0, 2, 0, 3, 0, 2, 0, 2, 2, 1, 3, 1, 0, 2, 0, 2, 1, 3, 2, 3, 3, 0, 2, 0, 0, 1, 3, 1, 0, 3, 0, 2, 2, 2, 0, 0, 0, 0, 2, 0, 0, 0, 0, 3, 1, 2, 0, 2, 1, 0, 1, 3, 3, 0, 3, 0, 2, 0, 0, 3, 2, 2, 0, 0, 1, 0, 2, 3, 1, 2, 1, 1, 0, 3, 1, 0, 2, 3, 0, 2, 1, 1, 0, 3, 0, 2, 3, 3, 0, 0, 3, 1, 3, 0, 0, 0, 3, 2, 3, 0, 3, 3, 0, 2, 2, 2, 0, 1, 0, 3, 1, 1, 1, 0, 0, 3, 2, 0, 0, 0, 1, 0, 2, 0, 0, 3, 1, 2, 0, 0, 0, 3, 3, 2, 0, 0, 0, 0, 2, 0, 0, 2, 2, 2, 0, 0, 0, 3, 1, 3, 1, 2, 2, 1, 3, 2, 1, 0, 2, 3, 1, 1, 0, 3, 0, 2, 3, 1, 0, 2, 3, 3, 1, 2, 1, 3, 3, 0, 1, 2, 3, 2, 3, 0, 3, 0, 3, 3, 0, 0, 3, 3, 2, 1, 3, 0, 0, 0, 2, 2, 3, 2, 3, 0
RUN_2026-06-19_lowB_baselines_r6c823, 15, 15, 999, 0, 999, 176, 6, 999, 3, 999, 999, 999, 10, 999, 160, 999, 48, 112, 159, 999, 128, 7, 2, 999, 999, 5, 16, 32, 80, 47, 999, 64, 31, 1, 111, 207, 63, 192, 79, 11, 143, 999, 999, 144, 191, 9, 999, 8, 127, 13, 999, 4, 14, 999, 175, 999, 96, 999, 12, 999, 95, 33, 29, 78, 17, 999, 98, 202, 30, 49, 150, 18, 88, 181, 999, 177, 201, 999, 206, 45, 89, 190, 46, 999, 180, 163, 162, 166, 999, 999, 99, 157, 178, 168, 156, 147, 152, 62, 68, 999, 52, 131, 999, 186, 102, 155, 999, 148, 999, 83, 999, 164, 187, 154, 72, 999, 81, 20, 999, 22, 94, 56, 103, 121, 115, 24, 77, 118, 55, 38, 39, 71, 120, 67, 25, 999, 130, 188, 101, 195, 82, 171, 179, 66, 104, 57, 189, 999, 199, 138, 70, 86, 193, 196, 41, 999, 91, 107, 137, 69, 172, 999, 87, 65, 100, 85, 92, 34, 194, 59, 999, 126, 19, 93, 119, 149, 75, 999, 117, 110, 170, 999, 999, 999, 125, 60, 97, 136, 200, 999, 999, 134, 109, 183, 122, 141, 114, 84, 146, 999, 61, 140, 28, 76, 113, 73, 51, 198, 43, 203, 54, 182, 124, 173, 151, 999, 161, 135, 74, 58, 27, 35, 123, 197, 42, 999, 158, 205, 106, 44, 26, 167, 50, 185, 169, 174, 184, 132, 90, 145, 142, 105, 999, 204, 108, 53, 21, 139, 165, 133, 129, 37, 23, 116, 153, 40, 36, 0, 0, 0, 0, 0, 0, 0, 0, 0, 0, 0, 1, 0, 2, 0, 3, 2, 3, 0, 3, 2, 0, 0, 0, 1, 2, 3, 1, 1, 0, 0, 0, 0, 1, 0, 0, 2, 2, 2, 3, 0, 0, 3, 0, 0, 0, 3, 3, 1, 0, 3, 3, 0, 2, 0, 3, 0, 2, 0, 2, 2, 1, 3, 1, 0, 2, 0, 2, 1, 3, 2, 3, 3, 0, 2, 0, 0, 1, 3, 1, 0, 3, 0, 2, 2, 2, 0, 0, 0, 0, 2, 0, 0, 0, 0, 3, 1, 2, 0, 2, 1, 0, 1, 3, 3, 0, 3, 0, 2, 0, 0, 3, 2, 2, 0, 0, 1, 0, 2, 3, 1, 2, 1, 1, 0, 3, 1, 0, 2, 3, 0, 2, 1, 1, 0, 3, 0, 2, 3, 3, 0, 0, 3, 1, 3, 0, 0, 0, 3, 2, 3, 1, 3, 3, 0, 2, 2, 2, 0, 1, 0, 3, 1, 1, 1, 0, 0, 3, 2, 0, 0, 0, 1, 0, 2, 0, 0, 3, 1, 2, 0, 0, 0, 3, 3, 2, 0, 0, 0, 0, 2, 0, 0, 2, 2, 2, 0, 0, 0, 3, 1, 3, 1, 2, 2, 1, 3, 2, 1, 0, 2, 3, 1, 1, 0, 3, 0, 2, 3, 1, 0, 2, 3, 3, 0, 2, 1, 3, 3, 0, 1, 2, 3, 2, 3, 0, 3, 0, 3, 3, 0, 0, 3, 3, 2, 1, 3, 0, 0, 0, 2, 2, 3, 2, 3, 0
RUN_2026-06-19_lowB_baselines_r6c823, 16, 15, 999, 0, 999, 176, 6, 999, 3, 999, 999, 999, 10, 999, 160, 999, 48, 112, 159, 999, 128, 7, 2, 999, 999, 5, 16, 32, 80, 47, 999, 64, 31, 1, 111, 207, 63, 999, 79, 11, 143, 999, 999, 144, 191, 9, 999, 8, 127, 13, 999, 4, 14, 999, 175, 999, 96, 192, 12, 999, 95, 33, 29, 78, 17, 999, 98, 202, 30, 49, 150, 18, 88, 181, 999, 177, 201, 999, 206, 45, 89, 190, 46, 999, 180, 163, 162, 166, 999, 999, 99, 157, 178, 168, 156, 147, 152, 62, 68, 999, 52, 131, 999, 186, 102, 155, 999, 148, 999, 83, 999, 164, 187, 154, 72, 999, 81, 20, 999, 22, 94, 56, 103, 121, 115, 24, 77, 118, 55, 38, 39, 71, 120, 67, 25, 999, 130, 188, 101, 195, 82, 171, 179, 66, 104, 57, 189, 999, 999, 138, 70, 86, 197, 196, 41, 999, 91, 107, 137, 69, 172, 999, 87, 65, 100, 85, 92, 34, 194, 59, 999, 126, 19, 93, 119, 149, 75, 999, 117, 110, 170, 999, 999, 199, 125, 60, 97, 136, 200, 999, 198, 134, 109, 183, 122, 141, 114, 84, 146, 999, 61, 140, 28, 76, 113, 73, 51, 999, 43, 203, 54, 182, 124, 173, 151, 999, 161, 135, 74, 58, 27, 35, 123, 999, 42, 193, 158, 205, 106, 44, 26, 167, 50, 185, 169, 174, 184, 132, 90, 145, 142, 105, 999, 204, 108, 53, 21, 139, 165, 133, 129, 37, 23, 116, 153, 40, 36, 0, 0, 0, 0, 0, 0, 0, 0, 0, 0, 0, 1, 0, 2, 0, 3, 2, 3, 0, 3, 2, 0, 0, 0, 1, 2, 3, 1, 1, 0, 0, 0, 0, 1, 0, 0, 0, 2, 2, 3, 0, 0, 3, 0, 0, 0, 3, 3, 1, 0, 3, 3, 0, 2, 0, 3, 0, 2, 0, 2, 2, 1, 3, 1, 0, 2, 0, 2, 1, 3, 2, 3, 3, 0, 2, 0, 0, 1, 3, 1, 0, 3, 0, 2, 2, 2, 0, 0, 0, 0, 2, 0, 0, 0, 0, 3, 1, 2, 0, 2, 1, 0, 1, 3, 3, 0, 3, 0, 2, 0, 0, 3, 2, 2, 0, 0, 1, 0, 2, 3, 1, 2, 1, 1, 0, 3, 1, 0, 2, 3, 0, 2, 1, 1, 0, 3, 0, 2, 3, 3, 0, 0, 3, 1, 3, 0, 0, 0, 3, 2, 3, 0, 3, 3, 0, 2, 2, 2, 0, 1, 0, 3, 1, 1, 1, 0, 0, 3, 2, 0, 0, 0, 1, 0, 2, 0, 0, 3, 1, 2, 0, 0, 0, 3, 3, 2, 0, 0, 0, 1, 2, 0, 0, 2, 2, 2, 0, 0, 0, 3, 1, 3, 1, 2, 2, 1, 0, 2, 1, 0, 2, 3, 1, 1, 0, 3, 0, 2, 3, 1, 0, 2, 0, 3, 1, 2, 1, 3, 3, 0, 1, 2, 3, 2, 3, 0, 3, 0, 3, 3, 0, 0, 3, 3, 2, 1, 3, 0, 0, 0, 2, 2, 3, 2, 3, 0
RUN_2026-06-19_lowB_baselines_r6c823, 17, 15, 999, 0, 999, 176, 6, 999, 3, 999, 999, 999, 10, 999, 160, 999, 48, 112, 159, 999, 128, 7, 2, 999, 999, 5, 16, 32, 80, 47, 999, 64, 31, 1, 111, 207, 63, 999, 79, 11, 143, 999, 999, 144, 191, 9, 999, 8, 127, 13, 999, 4, 14, 999, 175, 999, 96, 192, 12, 999, 95, 33, 29, 78, 17, 999, 98, 202, 30, 49, 150, 18, 88, 181, 999, 177, 201, 999, 206, 45, 89, 190, 46, 999, 180, 163, 162, 166, 999, 999, 99, 157, 178, 168, 156, 147, 152, 62, 68, 999, 52, 131, 999, 186, 102, 155, 999, 148, 999, 83, 999, 164, 187, 154, 72, 999, 81, 20, 999, 22, 94, 56, 103, 121, 115, 24, 77, 118, 55, 38, 39, 71, 120, 67, 25, 999, 130, 188, 101, 195, 82, 171, 179, 66, 104, 57, 189, 999, 999, 138, 70, 86, 197, 196, 41, 999, 91, 107, 137, 69, 172, 999, 87, 65, 100, 85, 92, 34, 194, 59, 999, 126, 19, 93, 119, 149, 75, 999, 117, 110, 170, 999, 999, 199, 125, 60, 97, 136, 200, 198, 999, 134, 109, 183, 122, 141, 114, 84, 146, 999, 61, 140, 28, 76, 113, 73, 51, 999, 43, 203, 54, 182, 124, 173, 151, 999, 161, 135, 74, 58, 27, 35, 123, 999, 42, 193, 158, 205, 106, 44, 26, 167, 50, 185, 169, 174, 184, 132, 90, 145, 142, 105, 999, 204, 108, 53, 21, 139, 165, 133, 129, 37, 23, 116, 153, 40, 36, 0, 0, 0, 0, 0, 0, 0, 0, 0, 0, 0, 1, 0, 2, 0, 3, 2, 3, 0, 3, 2, 0, 0, 0, 1, 2, 3, 1, 1, 0, 0, 0, 0, 1, 0, 0, 0, 2, 2, 3, 0, 0, 3, 0, 0, 0, 3, 3, 1, 0, 3, 3, 0, 2, 0, 3, 0, 2, 0, 2, 2, 1, 3, 1, 0, 2, 0, 2, 1, 3, 2, 3, 3, 0, 2, 0, 0, 1, 3, 1, 0, 3, 0, 2, 2, 2, 0, 0, 0, 0, 2, 0, 0, 0, 0, 3, 1, 2, 0, 2, 1, 0, 1, 3, 3, 0, 3, 0, 2, 0, 0, 3, 2, 2, 0, 0, 1, 0, 2, 3, 1, 2, 1, 1, 0, 3, 1, 0, 2, 3, 0, 2, 1, 1, 0, 3, 0, 2, 3, 3, 0, 0, 3, 1, 3, 0, 0, 0, 3, 2, 3, 0, 3, 3, 0, 2, 2, 2, 0, 1, 0, 3, 1, 1, 1, 0, 0, 3, 2, 0, 0, 0, 1, 0, 2, 0, 0, 3, 1, 2, 0, 0, 0, 3, 3, 2, 0, 0, 1, 0, 2, 0, 0, 2, 2, 2, 0, 0, 0, 3, 1, 3, 1, 2, 2, 1, 0, 2, 1, 0, 2, 3, 1, 1, 0, 3, 0, 2, 3, 1, 0, 2, 0, 3, 1, 2, 1, 3, 3, 0, 1, 2, 3, 2, 3, 0, 3, 0, 3, 3, 0, 0, 3, 3, 2, 1, 3, 0, 0, 0, 2, 2, 3, 2, 3, 0
RUN_2026-06-19_lowB_baselines_r6c1514, 18, 15, 999, 0, 999, 999, 13, 999, 9, 207, 63, 999, 3, 999, 999, 999, 144, 999, 64, 160, 80, 11, 14, 143, 999, 2, 16, 32, 999, 95, 31, 96, 999, 1, 111, 128, 192, 999, 999, 5, 176, 999, 191, 127, 79, 12, 999, 4, 175, 6, 47, 10, 8, 159, 999, 999, 112, 999, 7, 999, 48, 33, 116, 26, 22, 54, 100, 206, 40, 17, 71, 56, 124, 27, 184, 182, 99, 115, 55, 98, 161, 145, 38, 136, 152, 151, 179, 205, 183, 52, 60, 21, 999, 37, 51, 163, 140, 44, 49, 167, 70, 173, 29, 177, 202, 186, 201, 181, 135, 25, 130, 119, 134, 155, 120, 30, 178, 46, 114, 75, 190, 999, 59, 133, 165, 189, 999, 172, 156, 204, 149, 67, 999, 193, 999, 999, 68, 999, 999, 123, 107, 88, 168, 148, 999, 101, 94, 999, 999, 999, 53, 104, 41, 125, 999, 187, 147, 106, 23, 93, 195, 39, 999, 126, 196, 203, 108, 66, 43, 34, 188, 24, 122, 198, 185, 109, 169, 999, 180, 164, 999, 194, 89, 150, 82, 73, 999, 103, 117, 72, 129, 999, 83, 138, 162, 999, 84, 166, 999, 154, 999, 121, 171, 132, 19, 999, 18, 102, 200, 42, 141, 62, 78, 92, 999, 85, 118, 65, 76, 139, 69, 87, 86, 142, 158, 999, 157, 57, 50, 999, 58, 999, 110, 153, 137, 90, 74, 197, 91, 199, 97, 113, 35, 146, 999, 170, 999, 81, 28, 131, 61, 36, 20, 174, 77, 45, 105, 0, 0, 0, 0, 0, 0, 0, 0, 3, 1, 0, 1, 0, 0, 0, 3, 0, 1, 3, 3, 2, 0, 3, 0, 1, 2, 3, 0, 1, 2, 0, 0, 0, 1, 2, 2, 0, 0, 2, 1, 0, 2, 1, 0, 0, 0, 3, 3, 1, 3, 3, 3, 3, 0, 0, 3, 0, 2, 0, 0, 2, 0, 0, 0, 1, 3, 0, 1, 0, 0, 3, 0, 3, 3, 0, 2, 3, 0, 3, 2, 0, 0, 3, 1, 0, 0, 1, 3, 1, 1, 1, 0, 0, 0, 0, 1, 1, 2, 0, 1, 0, 3, 1, 1, 2, 0, 1, 1, 3, 0, 1, 1, 2, 2, 1, 0, 2, 3, 2, 1, 0, 1, 0, 1, 3, 0, 2, 2, 3, 0, 0, 0, 3, 0, 0, 1, 0, 0, 3, 0, 2, 3, 3, 0, 2, 0, 0, 0, 0, 0, 2, 1, 1, 0, 0, 1, 3, 0, 0, 0, 2, 0, 3, 3, 0, 2, 2, 0, 3, 2, 0, 1, 0, 3, 3, 3, 0, 0, 3, 0, 1, 2, 1, 0, 1, 0, 2, 3, 2, 2, 0, 1, 0, 0, 0, 0, 3, 0, 2, 0, 3, 3, 3, 2, 0, 0, 2, 3, 1, 3, 2, 0, 3, 0, 2, 3, 2, 0, 3, 1, 1, 3, 2, 1, 0, 0, 0, 3, 0, 0, 0, 0, 1, 2, 2, 3, 1, 1, 3, 0, 2, 0, 0, 0, 0, 0, 0, 0, 3, 2, 0, 0, 0, 3, 2, 1
RUN_2026-06-19_lowB_baselines_r6c1514, 19, 15, 999, 0, 999, 999, 13, 999, 9, 207, 63, 999, 3, 999, 999, 999, 144, 999, 64, 160, 80, 11, 14, 143, 999, 2, 16, 32, 999, 95, 31, 96, 999, 1, 111, 128, 192, 999, 999, 5, 176, 999, 191, 127, 79, 12, 999, 4, 175, 6, 47, 10, 8, 159, 999, 999, 112, 999, 7, 999, 48, 33, 116, 26, 22, 54, 100, 206, 40, 17, 71, 56, 124, 27, 184, 182, 99, 115, 55, 98, 161, 145, 38, 136, 152, 151, 179, 205, 183, 52, 60, 21, 999, 37, 51, 163, 140, 44, 49, 167, 70, 173, 29, 177, 202, 186, 201, 181, 135, 25, 130, 119, 134, 155, 120, 30, 178, 46, 114, 75, 190, 999, 59, 133, 165, 189, 999, 172, 156, 204, 149, 67, 999, 193, 999, 999, 68, 999, 999, 123, 107, 88, 168, 148, 999, 101, 94, 999, 200, 198, 53, 104, 41, 125, 999, 187, 147, 106, 23, 93, 195, 39, 199, 126, 196, 203, 108, 66, 43, 34, 188, 24, 122, 999, 185, 109, 169, 999, 180, 164, 999, 194, 89, 150, 82, 73, 999, 103, 117, 72, 129, 999, 83, 138, 162, 999, 84, 166, 999, 154, 999, 121, 171, 132, 19, 999, 18, 102, 999, 42, 141, 62, 78, 92, 999, 85, 118, 65, 76, 139, 69, 87, 86, 142, 158, 999, 157, 57, 50, 999, 58, 999, 110, 153, 137, 90, 74, 197, 91, 999, 97, 113, 35, 146, 999, 170, 999, 81, 28, 131, 61, 36, 20, 174, 77, 45, 105, 0, 0, 0, 0, 0, 0, 0, 0, 3, 1, 0, 1, 0, 0, 0, 3, 0, 1, 3, 3, 2, 0, 3, 0, 1, 2, 3, 0, 1, 2, 0, 0, 0, 1, 2, 2, 0, 0, 2, 1, 0, 2, 1, 0, 0, 0, 3, 3, 1, 3, 3, 3, 3, 0, 0, 3, 0, 2, 0, 0, 2, 0, 0, 0, 1, 3, 0, 1, 0, 0, 3, 0, 3, 3, 0, 2, 3, 0, 3, 2, 0, 0, 3, 1, 0, 0, 1, 3, 1, 1, 1, 0, 0, 0, 0, 1, 1, 2, 0, 1, 0, 3, 1, 1, 2, 0, 1, 1, 3, 0, 1, 1, 2, 2, 1, 0, 2, 3, 2, 1, 0, 1, 0, 1, 3, 0, 2, 2, 3, 0, 0, 0, 3, 0, 0, 1, 0, 0, 3, 0, 2, 3, 3, 0, 2, 0, 0, 2, 1, 0, 2, 1, 1, 0, 0, 1, 3, 0, 0, 0, 2, 3, 3, 3, 0, 2, 2, 0, 3, 2, 0, 1, 0, 3, 3, 3, 0, 0, 3, 0, 1, 2, 1, 0, 1, 0, 2, 3, 2, 2, 0, 1, 0, 0, 0, 0, 3, 0, 2, 0, 3, 3, 3, 2, 0, 0, 2, 0, 1, 3, 2, 0, 3, 0, 2, 3, 2, 0, 3, 1, 1, 3, 2, 1, 0, 0, 0, 3, 0, 0, 0, 0, 1, 2, 2, 3, 1, 1, 0, 0, 2, 0, 0, 0, 0, 0, 0, 0, 3, 2, 0, 0, 0, 3, 2, 1
RUN_2026-06-19_lowB_baselines_r6c1514, 20, 15, 999, 0, 999, 999, 13, 999, 9, 207, 63, 999, 3, 999, 999, 999, 144, 999, 64, 160, 80, 11, 14, 143, 999, 2, 16, 32, 999, 95, 31, 96, 999, 1, 111, 128, 192, 999, 999, 5, 176, 999, 191, 127, 79, 12, 999, 4, 175, 6, 47, 10, 8, 159, 999, 999, 112, 999, 7, 999, 48, 33, 116, 26, 22, 54, 100, 206, 40, 17, 71, 56, 124, 27, 184, 182, 99, 115, 55, 98, 161, 145, 38, 136, 152, 151, 179, 205, 183, 52, 60, 21, 999, 37, 51, 163, 140, 44, 49, 167, 70, 173, 29, 177, 202, 186, 201, 181, 135, 25, 130, 119, 134, 155, 120, 30, 178, 46, 114, 75, 190, 999, 59, 133, 165, 189, 999, 172, 156, 204, 149, 67, 999, 193, 999, 197, 68, 999, 999, 123, 107, 88, 168, 148, 999, 101, 94, 999, 999, 999, 53, 104, 41, 125, 196, 187, 147, 106, 23, 93, 195, 39, 999, 126, 999, 203, 108, 66, 43, 34, 188, 24, 122, 999, 185, 109, 169, 999, 180, 164, 999, 194, 89, 150, 82, 73, 999, 103, 117, 72, 129, 198, 83, 138, 162, 999, 84, 166, 999, 154, 999, 121, 171, 132, 19, 999, 18, 102, 200, 42, 141, 62, 78, 92, 999, 85, 118, 65, 76, 139, 69, 87, 86, 142, 158, 999, 157, 57, 50, 999, 58, 999, 110, 153, 137, 90, 74, 999, 91, 199, 97, 113, 35, 146, 999, 170, 999, 81, 28, 131, 61, 36, 20, 174, 77, 45, 105, 0, 0, 0, 0, 0, 0, 0, 0, 3, 1, 0, 1, 0, 0, 0, 3, 0, 1, 3, 3, 2, 0, 3, 0, 1, 2, 3, 0, 1, 2, 0, 0, 0, 1, 2, 2, 0, 0, 2, 1, 0, 2, 1, 0, 0, 0, 3, 3, 1, 3, 3, 3, 3, 0, 0, 3, 0, 2, 0, 0, 2, 0, 0, 0, 1, 3, 0, 1, 0, 0, 3, 0, 3, 3, 0, 2, 3, 0, 3, 2, 0, 0, 3, 1, 0, 0, 1, 3, 1, 1, 1, 0, 0, 0, 0, 1, 1, 2, 0, 1, 0, 3, 1, 1, 2, 0, 1, 1, 3, 0, 1, 1, 2, 2, 1, 0, 2, 3, 2, 1, 0, 1, 0, 1, 3, 0, 2, 2, 3, 0, 0, 0, 3, 0, 3, 1, 0, 0, 3, 0, 2, 3, 3, 0, 2, 0, 0, 0, 0, 0, 2, 1, 1, 0, 0, 1, 3, 0, 0, 0, 2, 0, 3, 0, 0, 2, 2, 0, 3, 2, 0, 1, 0, 3, 3, 3, 0, 0, 3, 0, 1, 2, 1, 0, 1, 0, 2, 3, 2, 2, 0, 1, 0, 0, 0, 0, 3, 0, 2, 0, 3, 3, 3, 2, 0, 0, 2, 3, 1, 3, 2, 0, 3, 0, 2, 3, 2, 0, 3, 1, 1, 3, 2, 1, 0, 0, 0, 3, 0, 0, 0, 0, 1, 2, 2, 3, 0, 1, 3, 0, 2, 0, 0, 0, 0, 0, 0, 0, 3, 2, 0, 0, 0, 3, 2, 1
RUN_2026-06-19_lowB_baselines_r6c1514, 21, 15, 999, 0, 999, 999, 13, 999, 9, 207, 63, 999, 3, 999, 999, 999, 144, 999, 64, 160, 80, 11, 14, 143, 999, 2, 16, 32, 999, 95, 31, 96, 999, 1, 111, 128, 192, 999, 999, 5, 176, 999, 191, 127, 79, 12, 999, 4, 175, 6, 47, 10, 8, 159, 999, 999, 112, 999, 7, 999, 48, 33, 116, 26, 22, 54, 100, 206, 40, 17, 71, 56, 124, 27, 184, 182, 99, 115, 55, 98, 161, 145, 38, 136, 152, 151, 179, 205, 183, 52, 60, 21, 999, 37, 51, 163, 140, 44, 49, 167, 70, 173, 29, 177, 202, 186, 201, 181, 135, 25, 130, 119, 134, 155, 120, 30, 178, 46, 114, 75, 190, 999, 59, 133, 165, 189, 999, 172, 156, 204, 149, 67, 999, 193, 999, 999, 68, 999, 999, 123, 107, 88, 168, 148, 999, 101, 94, 999, 999, 999, 53, 104, 41, 125, 999, 187, 147, 106, 23, 93, 195, 39, 999, 126, 196, 203, 108, 66, 43, 34, 188, 24, 122, 198, 185, 109, 169, 999, 180, 164, 999, 194, 89, 150, 82, 73, 999, 103, 117, 72, 129, 999, 83, 138, 162, 999, 84, 166, 999, 154, 999, 121, 171, 132, 19, 999, 18, 102, 200, 42, 141, 62, 78, 92, 999, 85, 118, 65, 76, 139, 69, 87, 86, 142, 158, 999, 157, 57, 50, 999, 58, 999, 110, 153, 137, 90, 74, 197, 91, 199, 97, 113, 35, 146, 999, 170, 999, 81, 28, 131, 61, 36, 20, 174, 77, 45, 105, 0, 0, 0, 0, 0, 0, 0, 0, 3, 1, 0, 1, 0, 0, 0, 3, 0, 1, 3, 3, 2, 0, 3, 0, 1, 2, 3, 0, 1, 2, 0, 0, 0, 1, 2, 2, 0, 0, 2, 1, 0, 2, 1, 0, 0, 0, 3, 3, 1, 3, 3, 3, 3, 0, 0, 3, 0, 2, 0, 0, 2, 0, 0, 0, 1, 3, 0, 1, 0, 0, 3, 0, 3, 3, 0, 2, 3, 0, 3, 2, 0, 0, 3, 1, 0, 0, 1, 3, 1, 1, 1, 0, 0, 0, 0, 1, 1, 2, 0, 1, 0, 3, 1, 1, 2, 0, 1, 1, 3, 0, 1, 1, 2, 2, 1, 0, 2, 3, 2, 1, 0, 1, 0, 1, 3, 0, 2, 2, 3, 0, 0, 0, 3, 0, 0, 1, 0, 0, 3, 0, 2, 3, 3, 0, 2, 0, 0, 0, 0, 0, 2, 1, 1, 0, 0, 1, 3, 0, 0, 0, 2, 0, 3, 3, 0, 2, 2, 0, 3, 2, 0, 1, 2, 3, 3, 3, 0, 0, 3, 0, 1, 2, 1, 0, 1, 0, 2, 3, 2, 2, 0, 1, 0, 0, 0, 0, 3, 0, 2, 0, 3, 3, 3, 2, 0, 0, 2, 3, 1, 3, 2, 0, 3, 0, 2, 3, 2, 0, 3, 1, 1, 3, 2, 1, 0, 0, 0, 3, 0, 0, 0, 0, 1, 2, 2, 3, 1, 1, 3, 0, 2, 0, 0, 0, 0, 0, 0, 0, 3, 2, 0, 0, 0, 3, 2, 1
RUN_2026-06-19_lowB_baselines_r6c1514, 22, 15, 999, 0, 999, 999, 13, 999, 9, 207, 63, 999, 3, 999, 999, 999, 144, 999, 64, 160, 80, 11, 14, 143, 999, 2, 16, 32, 999, 95, 31, 96, 999, 1, 111, 128, 192, 999, 999, 5, 176, 999, 191, 127, 79, 12, 999, 4, 175, 6, 47, 10, 8, 159, 999, 999, 112, 999, 7, 999, 48, 33, 116, 26, 22, 54, 100, 206, 40, 17, 71, 56, 124, 27, 184, 182, 99, 115, 55, 98, 161, 145, 38, 136, 152, 151, 179, 205, 183, 52, 60, 21, 999, 37, 51, 163, 140, 44, 49, 167, 70, 173, 29, 177, 202, 186, 201, 181, 135, 25, 130, 119, 134, 155, 120, 30, 178, 46, 114, 75, 190, 999, 59, 133, 165, 189, 999, 172, 156, 204, 149, 67, 999, 193, 999, 999, 68, 999, 999, 123, 107, 88, 168, 148, 999, 101, 94, 999, 999, 198, 53, 104, 41, 125, 999, 187, 147, 106, 23, 93, 195, 39, 199, 126, 196, 203, 108, 66, 43, 34, 188, 24, 122, 999, 185, 109, 169, 999, 180, 164, 999, 194, 89, 150, 82, 73, 999, 103, 117, 72, 129, 200, 83, 138, 162, 999, 84, 166, 999, 154, 999, 121, 171, 132, 19, 999, 18, 102, 999, 42, 141, 62, 78, 92, 999, 85, 118, 65, 76, 139, 69, 87, 86, 142, 158, 999, 157, 57, 50, 999, 58, 999, 110, 153, 137, 90, 74, 197, 91, 999, 97, 113, 35, 146, 999, 170, 999, 81, 28, 131, 61, 36, 20, 174, 77, 45, 105, 0, 0, 0, 0, 0, 0, 0, 0, 3, 1, 0, 1, 0, 0, 0, 3, 0, 1, 3, 3, 2, 0, 3, 0, 1, 2, 3, 0, 1, 2, 0, 0, 0, 1, 2, 2, 0, 0, 2, 1, 0, 2, 1, 0, 0, 0, 3, 3, 1, 3, 3, 3, 3, 0, 0, 3, 0, 2, 0, 0, 2, 0, 0, 0, 1, 3, 0, 1, 0, 0, 3, 0, 3, 3, 0, 2, 3, 0, 3, 2, 0, 0, 3, 1, 0, 0, 1, 3, 1, 1, 1, 0, 0, 0, 0, 1, 1, 2, 0, 1, 0, 3, 1, 1, 2, 0, 1, 1, 3, 0, 1, 1, 2, 2, 1, 0, 2, 3, 2, 1, 0, 1, 0, 1, 3, 0, 2, 2, 3, 0, 0, 0, 3, 0, 0, 1, 0, 0, 3, 0, 2, 3, 3, 0, 2, 0, 0, 0, 1, 0, 2, 1, 1, 0, 0, 1, 3, 0, 0, 0, 2, 3, 3, 3, 0, 2, 2, 0, 3, 2, 0, 1, 0, 3, 3, 3, 0, 0, 3, 0, 1, 2, 1, 0, 1, 0, 2, 3, 2, 2, 1, 1, 0, 0, 0, 0, 3, 0, 2, 0, 3, 3, 3, 2, 0, 0, 2, 0, 1, 3, 2, 0, 3, 0, 2, 3, 2, 0, 3, 1, 1, 3, 2, 1, 0, 0, 0, 3, 0, 0, 0, 0, 1, 2, 2, 3, 1, 1, 0, 0, 2, 0, 0, 0, 0, 0, 0, 0, 3, 2, 0, 0, 0, 3, 2, 1
RUN_2026-06-19_lowB_baselines_r6c1514, 23, 15, 999, 0, 999, 999, 13, 999, 9, 207, 63, 999, 3, 999, 999, 999, 144, 999, 64, 160, 80, 11, 14, 143, 999, 2, 16, 32, 999, 95, 31, 96, 999, 1, 111, 128, 192, 999, 999, 5, 176, 999, 191, 127, 79, 12, 999, 4, 175, 6, 47, 10, 8, 159, 999, 999, 112, 999, 7, 999, 48, 33, 116, 26, 22, 54, 100, 206, 40, 17, 71, 56, 124, 27, 184, 182, 99, 115, 55, 98, 161, 145, 38, 136, 152, 151, 179, 205, 183, 52, 60, 21, 999, 37, 51, 163, 140, 44, 49, 167, 70, 173, 29, 177, 202, 186, 201, 181, 135, 25, 130, 119, 134, 155, 120, 30, 178, 46, 114, 75, 190, 999, 59, 133, 165, 189, 999, 172, 156, 204, 149, 67, 999, 193, 999, 999, 68, 999, 999, 123, 107, 88, 168, 148, 999, 101, 94, 197, 999, 999, 53, 104, 41, 125, 196, 187, 147, 106, 23, 93, 195, 39, 999, 126, 999, 203, 108, 66, 43, 34, 188, 24, 122, 999, 185, 109, 169, 999, 180, 164, 999, 194, 89, 150, 82, 73, 999, 103, 117, 72, 129, 198, 83, 138, 162, 999, 84, 166, 999, 154, 999, 121, 171, 132, 19, 999, 18, 102, 200, 42, 141, 62, 78, 92, 999, 85, 118, 65, 76, 139, 69, 87, 86, 142, 158, 999, 157, 57, 50, 999, 58, 999, 110, 153, 137, 90, 74, 999, 91, 199, 97, 113, 35, 146, 999, 170, 999, 81, 28, 131, 61, 36, 20, 174, 77, 45, 105, 0, 0, 0, 0, 0, 0, 0, 0, 3, 1, 0, 1, 0, 0, 0, 3, 0, 1, 3, 3, 2, 0, 3, 0, 1, 2, 3, 0, 1, 2, 0, 0, 0, 1, 2, 2, 0, 0, 2, 1, 0, 2, 1, 0, 0, 0, 3, 3, 1, 3, 3, 3, 3, 0, 0, 3, 0, 2, 0, 0, 2, 0, 0, 0, 1, 3, 0, 1, 0, 0, 3, 0, 3, 3, 0, 2, 3, 0, 3, 2, 0, 0, 3, 1, 0, 0, 1, 3, 1, 1, 1, 0, 0, 0, 0, 1, 1, 2, 0, 1, 0, 3, 1, 1, 2, 0, 1, 1, 3, 0, 1, 1, 2, 2, 1, 0, 2, 3, 2, 1, 0, 1, 0, 1, 3, 0, 2, 2, 3, 0, 0, 0, 3, 0, 0, 1, 0, 0, 3, 0, 2, 3, 3, 0, 2, 0, 1, 0, 0, 0, 2, 1, 1, 0, 0, 1, 3, 0, 0, 0, 2, 0, 3, 0, 0, 2, 2, 0, 3, 2, 0, 1, 0, 3, 3, 3, 0, 0, 3, 0, 1, 2, 1, 0, 1, 0, 2, 3, 2, 2, 0, 1, 0, 0, 0, 0, 3, 0, 2, 0, 3, 3, 3, 2, 0, 0, 2, 3, 1, 3, 2, 0, 3, 0, 2, 3, 2, 0, 3, 1, 1, 3, 2, 1, 0, 0, 0, 3, 0, 0, 0, 0, 1, 2, 2, 3, 0, 1, 3, 0, 2, 0, 0, 0, 0, 0, 0, 0, 3, 2, 0, 0, 0, 3, 2, 1
RUN_2026-06-19_lowB_baselines_r6c897, 24, 15, 999, 0, 999, 999, 9, 999, 3, 176, 111, 999, 7, 143, 999, 999, 191, 999, 999, 999, 175, 10, 2, 999, 999, 6, 16, 32, 144, 31, 64, 207, 160, 1, 47, 128, 999, 127, 999, 12, 999, 999, 95, 999, 80, 8, 63, 11, 79, 13, 192, 5, 14, 999, 96, 112, 999, 999, 4, 159, 48, 33, 164, 139, 93, 39, 201, 999, 999, 17, 999, 196, 55, 94, 118, 999, 92, 90, 29, 999, 119, 74, 999, 54, 106, 999, 105, 172, 180, 62, 78, 999, 146, 38, 147, 163, 999, 49, 173, 140, 205, 162, 129, 145, 199, 107, 115, 184, 151, 150, 25, 91, 999, 170, 24, 71, 21, 60, 72, 116, 52, 183, 117, 137, 133, 23, 130, 200, 178, 123, 161, 193, 136, 138, 68, 59, 154, 132, 19, 999, 99, 83, 999, 30, 190, 57, 126, 43, 73, 75, 76, 202, 40, 35, 999, 999, 148, 42, 125, 77, 131, 98, 44, 41, 97, 86, 167, 187, 198, 999, 70, 124, 84, 134, 174, 34, 194, 152, 46, 168, 171, 20, 101, 165, 155, 166, 999, 85, 56, 185, 999, 169, 108, 999, 158, 156, 182, 181, 109, 153, 999, 157, 999, 89, 204, 45, 179, 195, 67, 27, 110, 999, 114, 203, 188, 122, 18, 999, 113, 102, 51, 999, 189, 197, 28, 53, 66, 100, 69, 186, 177, 142, 22, 999, 50, 58, 65, 121, 37, 81, 82, 88, 36, 135, 104, 999, 999, 206, 26, 103, 120, 999, 87, 149, 141, 999, 61, 0, 0, 0, 0, 0, 0, 0, 0, 1, 1, 0, 1, 1, 0, 0, 1, 0, 0, 0, 1, 2, 0, 0, 0, 1, 2, 3, 1, 1, 0, 2, 2, 0, 1, 2, 0, 0, 0, 2, 0, 0, 2, 0, 2, 0, 2, 3, 3, 1, 1, 3, 3, 0, 0, 0, 0, 0, 2, 1, 0, 2, 3, 0, 3, 3, 3, 0, 0, 0, 0, 3, 1, 3, 1, 0, 0, 2, 1, 0, 1, 0, 0, 2, 0, 0, 1, 1, 2, 0, 1, 0, 1, 1, 2, 3, 0, 3, 1, 3, 2, 0, 0, 3, 3, 0, 0, 0, 1, 3, 0, 2, 0, 1, 2, 3, 1, 0, 0, 1, 1, 3, 1, 1, 3, 0, 1, 0, 3, 3, 1, 2, 2, 0, 2, 0, 0, 2, 1, 0, 1, 2, 0, 1, 2, 3, 0, 0, 1, 1, 2, 1, 1, 0, 0, 0, 0, 3, 2, 1, 0, 2, 3, 2, 1, 1, 3, 1, 3, 0, 0, 2, 3, 0, 3, 2, 3, 1, 1, 3, 3, 2, 1, 2, 0, 3, 0, 1, 0, 3, 0, 2, 3, 0, 2, 2, 3, 3, 2, 0, 0, 1, 0, 3, 1, 2, 3, 0, 2, 3, 2, 0, 1, 3, 1, 3, 2, 0, 3, 1, 1, 0, 0, 0, 1, 2, 0, 0, 1, 2, 0, 1, 1, 0, 3, 3, 1, 3, 3, 3, 1, 2, 0, 3, 0, 0, 0, 2, 2, 0, 2, 0, 1, 0, 2, 0, 1
RUN_2026-06-19_lowB_baselines_r6c897, 25, 15, 999, 0, 999, 999, 9, 999, 3, 176, 111, 999, 7, 143, 999, 192, 191, 999, 999, 999, 175, 10, 2, 999, 999, 6, 16, 32, 144, 31, 64, 207, 160, 1, 47, 128, 999, 127, 999, 12, 999, 999, 95, 999, 80, 8, 63, 11, 79, 13, 999, 5, 14, 999, 96, 112, 999, 999, 4, 159, 48, 33, 164, 139, 93, 39, 201, 999, 999, 17, 999, 196, 55, 94, 118, 999, 92, 90, 29, 999, 119, 74, 999, 54, 106, 999, 105, 172, 180, 62, 78, 999, 146, 38, 147, 163, 999, 49, 173, 140, 205, 162, 129, 145, 199, 107, 115, 184, 151, 150, 25, 91, 999, 170, 24, 71, 21, 60, 72, 116, 52, 183, 117, 137, 133, 23, 130, 200, 178, 123, 161, 193, 136, 138, 68, 59, 154, 132, 19, 999, 99, 83, 999, 30, 190, 57, 126, 43, 73, 75, 76, 202, 40, 35, 999, 999, 148, 42, 125, 77, 131, 98, 44, 41, 97, 86, 167, 187, 198, 999, 70, 124, 84, 134, 174, 34, 194, 152, 46, 168, 171, 20, 101, 165, 155, 166, 999, 85, 56, 185, 999, 169, 108, 999, 158, 156, 182, 181, 109, 153, 999, 157, 999, 89, 204, 45, 179, 195, 67, 27, 110, 999, 114, 203, 188, 122, 18, 999, 113, 102, 51, 999, 189, 197, 28, 53, 66, 100, 69, 186, 177, 142, 22, 999, 50, 58, 65, 121, 37, 81, 82, 88, 36, 135, 104, 999, 999, 206, 26, 103, 120, 999, 87, 149, 141, 999, 61, 0, 0, 0, 0, 0, 0, 0, 0, 1, 1, 0, 1, 1, 0, 2, 1, 0, 0, 0, 1, 2, 0, 0, 0, 1, 2, 3, 1, 1, 0, 2, 2, 0, 1, 2, 0, 0, 0, 2, 0, 0, 2, 0, 2, 0, 2, 3, 3, 1, 0, 3, 3, 0, 0, 0, 0, 0, 2, 1, 0, 2, 3, 0, 3, 3, 3, 0, 0, 0, 0, 3, 1, 3, 1, 0, 0, 2, 1, 0, 1, 0, 0, 2, 0, 0, 1, 1, 2, 0, 1, 0, 1, 1, 2, 3, 0, 3, 1, 3, 2, 0, 0, 3, 3, 0, 0, 0, 1, 3, 0, 2, 0, 1, 2, 3, 1, 0, 0, 1, 1, 3, 1, 1, 3, 0, 1, 0, 3, 3, 1, 2, 2, 0, 2, 0, 0, 2, 1, 0, 1, 2, 0, 1, 2, 3, 0, 0, 1, 1, 2, 1, 1, 0, 0, 0, 0, 3, 2, 1, 0, 2, 3, 2, 1, 1, 3, 1, 3, 0, 0, 2, 3, 0, 3, 2, 3, 1, 1, 3, 3, 2, 1, 2, 0, 3, 0, 1, 0, 3, 0, 2, 3, 0, 2, 2, 3, 3, 2, 0, 0, 1, 0, 3, 1, 2, 3, 0, 2, 3, 2, 0, 1, 3, 1, 3, 2, 0, 3, 1, 1, 0, 0, 0, 1, 2, 0, 0, 1, 2, 0, 1, 1, 0, 3, 3, 1, 3, 3, 3, 1, 2, 0, 3, 0, 0, 0, 2, 2, 0, 2, 0, 1, 0, 2, 0, 1
RUN_2026-06-19_lowB_baselines_r6c897, 26, 15, 999, 0, 999, 999, 9, 999, 3, 176, 111, 999, 7, 143, 999, 192, 191, 999, 999, 999, 175, 10, 2, 999, 999, 6, 16, 32, 144, 31, 64, 207, 160, 1, 47, 128, 999, 127, 999, 12, 999, 999, 95, 999, 80, 8, 63, 11, 79, 13, 999, 5, 14, 999, 96, 112, 999, 999, 4, 159, 48, 33, 164, 139, 93, 39, 201, 999, 999, 17, 999, 196, 55, 94, 118, 999, 92, 90, 29, 999, 119, 74, 999, 54, 106, 999, 105, 172, 180, 62, 78, 999, 146, 38, 147, 163, 999, 49, 173, 140, 205, 162, 129, 145, 199, 107, 115, 184, 151, 150, 25, 91, 999, 170, 24, 71, 21, 60, 72, 116, 52, 183, 117, 137, 133, 23, 130, 200, 178, 123, 161, 193, 136, 138, 68, 59, 154, 132, 19, 198, 99, 83, 999, 30, 190, 57, 126, 43, 73, 75, 76, 202, 40, 35, 999, 999, 148, 42, 125, 77, 131, 98, 44, 41, 97, 86, 167, 187, 999, 999, 70, 124, 84, 134, 174, 34, 194, 152, 46, 168, 171, 20, 101, 165, 155, 166, 999, 85, 56, 185, 999, 169, 108, 999, 158, 156, 182, 181, 109, 153, 999, 157, 999, 89, 204, 45, 179, 195, 67, 27, 110, 999, 114, 203, 188, 122, 18, 999, 113, 102, 51, 999, 189, 197, 28, 53, 66, 100, 69, 186, 177, 142, 22, 999, 50, 58, 65, 121, 37, 81, 82, 88, 36, 135, 104, 999, 999, 206, 26, 103, 120, 999, 87, 149, 141, 999, 61, 0, 0, 0, 0, 0, 0, 0, 0, 1, 1, 0, 1, 1, 0, 2, 1, 0, 0, 0, 1, 2, 0, 0, 0, 1, 2, 3, 1, 1, 0, 2, 2, 0, 1, 2, 0, 0, 0, 2, 0, 0, 2, 0, 2, 0, 2, 3, 3, 1, 0, 3, 3, 0, 0, 0, 0, 0, 2, 1, 0, 2, 3, 0, 3, 3, 3, 0, 0, 0, 0, 3, 1, 3, 1, 0, 0, 2, 1, 0, 1, 0, 0, 2, 0, 0, 1, 1, 2, 0, 1, 0, 1, 1, 2, 3, 0, 3, 1, 3, 2, 0, 0, 3, 3, 0, 0, 0, 1, 3, 0, 2, 0, 1, 2, 3, 1, 0, 0, 1, 1, 3, 1, 1, 3, 0, 1, 0, 3, 3, 1, 2, 2, 0, 2, 0, 0, 2, 1, 0, 1, 2, 0, 1, 2, 3, 0, 0, 1, 1, 2, 1, 1, 0, 0, 0, 0, 3, 2, 1, 0, 2, 3, 2, 1, 1, 3, 1, 0, 0, 0, 2, 3, 0, 3, 2, 3, 1, 1, 3, 3, 2, 1, 2, 0, 3, 0, 1, 0, 3, 0, 2, 3, 0, 2, 2, 3, 3, 2, 0, 0, 1, 0, 3, 1, 2, 3, 0, 2, 3, 2, 0, 1, 3, 1, 3, 2, 0, 3, 1, 1, 0, 0, 0, 1, 2, 0, 0, 1, 2, 0, 1, 1, 0, 3, 3, 1, 3, 3, 3, 1, 2, 0, 3, 0, 0, 0, 2, 2, 0, 2, 0, 1, 0, 2, 0, 1
RUN_2026-06-19_lowB_baselines_r6c897, 27, 15, 999, 0, 999, 999, 9, 999, 3, 176, 111, 999, 7, 143, 999, 999, 191, 999, 999, 999, 175, 10, 2, 999, 999, 6, 16, 32, 144, 31, 64, 207, 160, 1, 47, 128, 999, 127, 999, 12, 999, 999, 95, 999, 80, 8, 63, 11, 79, 13, 192, 5, 14, 999, 96, 112, 999, 999, 4, 159, 48, 33, 164, 139, 93, 39, 201, 999, 999, 17, 999, 196, 55, 94, 118, 999, 92, 90, 29, 999, 119, 74, 999, 54, 106, 999, 105, 172, 180, 62, 78, 999, 146, 38, 147, 163, 999, 49, 173, 140, 205, 162, 129, 145, 199, 107, 115, 184, 151, 150, 25, 91, 999, 170, 24, 71, 21, 60, 72, 116, 52, 183, 117, 137, 133, 23, 130, 200, 178, 123, 161, 193, 136, 138, 68, 59, 154, 132, 19, 198, 99, 83, 999, 30, 190, 57, 126, 43, 73, 75, 76, 202, 40, 35, 999, 999, 148, 42, 125, 77, 131, 98, 44, 41, 97, 86, 167, 187, 999, 999, 70, 124, 84, 134, 174, 34, 194, 152, 46, 168, 171, 20, 101, 165, 155, 166, 999, 85, 56, 185, 999, 169, 108, 999, 158, 156, 182, 181, 109, 153, 999, 157, 999, 89, 204, 45, 179, 195, 67, 27, 110, 999, 114, 203, 188, 122, 18, 999, 113, 102, 51, 999, 189, 197, 28, 53, 66, 100, 69, 186, 177, 142, 22, 999, 50, 58, 65, 121, 37, 81, 82, 88, 36, 135, 104, 999, 999, 206, 26, 103, 120, 999, 87, 149, 141, 999, 61, 0, 0, 0, 0, 0, 0, 0, 0, 1, 1, 0, 1, 1, 0, 0, 1, 0, 0, 0, 1, 2, 0, 0, 0, 1, 2, 3, 1, 1, 0, 2, 2, 0, 1, 2, 0, 0, 0, 2, 0, 0, 2, 0, 2, 0, 2, 3, 3, 1, 1, 3, 3, 0, 0, 0, 0, 0, 2, 1, 0, 2, 3, 0, 3, 3, 3, 0, 0, 0, 0, 3, 1, 3, 1, 0, 0, 2, 1, 0, 1, 0, 0, 2, 0, 0, 1, 1, 2, 0, 1, 0, 1, 1, 2, 3, 0, 3, 1, 3, 2, 0, 0, 3, 3, 0, 0, 0, 1, 3, 0, 2, 0, 1, 2, 3, 1, 0, 0, 1, 1, 3, 1, 1, 3, 0, 1, 0, 3, 3, 1, 2, 2, 0, 2, 0, 0, 2, 1, 0, 1, 2, 0, 1, 2, 3, 0, 0, 1, 1, 2, 1, 1, 0, 0, 0, 0, 3, 2, 1, 0, 2, 3, 2, 1, 1, 3, 1, 0, 0, 0, 2, 3, 0, 3, 2, 3, 1, 1, 3, 3, 2, 1, 2, 0, 3, 0, 1, 0, 3, 0, 2, 3, 0, 2, 2, 3, 3, 2, 0, 0, 1, 0, 3, 1, 2, 3, 0, 2, 3, 2, 0, 1, 3, 1, 3, 2, 0, 3, 1, 1, 0, 0, 0, 1, 2, 0, 0, 1, 2, 0, 1, 1, 0, 3, 3, 1, 3, 3, 3, 1, 2, 0, 3, 0, 0, 0, 2, 2, 0, 2, 0, 1, 0, 2, 0, 1
RUN_2026-06-19_lowB_baselines_r6c1195, 28, 15, 999, 0, 999, 999, 3, 999, 5, 999, 999, 999, 10, 127, 207, 191, 96, 48, 999, 112, 192, 7, 4, 176, 999, 2, 128, 80, 79, 31, 999, 64, 144, 1, 47, 999, 95, 111, 999, 11, 175, 63, 999, 16, 999, 9, 999, 8, 159, 13, 999, 6, 14, 143, 32, 999, 160, 999, 12, 999, 999, 200, 999, 999, 183, 199, 169, 999, 182, 184, 117, 999, 195, 147, 38, 999, 135, 119, 29, 68, 129, 999, 166, 146, 69, 140, 81, 120, 162, 999, 156, 54, 118, 999, 134, 167, 163, 194, 999, 185, 178, 19, 202, 174, 999, 37, 173, 189, 23, 130, 65, 188, 44, 999, 39, 999, 78, 999, 116, 20, 131, 57, 21, 999, 22, 115, 152, 186, 190, 45, 158, 201, 136, 999, 56, 999, 66, 104, 124, 198, 114, 51, 205, 30, 206, 170, 110, 123, 165, 999, 70, 999, 36, 103, 109, 122, 97, 98, 88, 89, 179, 999, 67, 999, 73, 172, 99, 171, 35, 71, 24, 125, 52, 90, 999, 113, 77, 999, 157, 34, 93, 197, 100, 49, 139, 62, 26, 86, 83, 101, 87, 75, 181, 196, 55, 177, 153, 59, 161, 999, 151, 42, 61, 85, 168, 999, 58, 138, 149, 17, 84, 28, 91, 33, 164, 154, 107, 76, 187, 150, 94, 108, 137, 148, 142, 27, 102, 141, 132, 155, 43, 126, 18, 999, 72, 133, 145, 106, 203, 60, 50, 105, 53, 204, 180, 40, 121, 74, 999, 193, 999, 25, 46, 999, 92, 41, 82, 0, 0, 0, 0, 0, 0, 0, 0, 0, 0, 0, 1, 1, 0, 0, 3, 2, 0, 3, 3, 2, 0, 1, 0, 1, 2, 3, 3, 1, 0, 0, 2, 0, 1, 0, 0, 0, 0, 2, 3, 3, 0, 3, 0, 0, 0, 3, 3, 1, 0, 3, 3, 3, 0, 0, 3, 0, 2, 0, 0, 2, 0, 0, 1, 1, 3, 0, 0, 0, 2, 0, 1, 2, 2, 0, 2, 3, 1, 3, 1, 0, 1, 3, 0, 0, 3, 3, 0, 0, 1, 3, 3, 0, 0, 1, 1, 0, 0, 0, 0, 2, 2, 3, 0, 0, 0, 0, 0, 3, 1, 1, 1, 0, 3, 0, 2, 0, 0, 1, 2, 1, 1, 0, 3, 0, 2, 3, 0, 0, 2, 0, 3, 0, 3, 0, 1, 3, 2, 3, 1, 2, 0, 1, 0, 2, 0, 2, 1, 0, 2, 0, 3, 1, 2, 2, 3, 0, 3, 3, 1, 0, 0, 0, 2, 0, 0, 2, 1, 3, 1, 3, 3, 1, 0, 0, 2, 0, 1, 0, 1, 0, 2, 2, 0, 1, 3, 1, 1, 1, 0, 2, 2, 1, 3, 3, 0, 1, 1, 0, 2, 0, 3, 1, 0, 0, 2, 1, 0, 3, 0, 2, 2, 3, 3, 2, 1, 0, 2, 2, 1, 3, 2, 3, 1, 0, 0, 0, 3, 3, 3, 1, 1, 0, 3, 3, 2, 0, 0, 2, 1, 3, 3, 1, 2, 1, 1, 2, 0, 2, 0, 0, 1, 0, 1, 3, 2
RUN_2026-06-19_lowB_baselines_r6c1195, 29, 15, 999, 0, 999, 999, 3, 999, 5, 999, 999, 192, 10, 127, 207, 191, 96, 48, 999, 112, 999, 7, 4, 176, 999, 2, 128, 80, 79, 31, 999, 64, 144, 1, 47, 999, 95, 111, 999, 11, 175, 63, 999, 16, 999, 9, 999, 8, 159, 13, 999, 6, 14, 143, 32, 999, 160, 999, 12, 999, 999, 200, 999, 999, 183, 199, 169, 999, 182, 184, 117, 999, 195, 147, 38, 999, 135, 119, 29, 68, 129, 999, 166, 146, 69, 140, 81, 120, 162, 999, 156, 54, 118, 999, 134, 167, 163, 194, 999, 185, 178, 19, 202, 174, 999, 37, 173, 189, 23, 130, 65, 188, 44, 999, 39, 999, 78, 999, 116, 20, 131, 57, 21, 999, 22, 115, 152, 186, 190, 45, 158, 201, 136, 999, 56, 999, 66, 104, 124, 198, 114, 51, 205, 30, 206, 170, 110, 123, 165, 999, 70, 999, 36, 103, 109, 122, 97, 98, 88, 89, 179, 999, 67, 999, 73, 172, 99, 171, 35, 71, 24, 125, 52, 90, 999, 113, 77, 999, 157, 34, 93, 197, 100, 49, 139, 62, 26, 86, 83, 101, 87, 75, 181, 196, 55, 177, 153, 59, 161, 999, 151, 42, 61, 85, 168, 999, 58, 138, 149, 17, 84, 28, 91, 33, 164, 154, 107, 76, 187, 150, 94, 108, 137, 148, 142, 27, 102, 141, 132, 155, 43, 126, 18, 999, 72, 133, 145, 106, 203, 60, 50, 105, 53, 204, 180, 40, 121, 74, 999, 193, 999, 25, 46, 999, 92, 41, 82, 0, 0, 0, 0, 0, 0, 0, 0, 0, 0, 1, 1, 1, 0, 0, 3, 2, 0, 3, 0, 2, 0, 1, 0, 1, 2, 3, 3, 1, 0, 0, 2, 0, 1, 0, 0, 0, 0, 2, 3, 3, 0, 3, 0, 0, 0, 3, 3, 1, 0, 3, 3, 3, 0, 0, 3, 0, 2, 0, 0, 2, 0, 0, 1, 1, 3, 0, 0, 0, 2, 0, 1, 2, 2, 0, 2, 3, 1, 3, 1, 0, 1, 3, 0, 0, 3, 3, 0, 0, 1, 3, 3, 0, 0, 1, 1, 0, 0, 0, 0, 2, 2, 3, 0, 0, 0, 0, 0, 3, 1, 1, 1, 0, 3, 0, 2, 0, 0, 1, 2, 1, 1, 0, 3, 0, 2, 3, 0, 0, 2, 0, 3, 0, 3, 0, 1, 3, 2, 3, 1, 2, 0, 1, 0, 2, 0, 2, 1, 0, 2, 0, 3, 1, 2, 2, 3, 0, 3, 3, 1, 0, 0, 0, 2, 0, 0, 2, 1, 3, 1, 3, 3, 1, 0, 0, 2, 0, 1, 0, 1, 0, 2, 2, 0, 1, 3, 1, 1, 1, 0, 2, 2, 1, 3, 3, 0, 1, 1, 0, 2, 0, 3, 1, 0, 0, 2, 1, 0, 3, 0, 2, 2, 3, 3, 2, 1, 0, 2, 2, 1, 3, 2, 3, 1, 0, 0, 0, 3, 3, 3, 1, 1, 0, 3, 3, 2, 0, 0, 2, 1, 3, 3, 1, 2, 1, 1, 2, 0, 2, 0, 0, 1, 0, 1, 3, 2
RUN_2026-06-19_lowB_baselines_r6c1195, 30, 15, 999, 0, 999, 999, 3, 999, 5, 999, 999, 192, 10, 127, 207, 191, 96, 48, 999, 112, 999, 7, 4, 176, 999, 2, 128, 80, 79, 31, 999, 64, 144, 1, 47, 999, 95, 111, 999, 11, 175, 63, 999, 16, 999, 9, 999, 8, 159, 13, 999, 6, 14, 143, 32, 999, 160, 999, 12, 999, 999, 200, 999, 999, 183, 999, 169, 999, 182, 184, 117, 999, 195, 147, 38, 999, 135, 119, 29, 68, 129, 999, 166, 146, 69, 140, 81, 120, 162, 198, 156, 54, 118, 999, 134, 167, 163, 194, 199, 185, 178, 19, 202, 174, 999, 37, 173, 189, 23, 130, 65, 188, 44, 999, 39, 999, 78, 999, 116, 20, 131, 57, 21, 999, 22, 115, 152, 186, 190, 45, 158, 201, 136, 999, 56, 999, 66, 104, 124, 205, 114, 51, 999, 30, 206, 170, 110, 123, 165, 999, 70, 999, 36, 103, 109, 122, 97, 98, 88, 89, 179, 999, 67, 197, 73, 172, 99, 171, 35, 71, 24, 125, 52, 90, 204, 113, 77, 999, 157, 34, 93, 999, 100, 49, 139, 62, 26, 86, 83, 101, 87, 75, 181, 196, 55, 177, 153, 59, 161, 999, 151, 42, 61, 85, 168, 999, 58, 138, 149, 17, 84, 28, 91, 33, 164, 154, 107, 76, 187, 150, 94, 108, 137, 148, 142, 27, 102, 141, 132, 155, 43, 126, 18, 999, 72, 133, 145, 106, 203, 60, 50, 105, 53, 999, 180, 40, 121, 74, 999, 193, 999, 25, 46, 999, 92, 41, 82, 0, 0, 0, 0, 0, 0, 0, 0, 0, 0, 1, 1, 1, 0, 0, 3, 2, 0, 3, 0, 2, 0, 1, 0, 1, 2, 3, 3, 1, 0, 0, 2, 0, 1, 0, 0, 0, 0, 2, 3, 3, 0, 3, 0, 0, 0, 3, 3, 1, 0, 3, 3, 3, 0, 0, 3, 0, 2, 0, 0, 2, 0, 0, 1, 0, 3, 0, 0, 0, 2, 0, 1, 2, 2, 0, 2, 3, 1, 3, 1, 0, 1, 3, 0, 0, 3, 3, 0, 0, 1, 3, 3, 0, 0, 1, 1, 0, 3, 0, 0, 2, 2, 3, 0, 0, 0, 0, 0, 3, 1, 1, 1, 0, 3, 0, 2, 0, 0, 1, 2, 1, 1, 0, 3, 0, 2, 3, 0, 0, 2, 0, 3, 0, 3, 0, 1, 3, 2, 3, 1, 2, 0, 1, 0, 2, 0, 2, 1, 0, 2, 0, 3, 1, 2, 2, 3, 0, 3, 3, 1, 0, 0, 2, 2, 0, 0, 2, 1, 3, 1, 3, 3, 1, 2, 0, 2, 0, 1, 0, 1, 0, 2, 2, 0, 1, 3, 1, 1, 1, 0, 2, 2, 1, 3, 3, 0, 1, 1, 0, 2, 0, 3, 1, 0, 0, 2, 1, 0, 3, 0, 2, 2, 3, 3, 2, 1, 0, 2, 2, 1, 3, 2, 3, 1, 0, 0, 0, 3, 3, 3, 1, 1, 0, 3, 3, 2, 0, 0, 2, 1, 3, 3, 0, 2, 1, 1, 2, 0, 2, 0, 0, 1, 0, 1, 3, 2
RUN_2026-06-19_lowB_baselines_r6c1195, 31, 15, 999, 0, 999, 999, 3, 999, 5, 999, 999, 999, 10, 127, 207, 191, 96, 48, 999, 112, 192, 7, 4, 176, 999, 2, 128, 80, 79, 31, 999, 64, 144, 1, 47, 999, 95, 111, 999, 11, 175, 63, 999, 16, 999, 9, 999, 8, 159, 13, 999, 6, 14, 143, 32, 999, 160, 999, 12, 999, 999, 200, 999, 999, 183, 999, 169, 999, 182, 184, 117, 999, 195, 147, 38, 999, 135, 119, 29, 68, 129, 999, 166, 146, 69, 140, 81, 120, 162, 198, 156, 54, 118, 999, 134, 167, 163, 194, 199, 185, 178, 19, 202, 174, 999, 37, 173, 189, 23, 130, 65, 188, 44, 999, 39, 999, 78, 999, 116, 20, 131, 57, 21, 999, 22, 115, 152, 186, 190, 45, 158, 201, 136, 999, 56, 999, 66, 104, 124, 205, 114, 51, 999, 30, 206, 170, 110, 123, 165, 999, 70, 999, 36, 103, 109, 122, 97, 98, 88, 89, 179, 999, 67, 197, 73, 172, 99, 171, 35, 71, 24, 125, 52, 90, 204, 113, 77, 999, 157, 34, 93, 999, 100, 49, 139, 62, 26, 86, 83, 101, 87, 75, 181, 196, 55, 177, 153, 59, 161, 999, 151, 42, 61, 85, 168, 999, 58, 138, 149, 17, 84, 28, 91, 33, 164, 154, 107, 76, 187, 150, 94, 108, 137, 148, 142, 27, 102, 141, 132, 155, 43, 126, 18, 999, 72, 133, 145, 106, 203, 60, 50, 105, 53, 999, 180, 40, 121, 74, 999, 193, 999, 25, 46, 999, 92, 41, 82, 0, 0, 0, 0, 0, 0, 0, 0, 0, 0, 0, 1, 1, 0, 0, 3, 2, 0, 3, 3, 2, 0, 1, 0, 1, 2, 3, 3, 1, 0, 0, 2, 0, 1, 0, 0, 0, 0, 2, 3, 3, 0, 3, 0, 0, 0, 3, 3, 1, 0, 3, 3, 3, 0, 0, 3, 0, 2, 0, 0, 2, 0, 0, 1, 0, 3, 0, 0, 0, 2, 0, 1, 2, 2, 0, 2, 3, 1, 3, 1, 0, 1, 3, 0, 0, 3, 3, 0, 0, 1, 3, 3, 0, 0, 1, 1, 0, 3, 0, 0, 2, 2, 3, 0, 0, 0, 0, 0, 3, 1, 1, 1, 0, 3, 0, 2, 0, 0, 1, 2, 1, 1, 0, 3, 0, 2, 3, 0, 0, 2, 0, 3, 0, 3, 0, 1, 3, 2, 3, 1, 2, 0, 1, 0, 2, 0, 2, 1, 0, 2, 0, 3, 1, 2, 2, 3, 0, 3, 3, 1, 0, 0, 2, 2, 0, 0, 2, 1, 3, 1, 3, 3, 1, 2, 0, 2, 0, 1, 0, 1, 0, 2, 2, 0, 1, 3, 1, 1, 1, 0, 2, 2, 1, 3, 3, 0, 1, 1, 0, 2, 0, 3, 1, 0, 0, 2, 1, 0, 3, 0, 2, 2, 3, 3, 2, 1, 0, 2, 2, 1, 3, 2, 3, 1, 0, 0, 0, 3, 3, 3, 1, 1, 0, 3, 3, 2, 0, 0, 2, 1, 3, 3, 0, 2, 1, 1, 2, 0, 2, 0, 0, 1, 0, 1, 3, 2
RUN_2026-06-19_lowB_baselines_r6c1195, 32, 15, 999, 0, 999, 999, 3, 999, 5, 999, 999, 999, 10, 127, 207, 191, 96, 48, 999, 112, 192, 7, 4, 176, 999, 2, 128, 80, 79, 31, 999, 64, 144, 1, 47, 999, 95, 111, 999, 11, 175, 63, 999, 16, 999, 9, 999, 8, 159, 13, 999, 6, 14, 143, 32, 999, 160, 999, 12, 999, 999, 200, 999, 999, 183, 999, 169, 999, 182, 184, 117, 999, 195, 147, 38, 999, 135, 119, 29, 68, 129, 999, 166, 146, 69, 140, 81, 120, 162, 198, 156, 54, 118, 999, 134, 167, 163, 194, 199, 185, 178, 19, 202, 174, 999, 37, 173, 189, 23, 130, 65, 188, 44, 999, 39, 999, 78, 999, 116, 20, 131, 57, 21, 999, 22, 115, 152, 186, 190, 45, 158, 201, 136, 999, 56, 999, 66, 104, 124, 999, 114, 51, 205, 30, 206, 170, 110, 123, 165, 999, 70, 999, 36, 103, 109, 122, 97, 98, 88, 89, 179, 999, 67, 197, 73, 172, 99, 171, 35, 71, 24, 125, 52, 90, 999, 113, 77, 999, 157, 34, 93, 999, 100, 49, 139, 62, 26, 86, 83, 101, 87, 75, 181, 196, 55, 177, 153, 59, 161, 999, 151, 42, 61, 85, 168, 999, 58, 138, 149, 17, 84, 28, 91, 33, 164, 154, 107, 76, 187, 150, 94, 108, 137, 148, 142, 27, 102, 141, 132, 155, 43, 126, 18, 999, 72, 133, 145, 106, 203, 60, 50, 105, 53, 204, 180, 40, 121, 74, 999, 193, 999, 25, 46, 999, 92, 41, 82, 0, 0, 0, 0, 0, 0, 0, 0, 0, 0, 0, 1, 1, 0, 0, 3, 2, 0, 3, 3, 2, 0, 1, 0, 1, 2, 3, 3, 1, 0, 0, 2, 0, 1, 0, 0, 0, 0, 2, 3, 3, 0, 3, 0, 0, 0, 3, 3, 1, 0, 3, 3, 3, 0, 0, 3, 0, 2, 0, 0, 2, 0, 0, 1, 0, 3, 0, 0, 0, 2, 0, 1, 2, 2, 0, 2, 3, 1, 3, 1, 0, 1, 3, 0, 0, 3, 3, 0, 0, 1, 3, 3, 0, 0, 1, 1, 0, 3, 0, 0, 2, 2, 3, 0, 0, 0, 0, 0, 3, 1, 1, 1, 0, 3, 0, 2, 0, 0, 1, 2, 1, 1, 0, 3, 0, 2, 3, 0, 0, 2, 0, 3, 0, 3, 0, 1, 3, 2, 0, 1, 2, 0, 1, 0, 2, 0, 2, 1, 0, 2, 0, 3, 1, 2, 2, 3, 0, 3, 3, 1, 0, 0, 2, 2, 0, 0, 2, 1, 3, 1, 3, 3, 1, 0, 0, 2, 0, 1, 0, 1, 0, 2, 2, 0, 1, 3, 1, 1, 1, 0, 2, 2, 1, 3, 3, 0, 1, 1, 0, 2, 0, 3, 1, 0, 0, 2, 1, 0, 3, 0, 2, 2, 3, 3, 2, 1, 0, 2, 2, 1, 3, 2, 3, 1, 0, 0, 0, 3, 3, 3, 1, 1, 0, 3, 3, 2, 0, 0, 2, 1, 3, 3, 1, 2, 1, 1, 2, 0, 2, 0, 0, 1, 0, 1, 3, 2
RUN_2026-06-19_lowB_baselines_r6c1195, 33, 15, 999, 0, 999, 999, 3, 999, 5, 999, 999, 192, 10, 127, 207, 191, 96, 48, 999, 112, 999, 7, 4, 176, 999, 2, 128, 80, 79, 31, 999, 64, 144, 1, 47, 999, 95, 111, 999, 11, 175, 63, 999, 16, 999, 9, 999, 8, 159, 13, 999, 6, 14, 143, 32, 999, 160, 999, 12, 999, 999, 200, 999, 999, 183, 999, 169, 999, 182, 184, 117, 999, 195, 147, 38, 999, 135, 119, 29, 68, 129, 999, 166, 146, 69, 140, 81, 120, 162, 198, 156, 54, 118, 999, 134, 167, 163, 194, 199, 185, 178, 19, 202, 174, 999, 37, 173, 189, 23, 130, 65, 188, 44, 999, 39, 999, 78, 999, 116, 20, 131, 57, 21, 999, 22, 115, 152, 186, 190, 45, 158, 201, 136, 999, 56, 999, 66, 104, 124, 999, 114, 51, 205, 30, 206, 170, 110, 123, 165, 999, 70, 999, 36, 103, 109, 122, 97, 98, 88, 89, 179, 999, 67, 197, 73, 172, 99, 171, 35, 71, 24, 125, 52, 90, 999, 113, 77, 999, 157, 34, 93, 999, 100, 49, 139, 62, 26, 86, 83, 101, 87, 75, 181, 196, 55, 177, 153, 59, 161, 999, 151, 42, 61, 85, 168, 999, 58, 138, 149, 17, 84, 28, 91, 33, 164, 154, 107, 76, 187, 150, 94, 108, 137, 148, 142, 27, 102, 141, 132, 155, 43, 126, 18, 999, 72, 133, 145, 106, 203, 60, 50, 105, 53, 204, 180, 40, 121, 74, 999, 193, 999, 25, 46, 999, 92, 41, 82, 0, 0, 0, 0, 0, 0, 0, 0, 0, 0, 1, 1, 1, 0, 0, 3, 2, 0, 3, 0, 2, 0, 1, 0, 1, 2, 3, 3, 1, 0, 0, 2, 0, 1, 0, 0, 0, 0, 2, 3, 3, 0, 3, 0, 0, 0, 3, 3, 1, 0, 3, 3, 3, 0, 0, 3, 0, 2, 0, 0, 2, 0, 0, 1, 0, 3, 0, 0, 0, 2, 0, 1, 2, 2, 0, 2, 3, 1, 3, 1, 0, 1, 3, 0, 0, 3, 3, 0, 0, 1, 3, 3, 0, 0, 1, 1, 0, 3, 0, 0, 2, 2, 3, 0, 0, 0, 0, 0, 3, 1, 1, 1, 0, 3, 0, 2, 0, 0, 1, 2, 1, 1, 0, 3, 0, 2, 3, 0, 0, 2, 0, 3, 0, 3, 0, 1, 3, 2, 0, 1, 2, 0, 1, 0, 2, 0, 2, 1, 0, 2, 0, 3, 1, 2, 2, 3, 0, 3, 3, 1, 0, 0, 2, 2, 0, 0, 2, 1, 3, 1, 3, 3, 1, 0, 0, 2, 0, 1, 0, 1, 0, 2, 2, 0, 1, 3, 1, 1, 1, 0, 2, 2, 1, 3, 3, 0, 1, 1, 0, 2, 0, 3, 1, 0, 0, 2, 1, 0, 3, 0, 2, 2, 3, 3, 2, 1, 0, 2, 2, 1, 3, 2, 3, 1, 0, 0, 0, 3, 3, 3, 1, 1, 0, 3, 3, 2, 0, 0, 2, 1, 3, 3, 1, 2, 1, 1, 2, 0, 2, 0, 0, 1, 0, 1, 3, 2
RUN_2026-06-19_lowB_baselines_r6c1195, 34, 15, 999, 0, 999, 999, 3, 999, 5, 999, 999, 192, 10, 127, 207, 191, 96, 48, 999, 112, 999, 7, 4, 176, 999, 2, 128, 80, 79, 31, 999, 64, 144, 1, 47, 999, 95, 111, 999, 11, 175, 63, 999, 16, 999, 9, 999, 8, 159, 13, 999, 6, 14, 143, 32, 999, 160, 999, 12, 999, 999, 200, 196, 999, 183, 199, 169, 195, 182, 184, 117, 999, 999, 147, 38, 999, 135, 119, 29, 68, 129, 999, 166, 146, 69, 140, 81, 120, 162, 999, 156, 54, 118, 999, 134, 167, 163, 999, 999, 185, 178, 19, 202, 174, 999, 37, 173, 189, 23, 130, 65, 188, 44, 999, 39, 999, 78, 194, 116, 20, 131, 57, 21, 999, 22, 115, 152, 186, 190, 45, 158, 201, 136, 999, 56, 999, 66, 104, 124, 198, 114, 51, 205, 30, 206, 170, 110, 123, 165, 999, 70, 999, 36, 103, 109, 122, 97, 98, 88, 89, 179, 999, 67, 999, 73, 172, 99, 171, 35, 71, 24, 125, 52, 90, 999, 113, 77, 197, 157, 34, 93, 999, 100, 49, 139, 62, 26, 86, 83, 101, 87, 75, 181, 999, 55, 177, 153, 59, 161, 999, 151, 42, 61, 85, 168, 999, 58, 138, 149, 17, 84, 28, 91, 33, 164, 154, 107, 76, 187, 150, 94, 108, 137, 148, 142, 27, 102, 141, 132, 155, 43, 126, 18, 999, 72, 133, 145, 106, 203, 60, 50, 105, 53, 204, 180, 40, 121, 74, 999, 999, 193, 25, 46, 999, 92, 41, 82, 0, 0, 0, 0, 0, 0, 0, 0, 0, 0, 1, 1, 1, 0, 0, 3, 2, 0, 3, 0, 2, 0, 1, 0, 1, 2, 3, 3, 1, 0, 0, 2, 0, 1, 0, 0, 0, 0, 2, 3, 3, 0, 3, 0, 0, 0, 3, 3, 1, 0, 3, 3, 3, 0, 0, 3, 0, 2, 0, 0, 2, 3, 0, 1, 1, 3, 2, 0, 0, 2, 0, 0, 2, 2, 0, 2, 3, 1, 3, 1, 0, 1, 3, 0, 0, 3, 3, 0, 0, 1, 3, 3, 0, 0, 1, 1, 0, 0, 0, 0, 2, 2, 3, 0, 0, 0, 0, 0, 3, 1, 1, 1, 0, 3, 0, 2, 3, 0, 1, 2, 1, 1, 0, 3, 0, 2, 3, 0, 0, 2, 0, 3, 0, 3, 0, 1, 3, 2, 3, 1, 2, 0, 1, 0, 2, 0, 2, 1, 0, 2, 0, 3, 1, 2, 2, 3, 0, 3, 3, 1, 0, 0, 0, 2, 0, 0, 2, 1, 3, 1, 3, 3, 1, 0, 0, 2, 0, 1, 0, 1, 0, 2, 2, 0, 1, 3, 1, 1, 1, 0, 2, 2, 0, 3, 3, 0, 1, 1, 0, 2, 0, 3, 1, 0, 0, 2, 1, 0, 3, 0, 2, 2, 3, 3, 2, 1, 0, 2, 2, 1, 3, 2, 3, 1, 0, 0, 0, 3, 3, 3, 1, 1, 0, 3, 3, 2, 0, 0, 2, 1, 3, 3, 1, 2, 1, 1, 2, 0, 0, 0, 0, 1, 0, 1, 3, 2
RUN_2026-06-19_lowB_baselines_r6c1195, 35, 15, 999, 0, 999, 999, 3, 999, 5, 999, 999, 999, 10, 127, 207, 191, 96, 48, 999, 112, 192, 7, 4, 176, 999, 2, 128, 80, 79, 31, 999, 64, 144, 1, 47, 999, 95, 111, 999, 11, 175, 63, 999, 16, 999, 9, 999, 8, 159, 13, 999, 6, 14, 143, 32, 999, 160, 999, 12, 999, 999, 200, 196, 999, 183, 199, 169, 195, 182, 184, 117, 999, 999, 147, 38, 999, 135, 119, 29, 68, 129, 999, 166, 146, 69, 140, 81, 120, 162, 999, 156, 54, 118, 999, 134, 167, 163, 999, 999, 185, 178, 19, 202, 174, 999, 37, 173, 189, 23, 130, 65, 188, 44, 999, 39, 999, 78, 194, 116, 20, 131, 57, 21, 999, 22, 115, 152, 186, 190, 45, 158, 201, 136, 999, 56, 999, 66, 104, 124, 198, 114, 51, 205, 30, 206, 170, 110, 123, 165, 999, 70, 999, 36, 103, 109, 122, 97, 98, 88, 89, 179, 999, 67, 999, 73, 172, 99, 171, 35, 71, 24, 125, 52, 90, 999, 113, 77, 197, 157, 34, 93, 999, 100, 49, 139, 62, 26, 86, 83, 101, 87, 75, 181, 999, 55, 177, 153, 59, 161, 999, 151, 42, 61, 85, 168, 999, 58, 138, 149, 17, 84, 28, 91, 33, 164, 154, 107, 76, 187, 150, 94, 108, 137, 148, 142, 27, 102, 141, 132, 155, 43, 126, 18, 999, 72, 133, 145, 106, 203, 60, 50, 105, 53, 204, 180, 40, 121, 74, 999, 999, 193, 25, 46, 999, 92, 41, 82, 0, 0, 0, 0, 0, 0, 0, 0, 0, 0, 0, 1, 1, 0, 0, 3, 2, 0, 3, 3, 2, 0, 1, 0, 1, 2, 3, 3, 1, 0, 0, 2, 0, 1, 0, 0, 0, 0, 2, 3, 3, 0, 3, 0, 0, 0, 3, 3, 1, 0, 3, 3, 3, 0, 0, 3, 0, 2, 0, 0, 2, 3, 0, 1, 1, 3, 2, 0, 0, 2, 0, 0, 2, 2, 0, 2, 3, 1, 3, 1, 0, 1, 3, 0, 0, 3, 3, 0, 0, 1, 3, 3, 0, 0, 1, 1, 0, 0, 0, 0, 2, 2, 3, 0, 0, 0, 0, 0, 3, 1, 1, 1, 0, 3, 0, 2, 3, 0, 1, 2, 1, 1, 0, 3, 0, 2, 3, 0, 0, 2, 0, 3, 0, 3, 0, 1, 3, 2, 3, 1, 2, 0, 1, 0, 2, 0, 2, 1, 0, 2, 0, 3, 1, 2, 2, 3, 0, 3, 3, 1, 0, 0, 0, 2, 0, 0, 2, 1, 3, 1, 3, 3, 1, 0, 0, 2, 0, 1, 0, 1, 0, 2, 2, 0, 1, 3, 1, 1, 1, 0, 2, 2, 0, 3, 3, 0, 1, 1, 0, 2, 0, 3, 1, 0, 0, 2, 1, 0, 3, 0, 2, 2, 3, 3, 2, 1, 0, 2, 2, 1, 3, 2, 3, 1, 0, 0, 0, 3, 3, 3, 1, 1, 0, 3, 3, 2, 0, 0, 2, 1, 3, 3, 1, 2, 1, 1, 2, 0, 0, 0, 0, 1, 0, 1, 3, 2
RUN_2026-06-19_lowB_baselines_r6c725, 36, 15, 999, 0, 999, 192, 3, 999, 7, 176, 127, 207, 5, 999, 999, 999, 32, 999, 999, 48, 999, 10, 2, 999, 191, 4, 16, 999, 31, 96, 999, 64, 80, 1, 47, 160, 79, 111, 143, 12, 175, 112, 999, 999, 63, 6, 95, 11, 128, 13, 999, 9, 14, 144, 159, 999, 999, 999, 8, 999, 999, 139, 104, 193, 103, 33, 136, 97, 201, 17, 186, 164, 146, 137, 147, 29, 65, 123, 50, 999, 34, 185, 120, 26, 116, 140, 999, 202, 81, 167, 162, 999, 131, 157, 168, 165, 102, 115, 27, 141, 51, 199, 194, 61, 183, 999, 30, 184, 56, 179, 130, 59, 90, 19, 999, 180, 25, 203, 75, 999, 45, 67, 190, 57, 206, 156, 198, 60, 66, 178, 172, 94, 106, 999, 78, 98, 129, 145, 118, 110, 23, 999, 999, 166, 76, 999, 117, 155, 91, 154, 39, 53, 84, 999, 171, 170, 121, 83, 205, 182, 92, 161, 54, 87, 77, 55, 109, 177, 62, 174, 119, 163, 40, 138, 200, 999, 41, 42, 134, 46, 999, 24, 999, 107, 49, 89, 68, 152, 999, 124, 135, 71, 58, 149, 105, 43, 999, 196, 38, 999, 999, 70, 88, 37, 21, 20, 93, 142, 113, 999, 126, 148, 72, 108, 73, 114, 18, 74, 36, 101, 195, 82, 187, 85, 28, 204, 999, 153, 999, 999, 999, 133, 86, 151, 189, 158, 100, 999, 150, 999, 188, 125, 173, 122, 181, 99, 44, 999, 169, 999, 197, 52, 22, 132, 35, 999, 69, 0, 0, 0, 0, 0, 0, 0, 0, 1, 1, 3, 1, 0, 0, 0, 3, 0, 0, 3, 0, 2, 0, 0, 0, 1, 2, 0, 3, 3, 0, 0, 2, 0, 1, 2, 0, 0, 2, 2, 3, 1, 0, 0, 0, 0, 2, 3, 1, 1, 0, 3, 3, 1, 2, 0, 0, 0, 2, 0, 0, 0, 3, 2, 3, 1, 2, 1, 0, 0, 0, 0, 0, 3, 0, 3, 1, 0, 2, 0, 1, 3, 0, 2, 0, 1, 0, 3, 0, 3, 1, 0, 2, 0, 2, 1, 2, 0, 1, 2, 3, 1, 2, 3, 3, 0, 0, 0, 3, 3, 3, 2, 2, 1, 0, 1, 1, 3, 1, 0, 1, 1, 1, 1, 3, 1, 3, 2, 0, 3, 0, 3, 1, 0, 0, 2, 3, 1, 2, 3, 3, 0, 0, 2, 2, 0, 0, 3, 1, 2, 3, 3, 1, 0, 1, 1, 3, 3, 3, 3, 2, 3, 3, 2, 3, 1, 0, 1, 2, 2, 1, 2, 2, 3, 1, 0, 1, 2, 3, 1, 0, 2, 0, 3, 1, 1, 0, 0, 0, 3, 2, 1, 1, 0, 2, 2, 0, 1, 2, 0, 0, 1, 3, 0, 2, 0, 1, 3, 3, 0, 2, 2, 3, 1, 1, 1, 2, 0, 2, 3, 1, 3, 0, 2, 2, 3, 0, 3, 0, 0, 0, 1, 3, 2, 3, 3, 2, 0, 3, 0, 3, 3, 1, 2, 3, 1, 0, 0, 3, 0, 1, 1, 2, 1, 1, 0, 2
RUN_2026-06-19_lowB_baselines_r6c725, 37, 15, 999, 0, 999, 192, 3, 999, 7, 176, 127, 207, 5, 999, 999, 999, 32, 999, 999, 48, 999, 10, 2, 999, 191, 4, 16, 999, 31, 96, 999, 64, 80, 1, 47, 160, 79, 111, 143, 12, 175, 112, 999, 999, 63, 6, 95, 11, 128, 13, 999, 9, 14, 144, 159, 999, 999, 999, 8, 999, 999, 139, 104, 193, 103, 33, 136, 97, 999, 17, 186, 164, 146, 137, 147, 29, 65, 123, 50, 999, 34, 185, 120, 26, 116, 140, 999, 999, 81, 167, 162, 999, 131, 157, 168, 165, 102, 115, 27, 141, 51, 199, 194, 61, 183, 999, 30, 184, 56, 179, 130, 59, 90, 19, 999, 180, 25, 999, 75, 999, 45, 67, 190, 57, 206, 156, 198, 60, 66, 178, 172, 94, 106, 999, 78, 98, 129, 145, 118, 110, 23, 999, 999, 166, 76, 999, 117, 155, 91, 154, 39, 53, 84, 999, 171, 170, 121, 83, 999, 182, 92, 161, 54, 87, 77, 55, 109, 177, 62, 174, 119, 163, 40, 138, 200, 999, 41, 42, 134, 46, 999, 24, 999, 107, 49, 89, 68, 152, 999, 124, 135, 71, 58, 149, 105, 43, 999, 196, 38, 201, 202, 70, 88, 37, 21, 20, 93, 142, 113, 999, 126, 148, 72, 108, 73, 114, 18, 74, 36, 101, 195, 82, 187, 85, 28, 999, 999, 153, 999, 205, 999, 133, 86, 151, 189, 158, 100, 999, 150, 203, 188, 125, 173, 122, 181, 99, 44, 204, 169, 999, 197, 52, 22, 132, 35, 999, 69, 0, 0, 0, 0, 0, 0, 0, 0, 1, 1, 3, 1, 0, 0, 0, 3, 0, 0, 3, 0, 2, 0, 0, 0, 1, 2, 0, 3, 3, 0, 0, 2, 0, 1, 2, 0, 0, 2, 2, 3, 1, 0, 0, 0, 0, 2, 3, 1, 1, 0, 3, 3, 1, 2, 0, 0, 0, 2, 0, 0, 0, 3, 2, 3, 1, 2, 1, 0, 0, 0, 0, 0, 3, 0, 3, 1, 0, 2, 0, 1, 3, 0, 2, 0, 1, 0, 0, 0, 3, 1, 0, 2, 0, 2, 1, 2, 0, 1, 2, 3, 1, 2, 3, 3, 0, 0, 0, 3, 3, 3, 2, 2, 1, 0, 1, 1, 0, 1, 0, 1, 1, 1, 1, 3, 1, 3, 2, 0, 3, 0, 3, 1, 0, 0, 2, 3, 1, 2, 3, 3, 0, 0, 2, 2, 0, 0, 3, 1, 2, 3, 3, 1, 0, 1, 1, 3, 3, 0, 3, 2, 3, 3, 2, 3, 1, 0, 1, 2, 2, 1, 2, 2, 3, 1, 0, 1, 2, 3, 1, 0, 2, 0, 3, 1, 1, 0, 0, 0, 3, 2, 1, 1, 0, 2, 2, 0, 1, 2, 3, 3, 1, 3, 0, 2, 0, 1, 3, 3, 0, 2, 2, 3, 1, 1, 1, 2, 0, 2, 3, 1, 3, 0, 2, 2, 0, 0, 3, 0, 3, 0, 1, 3, 2, 3, 3, 2, 0, 3, 1, 3, 3, 1, 2, 3, 1, 0, 0, 3, 0, 1, 1, 2, 1, 1, 0, 2
RUN_2026-06-19_lowB_baselines_r6c930, 38, 15, 999, 0, 999, 999, 13, 999, 9, 999, 999, 999, 3, 143, 999, 999, 32, 96, 999, 191, 999, 6, 2, 207, 999, 14, 16, 160, 999, 176, 95, 175, 192, 1, 144, 999, 31, 999, 128, 4, 999, 999, 127, 48, 79, 8, 47, 7, 63, 10, 999, 5, 12, 64, 111, 80, 999, 999, 11, 112, 159, 164, 999, 26, 149, 124, 999, 165, 107, 17, 109, 69, 123, 76, 168, 999, 196, 999, 62, 125, 186, 60, 108, 999, 205, 180, 161, 70, 46, 184, 999, 999, 148, 24, 163, 23, 59, 92, 133, 30, 185, 85, 999, 136, 120, 135, 156, 25, 131, 200, 42, 21, 103, 999, 97, 86, 999, 172, 201, 121, 130, 98, 74, 999, 999, 166, 174, 29, 999, 75, 101, 193, 118, 104, 134, 158, 999, 33, 999, 999, 999, 119, 84, 177, 189, 139, 999, 140, 203, 138, 73, 89, 44, 83, 90, 141, 72, 999, 183, 153, 154, 152, 999, 150, 999, 157, 999, 999, 999, 194, 142, 68, 106, 151, 126, 190, 137, 35, 999, 147, 100, 28, 34, 39, 65, 50, 20, 61, 45, 202, 99, 78, 51, 81, 43, 105, 197, 169, 40, 117, 41, 173, 94, 179, 36, 27, 170, 87, 171, 129, 57, 67, 187, 19, 66, 110, 18, 204, 88, 77, 53, 999, 999, 181, 116, 122, 115, 37, 132, 82, 182, 102, 145, 195, 93, 38, 56, 114, 178, 49, 58, 55, 155, 167, 999, 54, 71, 188, 22, 113, 52, 162, 206, 198, 199, 91, 146, 0, 0, 0, 0, 0, 0, 0, 0, 0, 0, 0, 1, 1, 0, 0, 3, 2, 0, 1, 0, 2, 0, 3, 0, 1, 2, 3, 0, 3, 2, 2, 2, 0, 3, 0, 0, 0, 0, 2, 0, 0, 2, 3, 0, 0, 2, 3, 3, 1, 0, 3, 3, 1, 2, 0, 0, 0, 2, 3, 2, 3, 0, 3, 0, 1, 0, 1, 1, 0, 0, 0, 2, 2, 2, 0, 3, 0, 1, 1, 1, 1, 1, 0, 3, 0, 3, 3, 2, 2, 0, 0, 2, 3, 0, 3, 2, 3, 0, 2, 1, 3, 0, 3, 3, 1, 1, 2, 1, 3, 0, 0, 1, 0, 0, 1, 0, 1, 0, 1, 0, 1, 0, 0, 0, 2, 2, 1, 0, 0, 0, 1, 3, 2, 2, 1, 0, 3, 0, 0, 0, 2, 2, 3, 3, 0, 0, 2, 2, 2, 2, 3, 0, 1, 0, 0, 1, 0, 3, 2, 3, 0, 0, 3, 0, 0, 0, 0, 0, 2, 2, 2, 1, 3, 3, 2, 2, 2, 0, 3, 1, 3, 0, 0, 1, 3, 2, 0, 3, 2, 0, 0, 1, 2, 3, 2, 0, 0, 2, 3, 1, 0, 2, 0, 2, 1, 2, 0, 0, 0, 0, 3, 0, 2, 3, 1, 2, 0, 1, 2, 1, 0, 0, 0, 0, 1, 0, 1, 1, 2, 0, 3, 2, 2, 3, 2, 3, 2, 0, 3, 1, 3, 3, 1, 0, 2, 1, 3, 0, 1, 0, 2, 2, 0, 3, 2, 0
RUN_2026-06-19_lowB_baselines_r6c930, 39, 15, 999, 0, 999, 999, 13, 999, 9, 999, 999, 999, 3, 143, 999, 999, 32, 96, 999, 191, 999, 6, 2, 207, 999, 14, 16, 160, 999, 176, 95, 175, 999, 1, 144, 999, 31, 999, 128, 4, 999, 192, 127, 48, 79, 8, 47, 7, 63, 10, 999, 5, 12, 64, 111, 80, 999, 999, 11, 112, 159, 164, 999, 26, 149, 124, 999, 165, 107, 17, 109, 69, 123, 76, 168, 999, 999, 194, 62, 125, 186, 60, 108, 999, 205, 180, 161, 70, 46, 184, 196, 999, 148, 24, 163, 23, 59, 92, 133, 30, 185, 85, 999, 136, 120, 135, 156, 25, 131, 999, 42, 21, 103, 999, 97, 86, 200, 172, 201, 121, 130, 98, 74, 999, 999, 166, 174, 29, 999, 75, 101, 198, 118, 104, 134, 158, 197, 33, 999, 999, 199, 119, 84, 177, 189, 139, 999, 140, 203, 138, 73, 89, 44, 83, 90, 141, 72, 999, 183, 153, 154, 152, 999, 150, 999, 157, 999, 999, 193, 999, 142, 68, 106, 151, 126, 190, 137, 35, 999, 147, 100, 28, 34, 39, 65, 50, 20, 61, 45, 202, 99, 78, 51, 81, 43, 105, 999, 169, 40, 117, 41, 173, 94, 179, 36, 27, 170, 87, 171, 129, 57, 67, 187, 19, 66, 110, 18, 204, 88, 77, 53, 999, 999, 181, 116, 122, 115, 37, 132, 82, 182, 102, 145, 195, 93, 38, 56, 114, 178, 49, 58, 55, 155, 167, 999, 54, 71, 188, 22, 113, 52, 162, 206, 999, 999, 91, 146, 0, 0, 0, 0, 0, 0, 0, 0, 0, 0, 0, 1, 1, 0, 0, 3, 2, 0, 1, 0, 2, 0, 3, 0, 1, 2, 3, 0, 3, 2, 2, 0, 0, 3, 0, 0, 0, 0, 2, 0, 1, 2, 3, 0, 0, 2, 3, 3, 1, 0, 3, 3, 1, 2, 0, 0, 0, 2, 3, 2, 3, 0, 3, 0, 1, 0, 1, 1, 0, 0, 0, 2, 2, 2, 0, 0, 0, 1, 1, 1, 1, 1, 0, 3, 0, 3, 3, 2, 2, 1, 0, 2, 3, 0, 3, 2, 3, 0, 2, 1, 3, 0, 3, 3, 1, 1, 2, 1, 0, 0, 0, 1, 0, 0, 1, 2, 1, 0, 1, 0, 1, 0, 0, 0, 2, 2, 1, 0, 0, 0, 2, 3, 2, 2, 1, 3, 3, 0, 0, 1, 2, 2, 3, 3, 0, 0, 2, 2, 2, 2, 3, 0, 1, 0, 0, 1, 0, 3, 2, 3, 0, 0, 3, 0, 0, 0, 0, 2, 0, 2, 2, 1, 3, 3, 2, 2, 2, 0, 3, 1, 3, 0, 0, 1, 3, 2, 0, 3, 2, 0, 0, 1, 2, 3, 2, 0, 0, 2, 3, 1, 0, 2, 0, 2, 1, 2, 0, 0, 0, 0, 3, 0, 2, 3, 1, 2, 0, 1, 2, 1, 0, 0, 0, 0, 1, 0, 1, 1, 2, 0, 3, 2, 1, 3, 2, 3, 2, 0, 3, 1, 3, 3, 1, 0, 2, 1, 3, 0, 1, 0, 2, 2, 0, 0, 2, 0
RUN_2026-06-19_lowB_baselines_r6c930, 40, 15, 999, 0, 999, 999, 13, 999, 9, 999, 999, 999, 3, 143, 999, 999, 32, 96, 999, 191, 999, 6, 2, 207, 999, 14, 16, 160, 999, 176, 95, 175, 999, 1, 144, 999, 31, 999, 128, 4, 999, 192, 127, 48, 79, 8, 47, 7, 63, 10, 999, 5, 12, 64, 111, 80, 999, 999, 11, 112, 159, 164, 999, 26, 149, 124, 999, 165, 107, 17, 109, 69, 123, 76, 168, 999, 196, 194, 62, 125, 186, 60, 108, 999, 205, 180, 161, 70, 46, 184, 999, 999, 148, 24, 163, 23, 59, 92, 133, 30, 185, 85, 999, 136, 120, 135, 156, 25, 131, 999, 42, 21, 103, 999, 97, 86, 999, 172, 999, 121, 130, 98, 74, 999, 999, 166, 174, 29, 999, 75, 101, 200, 118, 104, 134, 158, 999, 33, 999, 999, 999, 119, 84, 177, 189, 139, 999, 140, 203, 138, 73, 89, 44, 83, 90, 141, 72, 999, 183, 153, 154, 152, 199, 150, 999, 157, 999, 999, 193, 999, 142, 68, 106, 151, 126, 190, 137, 35, 999, 147, 100, 28, 34, 39, 65, 50, 20, 61, 45, 202, 99, 78, 51, 81, 43, 105, 197, 169, 40, 117, 41, 173, 94, 179, 36, 27, 170, 87, 171, 129, 57, 67, 187, 19, 66, 110, 18, 204, 88, 77, 53, 999, 201, 181, 116, 122, 115, 37, 132, 82, 182, 102, 145, 195, 93, 38, 56, 114, 178, 49, 58, 55, 155, 167, 999, 54, 71, 188, 22, 113, 52, 162, 206, 198, 999, 91, 146, 0, 0, 0, 0, 0, 0, 0, 0, 0, 0, 0, 1, 1, 0, 0, 3, 2, 0, 1, 0, 2, 0, 3, 0, 1, 2, 3, 0, 3, 2, 2, 0, 0, 3, 0, 0, 0, 0, 2, 0, 1, 2, 3, 0, 0, 2, 3, 3, 1, 0, 3, 3, 1, 2, 0, 0, 0, 2, 3, 2, 3, 0, 3, 0, 1, 0, 1, 1, 0, 0, 0, 2, 2, 2, 0, 3, 0, 1, 1, 1, 1, 1, 0, 3, 0, 3, 3, 2, 2, 0, 0, 2, 3, 0, 3, 2, 3, 0, 2, 1, 3, 0, 3, 3, 1, 1, 2, 1, 0, 0, 0, 1, 0, 0, 1, 0, 1, 0, 1, 0, 1, 0, 0, 0, 2, 2, 1, 0, 0, 0, 1, 3, 2, 2, 1, 0, 3, 0, 0, 0, 2, 2, 3, 3, 0, 0, 2, 2, 2, 2, 3, 0, 1, 0, 0, 1, 0, 3, 2, 3, 0, 0, 3, 0, 0, 0, 0, 2, 0, 2, 2, 1, 3, 3, 2, 2, 2, 0, 3, 1, 3, 0, 0, 1, 3, 2, 0, 3, 2, 0, 0, 1, 2, 3, 2, 0, 0, 2, 3, 1, 0, 2, 0, 2, 1, 2, 0, 0, 0, 0, 3, 0, 2, 3, 1, 2, 0, 1, 2, 1, 0, 2, 0, 0, 1, 0, 1, 1, 2, 0, 3, 2, 2, 3, 2, 3, 2, 0, 3, 1, 3, 3, 1, 0, 2, 1, 3, 0, 1, 0, 2, 2, 0, 0, 2, 0
RUN_2026-06-19_lowB_baselines_r6c930, 41, 15, 999, 0, 999, 999, 13, 999, 9, 999, 999, 999, 3, 143, 999, 999, 32, 96, 999, 191, 999, 6, 2, 207, 999, 14, 16, 160, 999, 176, 95, 175, 999, 1, 144, 999, 31, 999, 128, 4, 999, 192, 127, 48, 79, 8, 47, 7, 63, 10, 999, 5, 12, 64, 111, 80, 999, 999, 11, 112, 159, 164, 999, 26, 149, 124, 999, 165, 107, 17, 109, 69, 123, 76, 168, 999, 196, 194, 62, 125, 186, 60, 108, 999, 205, 180, 161, 70, 46, 184, 999, 999, 148, 24, 163, 23, 59, 92, 133, 30, 185, 85, 999, 136, 120, 135, 156, 25, 131, 200, 42, 21, 103, 999, 97, 86, 999, 172, 201, 121, 130, 98, 74, 999, 999, 166, 174, 29, 999, 75, 101, 999, 118, 104, 134, 158, 999, 33, 999, 999, 999, 119, 84, 177, 189, 139, 999, 140, 203, 138, 73, 89, 44, 83, 90, 141, 72, 999, 183, 153, 154, 152, 999, 150, 999, 157, 999, 999, 193, 999, 142, 68, 106, 151, 126, 190, 137, 35, 999, 147, 100, 28, 34, 39, 65, 50, 20, 61, 45, 202, 99, 78, 51, 81, 43, 105, 197, 169, 40, 117, 41, 173, 94, 179, 36, 27, 170, 87, 171, 129, 57, 67, 187, 19, 66, 110, 18, 204, 88, 77, 53, 999, 999, 181, 116, 122, 115, 37, 132, 82, 182, 102, 145, 195, 93, 38, 56, 114, 178, 49, 58, 55, 155, 167, 999, 54, 71, 188, 22, 113, 52, 162, 206, 198, 199, 91, 146, 0, 0, 0, 0, 0, 0, 0, 0, 0, 0, 0, 1, 1, 0, 0, 3, 2, 0, 1, 0, 2, 0, 3, 0, 1, 2, 3, 0, 3, 2, 2, 0, 0, 3, 0, 0, 0, 0, 2, 0, 1, 2, 3, 0, 0, 2, 3, 3, 1, 0, 3, 3, 1, 2, 0, 0, 0, 2, 3, 2, 3, 0, 3, 0, 1, 0, 1, 1, 0, 0, 0, 2, 2, 2, 0, 3, 0, 1, 1, 1, 1, 1, 0, 3, 0, 3, 3, 2, 2, 0, 0, 2, 3, 0, 3, 2, 3, 0, 2, 1, 3, 0, 3, 3, 1, 1, 2, 1, 3, 0, 0, 1, 0, 0, 1, 0, 1, 0, 1, 0, 1, 0, 0, 0, 2, 2, 1, 0, 0, 0, 0, 3, 2, 2, 1, 0, 3, 0, 0, 0, 2, 2, 3, 3, 0, 0, 2, 2, 2, 2, 3, 0, 1, 0, 0, 1, 0, 3, 2, 3, 0, 0, 3, 0, 0, 0, 0, 2, 0, 2, 2, 1, 3, 3, 2, 2, 2, 0, 3, 1, 3, 0, 0, 1, 3, 2, 0, 3, 2, 0, 0, 1, 2, 3, 2, 0, 0, 2, 3, 1, 0, 2, 0, 2, 1, 2, 0, 0, 0, 0, 3, 0, 2, 3, 1, 2, 0, 1, 2, 1, 0, 0, 0, 0, 1, 0, 1, 1, 2, 0, 3, 2, 2, 3, 2, 3, 2, 0, 3, 1, 3, 3, 1, 0, 2, 1, 3, 0, 1, 0, 2, 2, 0, 1, 2, 0
RUN_2026-06-19_lowB_baselines_r6c930, 42, 15, 999, 0, 999, 999, 13, 999, 9, 999, 999, 999, 3, 143, 999, 999, 32, 96, 999, 191, 999, 6, 2, 207, 999, 14, 16, 160, 999, 176, 95, 175, 999, 1, 144, 999, 31, 999, 128, 4, 999, 192, 127, 48, 79, 8, 47, 7, 63, 10, 999, 5, 12, 64, 111, 80, 999, 999, 11, 112, 159, 164, 999, 26, 149, 124, 999, 165, 107, 17, 109, 69, 123, 76, 168, 999, 999, 194, 62, 125, 186, 60, 108, 999, 205, 180, 161, 70, 46, 184, 196, 999, 148, 24, 163, 23, 59, 92, 133, 30, 185, 85, 200, 136, 120, 135, 156, 25, 131, 999, 42, 21, 103, 999, 97, 86, 999, 172, 201, 121, 130, 98, 74, 999, 999, 166, 174, 29, 999, 75, 101, 198, 118, 104, 134, 158, 197, 33, 999, 999, 199, 119, 84, 177, 189, 139, 999, 140, 203, 138, 73, 89, 44, 83, 90, 141, 72, 999, 183, 153, 154, 152, 999, 150, 999, 157, 999, 999, 193, 999, 142, 68, 106, 151, 126, 190, 137, 35, 999, 147, 100, 28, 34, 39, 65, 50, 20, 61, 45, 202, 99, 78, 51, 81, 43, 105, 999, 169, 40, 117, 41, 173, 94, 179, 36, 27, 170, 87, 171, 129, 57, 67, 187, 19, 66, 110, 18, 204, 88, 77, 53, 999, 999, 181, 116, 122, 115, 37, 132, 82, 182, 102, 145, 195, 93, 38, 56, 114, 178, 49, 58, 55, 155, 167, 999, 54, 71, 188, 22, 113, 52, 162, 206, 999, 999, 91, 146, 0, 0, 0, 0, 0, 0, 0, 0, 0, 0, 0, 1, 1, 0, 0, 3, 2, 0, 1, 0, 2, 0, 3, 0, 1, 2, 3, 0, 3, 2, 2, 0, 0, 3, 0, 0, 0, 0, 2, 0, 1, 2, 3, 0, 0, 2, 3, 3, 1, 0, 3, 3, 1, 2, 0, 0, 0, 2, 3, 2, 3, 0, 3, 0, 1, 0, 1, 1, 0, 0, 0, 2, 2, 2, 0, 0, 0, 1, 1, 1, 1, 1, 0, 3, 0, 3, 3, 2, 2, 1, 0, 2, 3, 0, 3, 2, 3, 0, 2, 1, 3, 3, 3, 3, 1, 1, 2, 1, 0, 0, 0, 1, 0, 0, 1, 0, 1, 0, 1, 0, 1, 0, 0, 0, 2, 2, 1, 0, 0, 0, 2, 3, 2, 2, 1, 3, 3, 0, 0, 1, 2, 2, 3, 3, 0, 0, 2, 2, 2, 2, 3, 0, 1, 0, 0, 1, 0, 3, 2, 3, 0, 0, 3, 0, 0, 0, 0, 2, 0, 2, 2, 1, 3, 3, 2, 2, 2, 0, 3, 1, 3, 0, 0, 1, 3, 2, 0, 3, 2, 0, 0, 1, 2, 3, 2, 0, 0, 2, 3, 1, 0, 2, 0, 2, 1, 2, 0, 0, 0, 0, 3, 0, 2, 3, 1, 2, 0, 1, 2, 1, 0, 0, 0, 0, 1, 0, 1, 1, 2, 0, 3, 2, 1, 3, 2, 3, 2, 0, 3, 1, 3, 3, 1, 0, 2, 1, 3, 0, 1, 0, 2, 2, 0, 0, 2, 0
RUN_2026-06-19_lowB_baselines_r6c930, 43, 15, 999, 0, 999, 999, 13, 999, 9, 999, 999, 999, 3, 143, 999, 999, 32, 96, 999, 191, 999, 6, 2, 207, 999, 14, 16, 160, 999, 176, 95, 175, 192, 1, 144, 999, 31, 999, 128, 4, 999, 999, 127, 48, 79, 8, 47, 7, 63, 10, 999, 5, 12, 64, 111, 80, 999, 999, 11, 112, 159, 164, 999, 26, 149, 124, 999, 165, 107, 17, 109, 69, 123, 76, 168, 999, 196, 999, 62, 125, 186, 60, 108, 999, 205, 180, 161, 70, 46, 184, 999, 999, 148, 24, 163, 23, 59, 92, 133, 30, 185, 85, 999, 136, 120, 135, 156, 25, 131, 999, 42, 21, 103, 200, 97, 86, 999, 172, 201, 121, 130, 98, 74, 999, 999, 166, 174, 29, 999, 75, 101, 193, 118, 104, 134, 158, 999, 33, 999, 999, 999, 119, 84, 177, 189, 139, 999, 140, 203, 138, 73, 89, 44, 83, 90, 141, 72, 999, 183, 153, 154, 152, 199, 150, 999, 157, 999, 999, 999, 194, 142, 68, 106, 151, 126, 190, 137, 35, 999, 147, 100, 28, 34, 39, 65, 50, 20, 61, 45, 202, 99, 78, 51, 81, 43, 105, 197, 169, 40, 117, 41, 173, 94, 179, 36, 27, 170, 87, 171, 129, 57, 67, 187, 19, 66, 110, 18, 204, 88, 77, 53, 999, 999, 181, 116, 122, 115, 37, 132, 82, 182, 102, 145, 195, 93, 38, 56, 114, 178, 49, 58, 55, 155, 167, 999, 54, 71, 188, 22, 113, 52, 162, 206, 198, 999, 91, 146, 0, 0, 0, 0, 0, 0, 0, 0, 0, 0, 0, 1, 1, 0, 0, 3, 2, 0, 1, 0, 2, 0, 3, 0, 1, 2, 3, 0, 3, 2, 2, 2, 0, 3, 0, 0, 0, 0, 2, 0, 0, 2, 3, 0, 0, 2, 3, 3, 1, 0, 3, 3, 1, 2, 0, 0, 0, 2, 3, 2, 3, 0, 3, 0, 1, 0, 1, 1, 0, 0, 0, 2, 2, 2, 0, 3, 0, 1, 1, 1, 1, 1, 0, 3, 0, 3, 3, 2, 2, 0, 0, 2, 3, 0, 3, 2, 3, 0, 2, 1, 3, 0, 3, 3, 1, 1, 2, 1, 0, 0, 0, 1, 2, 0, 1, 0, 1, 0, 1, 0, 1, 0, 0, 0, 2, 2, 1, 0, 0, 0, 1, 3, 2, 2, 1, 0, 3, 0, 0, 0, 2, 2, 3, 3, 0, 0, 2, 2, 2, 2, 3, 0, 1, 0, 0, 1, 0, 3, 2, 3, 0, 0, 3, 0, 0, 0, 0, 0, 2, 2, 2, 1, 3, 3, 2, 2, 2, 0, 3, 1, 3, 0, 0, 1, 3, 2, 0, 3, 2, 0, 0, 1, 2, 3, 2, 0, 0, 2, 3, 1, 0, 2, 0, 2, 1, 2, 0, 0, 0, 0, 3, 0, 2, 3, 1, 2, 0, 1, 2, 1, 0, 0, 0, 0, 1, 0, 1, 1, 2, 0, 3, 2, 2, 3, 2, 3, 2, 0, 3, 1, 3, 3, 1, 0, 2, 1, 3, 0, 1, 0, 2, 2, 0, 0, 2, 0
RUN_2026-06-19_lowB_baselines_r6c930, 44, 15, 999, 0, 999, 999, 13, 999, 9, 999, 999, 999, 3, 143, 999, 999, 32, 96, 999, 191, 999, 6, 2, 207, 999, 14, 16, 160, 999, 176, 95, 175, 192, 1, 144, 999, 31, 999, 128, 4, 999, 999, 127, 48, 79, 8, 47, 7, 63, 10, 999, 5, 12, 64, 111, 80, 999, 999, 11, 112, 159, 164, 999, 26, 149, 124, 999, 165, 107, 17, 109, 69, 123, 76, 168, 999, 196, 999, 62, 125, 186, 60, 108, 999, 205, 180, 161, 70, 46, 184, 999, 999, 148, 24, 163, 23, 59, 92, 133, 30, 185, 85, 999, 136, 120, 135, 156, 25, 131, 999, 42, 21, 103, 999, 97, 86, 999, 172, 201, 121, 130, 98, 74, 999, 200, 166, 174, 29, 999, 75, 101, 193, 118, 104, 134, 158, 999, 33, 999, 999, 999, 119, 84, 177, 189, 139, 999, 140, 203, 138, 73, 89, 44, 83, 90, 141, 72, 999, 183, 153, 154, 152, 199, 150, 999, 157, 999, 999, 999, 194, 142, 68, 106, 151, 126, 190, 137, 35, 999, 147, 100, 28, 34, 39, 65, 50, 20, 61, 45, 202, 99, 78, 51, 81, 43, 105, 197, 169, 40, 117, 41, 173, 94, 179, 36, 27, 170, 87, 171, 129, 57, 67, 187, 19, 66, 110, 18, 204, 88, 77, 53, 999, 999, 181, 116, 122, 115, 37, 132, 82, 182, 102, 145, 195, 93, 38, 56, 114, 178, 49, 58, 55, 155, 167, 999, 54, 71, 188, 22, 113, 52, 162, 206, 198, 999, 91, 146, 0, 0, 0, 0, 0, 0, 0, 0, 0, 0, 0, 1, 1, 0, 0, 3, 2, 0, 1, 0, 2, 0, 3, 0, 1, 2, 3, 0, 3, 2, 2, 2, 0, 3, 0, 0, 0, 0, 2, 0, 0, 2, 3, 0, 0, 2, 3, 3, 1, 0, 3, 3, 1, 2, 0, 0, 0, 2, 3, 2, 3, 0, 3, 0, 1, 0, 1, 1, 0, 0, 0, 2, 2, 2, 0, 3, 0, 1, 1, 1, 1, 1, 0, 3, 0, 3, 3, 2, 2, 0, 0, 2, 3, 0, 3, 2, 3, 0, 2, 1, 3, 0, 3, 3, 1, 1, 2, 1, 0, 0, 0, 1, 0, 0, 1, 0, 1, 0, 1, 0, 1, 0, 0, 0, 2, 2, 1, 0, 0, 0, 1, 3, 2, 2, 1, 0, 3, 0, 0, 0, 2, 2, 3, 3, 0, 0, 2, 2, 2, 2, 3, 0, 1, 0, 0, 1, 0, 3, 2, 3, 0, 0, 3, 0, 0, 0, 0, 0, 2, 2, 2, 1, 3, 3, 2, 2, 2, 0, 3, 1, 3, 0, 0, 1, 3, 2, 0, 3, 2, 0, 0, 1, 2, 3, 2, 0, 0, 2, 3, 1, 0, 2, 0, 2, 1, 2, 0, 0, 0, 0, 3, 0, 2, 3, 1, 2, 0, 1, 2, 1, 0, 0, 0, 0, 1, 0, 1, 1, 2, 0, 3, 2, 2, 3, 2, 3, 2, 0, 3, 1, 3, 3, 1, 0, 2, 1, 3, 0, 1, 0, 2, 2, 0, 0, 2, 0
RUN_2026-06-19_lowB_baselines_r6c930, 45, 15, 999, 0, 999, 999, 13, 999, 9, 999, 999, 999, 3, 143, 999, 999, 32, 96, 999, 191, 999, 6, 2, 207, 999, 14, 16, 160, 999, 176, 95, 175, 192, 1, 144, 999, 31, 999, 128, 4, 999, 999, 127, 48, 79, 8, 47, 7, 63, 10, 999, 5, 12, 64, 111, 80, 999, 999, 11, 112, 159, 164, 999, 26, 149, 124, 999, 165, 107, 17, 109, 69, 123, 76, 168, 999, 999, 196, 62, 125, 186, 60, 108, 999, 205, 180, 161, 70, 46, 184, 999, 999, 148, 24, 163, 23, 59, 92, 133, 30, 185, 85, 999, 136, 120, 135, 156, 25, 131, 200, 42, 21, 103, 999, 97, 86, 999, 172, 201, 121, 130, 98, 74, 999, 999, 166, 174, 29, 999, 75, 101, 193, 118, 104, 134, 158, 999, 33, 999, 999, 999, 119, 84, 177, 189, 139, 999, 140, 203, 138, 73, 89, 44, 83, 90, 141, 72, 999, 183, 153, 154, 152, 999, 150, 999, 157, 999, 999, 999, 194, 142, 68, 106, 151, 126, 190, 137, 35, 999, 147, 100, 28, 34, 39, 65, 50, 20, 61, 45, 202, 99, 78, 51, 81, 43, 105, 197, 169, 40, 117, 41, 173, 94, 179, 36, 27, 170, 87, 171, 129, 57, 67, 187, 19, 66, 110, 18, 204, 88, 77, 53, 999, 999, 181, 116, 122, 115, 37, 132, 82, 182, 102, 145, 195, 93, 38, 56, 114, 178, 49, 58, 55, 155, 167, 999, 54, 71, 188, 22, 113, 52, 162, 206, 198, 199, 91, 146, 0, 0, 0, 0, 0, 0, 0, 0, 0, 0, 0, 1, 1, 0, 0, 3, 2, 0, 1, 0, 2, 0, 3, 0, 1, 2, 3, 0, 3, 2, 2, 2, 0, 3, 0, 0, 0, 0, 2, 0, 0, 2, 3, 0, 0, 2, 3, 3, 1, 0, 3, 3, 1, 2, 0, 0, 0, 2, 3, 2, 3, 0, 3, 0, 1, 0, 1, 1, 0, 0, 0, 2, 2, 2, 0, 0, 2, 1, 1, 1, 1, 1, 0, 3, 0, 3, 3, 2, 2, 0, 0, 2, 3, 0, 3, 2, 3, 0, 2, 1, 3, 0, 3, 3, 1, 1, 2, 1, 3, 0, 0, 1, 0, 0, 1, 0, 1, 0, 1, 0, 1, 0, 0, 0, 2, 2, 1, 0, 0, 0, 1, 3, 2, 2, 1, 0, 3, 0, 0, 0, 2, 2, 3, 3, 0, 0, 2, 2, 2, 2, 3, 0, 1, 0, 0, 1, 0, 3, 2, 3, 0, 0, 3, 0, 0, 0, 0, 0, 2, 2, 2, 1, 3, 3, 2, 2, 2, 0, 3, 1, 3, 0, 0, 1, 3, 2, 0, 3, 2, 0, 0, 1, 2, 3, 2, 0, 0, 2, 3, 1, 0, 2, 0, 2, 1, 2, 0, 0, 0, 0, 3, 0, 2, 3, 1, 2, 0, 1, 2, 1, 0, 0, 0, 0, 1, 0, 1, 1, 2, 0, 3, 2, 2, 3, 2, 3, 2, 0, 3, 1, 3, 3, 1, 0, 2, 1, 3, 0, 1, 0, 2, 2, 0, 3, 2, 0
RUN_2026-06-19_lowB_baselines_r6c930, 46, 15, 999, 0, 999, 999, 13, 999, 9, 999, 999, 999, 3, 143, 999, 999, 32, 96, 999, 191, 999, 6, 2, 207, 999, 14, 16, 160, 999, 176, 95, 175, 999, 1, 144, 999, 31, 999, 128, 4, 999, 192, 127, 48, 79, 8, 47, 7, 63, 10, 999, 5, 12, 64, 111, 80, 999, 999, 11, 112, 159, 164, 999, 26, 149, 124, 999, 165, 107, 17, 109, 69, 123, 76, 168, 999, 196, 194, 62, 125, 186, 60, 108, 999, 205, 180, 161, 70, 46, 184, 999, 999, 148, 24, 163, 23, 59, 92, 133, 30, 185, 85, 999, 136, 120, 135, 156, 25, 131, 999, 42, 21, 103, 999, 97, 86, 999, 172, 201, 121, 130, 98, 74, 999, 200, 166, 174, 29, 999, 75, 101, 999, 118, 104, 134, 158, 999, 33, 999, 999, 999, 119, 84, 177, 189, 139, 999, 140, 203, 138, 73, 89, 44, 83, 90, 141, 72, 999, 183, 153, 154, 152, 199, 150, 999, 157, 999, 999, 193, 999, 142, 68, 106, 151, 126, 190, 137, 35, 999, 147, 100, 28, 34, 39, 65, 50, 20, 61, 45, 202, 99, 78, 51, 81, 43, 105, 197, 169, 40, 117, 41, 173, 94, 179, 36, 27, 170, 87, 171, 129, 57, 67, 187, 19, 66, 110, 18, 204, 88, 77, 53, 999, 999, 181, 116, 122, 115, 37, 132, 82, 182, 102, 145, 195, 93, 38, 56, 114, 178, 49, 58, 55, 155, 167, 999, 54, 71, 188, 22, 113, 52, 162, 206, 198, 999, 91, 146, 0, 0, 0, 0, 0, 0, 0, 0, 0, 0, 0, 1, 1, 0, 0, 3, 2, 0, 1, 0, 2, 0, 3, 0, 1, 2, 3, 0, 3, 2, 2, 0, 0, 3, 0, 0, 0, 0, 2, 0, 1, 2, 3, 0, 0, 2, 3, 3, 1, 0, 3, 3, 1, 2, 0, 0, 0, 2, 3, 2, 3, 0, 3, 0, 1, 0, 1, 1, 0, 0, 0, 2, 2, 2, 0, 3, 0, 1, 1, 1, 1, 1, 0, 3, 0, 3, 3, 2, 2, 0, 0, 2, 3, 0, 3, 2, 3, 0, 2, 1, 3, 0, 3, 3, 1, 1, 2, 1, 0, 0, 0, 1, 0, 0, 1, 0, 1, 0, 1, 0, 1, 0, 0, 0, 2, 2, 1, 0, 0, 0, 0, 3, 2, 2, 1, 0, 3, 0, 0, 0, 2, 2, 3, 3, 0, 0, 2, 2, 2, 2, 3, 0, 1, 0, 0, 1, 0, 3, 2, 3, 0, 0, 3, 0, 0, 0, 0, 2, 0, 2, 2, 1, 3, 3, 2, 2, 2, 0, 3, 1, 3, 0, 0, 1, 3, 2, 0, 3, 2, 0, 0, 1, 2, 3, 2, 0, 0, 2, 3, 1, 0, 2, 0, 2, 1, 2, 0, 0, 0, 0, 3, 0, 2, 3, 1, 2, 0, 1, 2, 1, 0, 0, 0, 0, 1, 0, 1, 1, 2, 0, 3, 2, 2, 3, 2, 3, 2, 0, 3, 1, 3, 3, 1, 0, 2, 1, 3, 0, 1, 0, 2, 2, 0, 0, 2, 0
RUN_2026-06-19_lowB_baselines_r6c930, 47, 15, 999, 0, 999, 999, 13, 999, 9, 999, 999, 999, 3, 143, 999, 999, 32, 96, 999, 191, 999, 6, 2, 207, 999, 14, 16, 160, 999, 176, 95, 175, 192, 1, 144, 999, 31, 999, 128, 4, 999, 999, 127, 48, 79, 8, 47, 7, 63, 10, 999, 5, 12, 64, 111, 80, 999, 999, 11, 112, 159, 164, 999, 26, 149, 124, 999, 165, 107, 17, 109, 69, 123, 76, 168, 999, 196, 999, 62, 125, 186, 60, 108, 999, 205, 180, 161, 70, 46, 184, 999, 999, 148, 24, 163, 23, 59, 92, 133, 30, 185, 85, 999, 136, 120, 135, 156, 25, 131, 200, 42, 21, 103, 999, 97, 86, 999, 172, 201, 121, 130, 98, 74, 999, 999, 166, 174, 29, 999, 75, 101, 193, 118, 104, 134, 158, 999, 33, 999, 999, 999, 119, 84, 177, 189, 139, 999, 140, 203, 138, 73, 89, 44, 83, 90, 141, 72, 999, 183, 153, 154, 152, 999, 150, 999, 157, 999, 999, 999, 194, 142, 68, 106, 151, 126, 190, 137, 35, 999, 147, 100, 28, 34, 39, 65, 50, 20, 61, 45, 202, 99, 78, 51, 81, 43, 105, 197, 169, 40, 117, 41, 173, 94, 179, 36, 27, 170, 87, 171, 129, 57, 67, 187, 19, 66, 110, 18, 204, 88, 77, 53, 999, 999, 181, 116, 122, 115, 37, 132, 82, 182, 102, 145, 195, 93, 38, 56, 114, 178, 49, 58, 55, 155, 167, 999, 54, 71, 188, 22, 113, 52, 162, 206, 198, 199, 91, 146, 0, 0, 0, 0, 0, 0, 0, 0, 0, 0, 0, 1, 1, 0, 0, 3, 2, 0, 1, 0, 2, 0, 3, 0, 1, 2, 3, 0, 3, 2, 2, 2, 0, 3, 0, 0, 0, 0, 2, 0, 0, 2, 3, 0, 0, 2, 3, 3, 1, 0, 3, 3, 1, 2, 0, 0, 0, 2, 3, 2, 3, 0, 3, 0, 1, 0, 1, 1, 0, 0, 0, 2, 2, 2, 0, 3, 0, 1, 1, 1, 1, 1, 0, 3, 0, 3, 3, 2, 2, 0, 0, 2, 3, 0, 3, 2, 3, 0, 2, 1, 3, 0, 3, 3, 1, 1, 2, 1, 3, 0, 0, 1, 0, 0, 1, 0, 1, 0, 1, 0, 1, 0, 0, 0, 2, 2, 1, 0, 0, 0, 1, 3, 2, 2, 1, 0, 3, 0, 0, 0, 2, 2, 3, 3, 0, 0, 2, 2, 2, 2, 3, 0, 1, 0, 0, 1, 0, 3, 2, 3, 0, 0, 3, 0, 0, 0, 0, 0, 2, 2, 2, 1, 3, 3, 2, 2, 2, 0, 3, 1, 3, 0, 0, 1, 3, 2, 0, 3, 2, 0, 0, 1, 2, 3, 2, 0, 0, 2, 3, 1, 0, 2, 0, 2, 1, 2, 0, 0, 0, 0, 3, 0, 2, 3, 1, 2, 0, 1, 2, 1, 0, 0, 0, 0, 1, 0, 1, 1, 2, 0, 3, 2, 2, 3, 2, 3, 2, 0, 3, 1, 3, 3, 1, 0, 2, 1, 3, 0, 1, 0, 2, 2, 0, 1, 2, 0
RUN_2026-06-19_lowB_baselines_r6c930, 48, 15, 999, 0, 999, 999, 13, 999, 9, 999, 999, 999, 3, 143, 999, 999, 32, 96, 999, 191, 999, 6, 2, 207, 999, 14, 16, 160, 999, 176, 95, 175, 192, 1, 144, 999, 31, 999, 128, 4, 999, 999, 127, 48, 79, 8, 47, 7, 63, 10, 999, 5, 12, 64, 111, 80, 999, 999, 11, 112, 159, 164, 999, 26, 149, 124, 999, 165, 107, 17, 109, 69, 123, 76, 168, 999, 999, 196, 62, 125, 186, 60, 108, 999, 205, 180, 161, 70, 46, 184, 999, 999, 148, 24, 163, 23, 59, 92, 133, 30, 185, 85, 999, 136, 120, 135, 156, 25, 131, 999, 42, 21, 103, 999, 97, 86, 999, 172, 201, 121, 130, 98, 74, 999, 200, 166, 174, 29, 999, 75, 101, 193, 118, 104, 134, 158, 999, 33, 999, 999, 999, 119, 84, 177, 189, 139, 999, 140, 203, 138, 73, 89, 44, 83, 90, 141, 72, 999, 183, 153, 154, 152, 199, 150, 999, 157, 999, 999, 999, 194, 142, 68, 106, 151, 126, 190, 137, 35, 999, 147, 100, 28, 34, 39, 65, 50, 20, 61, 45, 202, 99, 78, 51, 81, 43, 105, 197, 169, 40, 117, 41, 173, 94, 179, 36, 27, 170, 87, 171, 129, 57, 67, 187, 19, 66, 110, 18, 204, 88, 77, 53, 999, 999, 181, 116, 122, 115, 37, 132, 82, 182, 102, 145, 195, 93, 38, 56, 114, 178, 49, 58, 55, 155, 167, 999, 54, 71, 188, 22, 113, 52, 162, 206, 198, 999, 91, 146, 0, 0, 0, 0, 0, 0, 0, 0, 0, 0, 0, 1, 1, 0, 0, 3, 2, 0, 1, 0, 2, 0, 3, 0, 1, 2, 3, 0, 3, 2, 2, 2, 0, 3, 0, 0, 0, 0, 2, 0, 0, 2, 3, 0, 0, 2, 3, 3, 1, 0, 3, 3, 1, 2, 0, 0, 0, 2, 3, 2, 3, 0, 3, 0, 1, 0, 1, 1, 0, 0, 0, 2, 2, 2, 0, 0, 2, 1, 1, 1, 1, 1, 0, 3, 0, 3, 3, 2, 2, 0, 0, 2, 3, 0, 3, 2, 3, 0, 2, 1, 3, 0, 3, 3, 1, 1, 2, 1, 0, 0, 0, 1, 0, 0, 1, 0, 1, 0, 1, 0, 1, 0, 0, 0, 2, 2, 1, 0, 0, 0, 1, 3, 2, 2, 1, 0, 3, 0, 0, 0, 2, 2, 3, 3, 0, 0, 2, 2, 2, 2, 3, 0, 1, 0, 0, 1, 0, 3, 2, 3, 0, 0, 3, 0, 0, 0, 0, 0, 2, 2, 2, 1, 3, 3, 2, 2, 2, 0, 3, 1, 3, 0, 0, 1, 3, 2, 0, 3, 2, 0, 0, 1, 2, 3, 2, 0, 0, 2, 3, 1, 0, 2, 0, 2, 1, 2, 0, 0, 0, 0, 3, 0, 2, 3, 1, 2, 0, 1, 2, 1, 0, 0, 0, 0, 1, 0, 1, 1, 2, 0, 3, 2, 2, 3, 2, 3, 2, 0, 3, 1, 3, 3, 1, 0, 2, 1, 3, 0, 1, 0, 2, 2, 0, 0, 2, 0
RUN_2026-06-19_lowB_baselines_r6c930, 49, 15, 999, 0, 999, 999, 13, 999, 9, 999, 999, 999, 3, 143, 999, 999, 32, 96, 999, 191, 999, 6, 2, 207, 999, 14, 16, 160, 999, 176, 95, 175, 999, 1, 144, 999, 31, 999, 128, 4, 999, 192, 127, 48, 79, 8, 47, 7, 63, 10, 999, 5, 12, 64, 111, 80, 999, 999, 11, 112, 159, 164, 999, 26, 149, 124, 999, 165, 107, 17, 109, 69, 123, 76, 168, 999, 196, 194, 62, 125, 186, 60, 108, 999, 205, 180, 161, 70, 46, 184, 999, 999, 148, 24, 163, 23, 59, 92, 133, 30, 185, 85, 999, 136, 120, 135, 156, 25, 131, 999, 42, 21, 103, 999, 97, 86, 999, 172, 999, 121, 130, 98, 74, 999, 999, 166, 174, 29, 999, 75, 101, 200, 118, 104, 134, 158, 999, 33, 999, 999, 999, 119, 84, 177, 189, 139, 999, 140, 203, 138, 73, 89, 44, 83, 90, 141, 72, 999, 183, 153, 154, 152, 199, 150, 999, 157, 999, 999, 193, 999, 142, 68, 106, 151, 126, 190, 137, 35, 999, 147, 100, 28, 34, 39, 65, 50, 20, 61, 45, 202, 99, 78, 51, 81, 43, 105, 197, 169, 40, 117, 41, 173, 94, 179, 36, 27, 170, 87, 171, 129, 57, 67, 187, 19, 66, 110, 18, 204, 88, 77, 53, 201, 999, 181, 116, 122, 115, 37, 132, 82, 182, 102, 145, 195, 93, 38, 56, 114, 178, 49, 58, 55, 155, 167, 999, 54, 71, 188, 22, 113, 52, 162, 206, 198, 999, 91, 146, 0, 0, 0, 0, 0, 0, 0, 0, 0, 0, 0, 1, 1, 0, 0, 3, 2, 0, 1, 0, 2, 0, 3, 0, 1, 2, 3, 0, 3, 2, 2, 0, 0, 3, 0, 0, 0, 0, 2, 0, 1, 2, 3, 0, 0, 2, 3, 3, 1, 0, 3, 3, 1, 2, 0, 0, 0, 2, 3, 2, 3, 0, 3, 0, 1, 0, 1, 1, 0, 0, 0, 2, 2, 2, 0, 3, 0, 1, 1, 1, 1, 1, 0, 3, 0, 3, 3, 2, 2, 0, 0, 2, 3, 0, 3, 2, 3, 0, 2, 1, 3, 0, 3, 3, 1, 1, 2, 1, 0, 0, 0, 1, 0, 0, 1, 0, 1, 0, 1, 0, 1, 0, 0, 0, 2, 2, 1, 0, 0, 0, 1, 3, 2, 2, 1, 0, 3, 0, 0, 0, 2, 2, 3, 3, 0, 0, 2, 2, 2, 2, 3, 0, 1, 0, 0, 1, 0, 3, 2, 3, 0, 0, 3, 0, 0, 0, 0, 2, 0, 2, 2, 1, 3, 3, 2, 2, 2, 0, 3, 1, 3, 0, 0, 1, 3, 2, 0, 3, 2, 0, 0, 1, 2, 3, 2, 0, 0, 2, 3, 1, 0, 2, 0, 2, 1, 2, 0, 0, 0, 0, 3, 0, 2, 3, 1, 2, 0, 1, 2, 1, 2, 0, 0, 0, 1, 0, 1, 1, 2, 0, 3, 2, 2, 3, 2, 3, 2, 0, 3, 1, 3, 3, 1, 0, 2, 1, 3, 0, 1, 0, 2, 2, 0, 0, 2, 0
RUN_2026-06-19_lowB_baselines_r6c930, 50, 15, 999, 0, 999, 999, 13, 999, 9, 999, 999, 999, 3, 143, 999, 999, 32, 96, 999, 191, 999, 6, 2, 207, 999, 14, 16, 160, 999, 176, 95, 175, 999, 1, 144, 999, 31, 999, 128, 4, 999, 192, 127, 48, 79, 8, 47, 7, 63, 10, 999, 5, 12, 64, 111, 80, 999, 999, 11, 112, 159, 164, 999, 26, 149, 124, 999, 165, 107, 17, 109, 69, 123, 76, 168, 999, 196, 194, 62, 125, 186, 60, 108, 999, 205, 180, 161, 70, 46, 184, 999, 999, 148, 24, 163, 23, 59, 92, 133, 30, 185, 85, 999, 136, 120, 135, 156, 25, 131, 200, 42, 21, 103, 999, 97, 86, 999, 172, 201, 121, 130, 98, 74, 999, 999, 166, 174, 29, 999, 75, 101, 999, 118, 104, 134, 158, 999, 33, 999, 999, 999, 119, 84, 177, 189, 139, 999, 140, 203, 138, 73, 89, 44, 83, 90, 141, 72, 999, 183, 153, 154, 152, 999, 150, 999, 157, 999, 999, 193, 999, 142, 68, 106, 151, 126, 190, 137, 35, 999, 147, 100, 28, 34, 39, 65, 50, 20, 61, 45, 202, 99, 78, 51, 81, 43, 105, 197, 169, 40, 117, 41, 173, 94, 179, 36, 27, 170, 87, 171, 129, 57, 67, 187, 19, 66, 110, 18, 204, 88, 77, 53, 999, 999, 181, 116, 122, 115, 37, 132, 82, 182, 102, 145, 195, 93, 38, 56, 114, 178, 49, 58, 55, 155, 167, 999, 54, 71, 188, 22, 113, 52, 162, 206, 198, 199, 91, 146, 0, 0, 0, 0, 0, 0, 0, 0, 0, 0, 0, 1, 1, 0, 0, 3, 2, 0, 1, 0, 2, 0, 3, 0, 1, 2, 3, 0, 3, 2, 2, 0, 0, 3, 0, 0, 0, 0, 2, 0, 1, 2, 3, 0, 0, 2, 3, 3, 1, 0, 3, 3, 1, 2, 0, 0, 0, 2, 3, 2, 3, 0, 3, 0, 1, 0, 1, 1, 0, 0, 0, 2, 2, 2, 0, 3, 0, 1, 1, 1, 1, 1, 0, 3, 0, 3, 3, 2, 2, 0, 0, 2, 3, 0, 3, 2, 3, 0, 2, 1, 3, 0, 3, 3, 1, 1, 2, 1, 3, 0, 0, 1, 0, 0, 1, 0, 1, 0, 1, 0, 1, 0, 0, 0, 2, 2, 1, 0, 0, 0, 0, 3, 2, 2, 1, 0, 3, 0, 0, 0, 2, 2, 3, 3, 0, 0, 2, 2, 2, 2, 3, 0, 1, 0, 0, 1, 0, 3, 2, 3, 0, 0, 3, 0, 0, 0, 0, 2, 0, 2, 2, 1, 3, 3, 2, 2, 2, 0, 3, 1, 3, 0, 0, 1, 3, 2, 0, 3, 2, 0, 0, 1, 2, 3, 2, 0, 0, 2, 3, 1, 0, 2, 0, 2, 1, 2, 0, 0, 0, 0, 3, 0, 2, 3, 1, 2, 0, 1, 2, 1, 0, 0, 0, 0, 1, 0, 1, 1, 2, 0, 3, 2, 2, 3, 2, 3, 2, 0, 3, 1, 3, 3, 1, 0, 2, 1, 3, 0, 1, 0, 2, 2, 0, 3, 2, 0
RUN_2026-06-19_lowB_baselines_r6c930, 51, 15, 999, 0, 999, 999, 13, 999, 9, 999, 999, 999, 3, 143, 999, 999, 32, 96, 999, 191, 999, 6, 2, 207, 999, 14, 16, 160, 999, 176, 95, 175, 999, 1, 144, 999, 31, 999, 128, 4, 999, 192, 127, 48, 79, 8, 47, 7, 63, 10, 999, 5, 12, 64, 111, 80, 999, 999, 11, 112, 159, 164, 999, 26, 149, 124, 999, 165, 107, 17, 109, 69, 123, 76, 168, 999, 196, 194, 62, 125, 186, 60, 108, 999, 205, 180, 161, 70, 46, 184, 999, 999, 148, 24, 163, 23, 59, 92, 133, 30, 185, 85, 999, 136, 120, 135, 156, 25, 131, 999, 42, 21, 103, 200, 97, 86, 999, 172, 201, 121, 130, 98, 74, 999, 999, 166, 174, 29, 999, 75, 101, 999, 118, 104, 134, 158, 999, 33, 999, 999, 999, 119, 84, 177, 189, 139, 999, 140, 203, 138, 73, 89, 44, 83, 90, 141, 72, 999, 183, 153, 154, 152, 199, 150, 999, 157, 999, 999, 193, 999, 142, 68, 106, 151, 126, 190, 137, 35, 999, 147, 100, 28, 34, 39, 65, 50, 20, 61, 45, 202, 99, 78, 51, 81, 43, 105, 197, 169, 40, 117, 41, 173, 94, 179, 36, 27, 170, 87, 171, 129, 57, 67, 187, 19, 66, 110, 18, 204, 88, 77, 53, 999, 999, 181, 116, 122, 115, 37, 132, 82, 182, 102, 145, 195, 93, 38, 56, 114, 178, 49, 58, 55, 155, 167, 999, 54, 71, 188, 22, 113, 52, 162, 206, 198, 999, 91, 146, 0, 0, 0, 0, 0, 0, 0, 0, 0, 0, 0, 1, 1, 0, 0, 3, 2, 0, 1, 0, 2, 0, 3, 0, 1, 2, 3, 0, 3, 2, 2, 0, 0, 3, 0, 0, 0, 0, 2, 0, 1, 2, 3, 0, 0, 2, 3, 3, 1, 0, 3, 3, 1, 2, 0, 0, 0, 2, 3, 2, 3, 0, 3, 0, 1, 0, 1, 1, 0, 0, 0, 2, 2, 2, 0, 3, 0, 1, 1, 1, 1, 1, 0, 3, 0, 3, 3, 2, 2, 0, 0, 2, 3, 0, 3, 2, 3, 0, 2, 1, 3, 0, 3, 3, 1, 1, 2, 1, 0, 0, 0, 1, 2, 0, 1, 0, 1, 0, 1, 0, 1, 0, 0, 0, 2, 2, 1, 0, 0, 0, 0, 3, 2, 2, 1, 0, 3, 0, 0, 0, 2, 2, 3, 3, 0, 0, 2, 2, 2, 2, 3, 0, 1, 0, 0, 1, 0, 3, 2, 3, 0, 0, 3, 0, 0, 0, 0, 2, 0, 2, 2, 1, 3, 3, 2, 2, 2, 0, 3, 1, 3, 0, 0, 1, 3, 2, 0, 3, 2, 0, 0, 1, 2, 3, 2, 0, 0, 2, 3, 1, 0, 2, 0, 2, 1, 2, 0, 0, 0, 0, 3, 0, 2, 3, 1, 2, 0, 1, 2, 1, 0, 0, 0, 0, 1, 0, 1, 1, 2, 0, 3, 2, 2, 3, 2, 3, 2, 0, 3, 1, 3, 3, 1, 0, 2, 1, 3, 0, 1, 0, 2, 2, 0, 0, 2, 0
RUN_2026-06-19_lowB_baselines_r6c930, 52, 15, 999, 0, 999, 999, 13, 999, 9, 999, 999, 999, 3, 143, 999, 999, 32, 96, 999, 191, 999, 6, 2, 207, 999, 14, 16, 160, 999, 176, 95, 175, 192, 1, 144, 999, 31, 999, 128, 4, 999, 999, 127, 48, 79, 8, 47, 7, 63, 10, 999, 5, 12, 64, 111, 80, 999, 999, 11, 112, 159, 164, 999, 26, 149, 124, 999, 165, 107, 17, 109, 69, 123, 76, 168, 999, 999, 196, 62, 125, 186, 60, 108, 999, 205, 180, 161, 70, 46, 184, 999, 999, 148, 24, 163, 23, 59, 92, 133, 30, 185, 85, 999, 136, 120, 135, 156, 25, 131, 999, 42, 21, 103, 200, 97, 86, 999, 172, 201, 121, 130, 98, 74, 999, 999, 166, 174, 29, 999, 75, 101, 193, 118, 104, 134, 158, 999, 33, 999, 999, 999, 119, 84, 177, 189, 139, 999, 140, 203, 138, 73, 89, 44, 83, 90, 141, 72, 999, 183, 153, 154, 152, 199, 150, 999, 157, 999, 999, 999, 194, 142, 68, 106, 151, 126, 190, 137, 35, 999, 147, 100, 28, 34, 39, 65, 50, 20, 61, 45, 202, 99, 78, 51, 81, 43, 105, 197, 169, 40, 117, 41, 173, 94, 179, 36, 27, 170, 87, 171, 129, 57, 67, 187, 19, 66, 110, 18, 204, 88, 77, 53, 999, 999, 181, 116, 122, 115, 37, 132, 82, 182, 102, 145, 195, 93, 38, 56, 114, 178, 49, 58, 55, 155, 167, 999, 54, 71, 188, 22, 113, 52, 162, 206, 198, 999, 91, 146, 0, 0, 0, 0, 0, 0, 0, 0, 0, 0, 0, 1, 1, 0, 0, 3, 2, 0, 1, 0, 2, 0, 3, 0, 1, 2, 3, 0, 3, 2, 2, 2, 0, 3, 0, 0, 0, 0, 2, 0, 0, 2, 3, 0, 0, 2, 3, 3, 1, 0, 3, 3, 1, 2, 0, 0, 0, 2, 3, 2, 3, 0, 3, 0, 1, 0, 1, 1, 0, 0, 0, 2, 2, 2, 0, 0, 2, 1, 1, 1, 1, 1, 0, 3, 0, 3, 3, 2, 2, 0, 0, 2, 3, 0, 3, 2, 3, 0, 2, 1, 3, 0, 3, 3, 1, 1, 2, 1, 0, 0, 0, 1, 2, 0, 1, 0, 1, 0, 1, 0, 1, 0, 0, 0, 2, 2, 1, 0, 0, 0, 1, 3, 2, 2, 1, 0, 3, 0, 0, 0, 2, 2, 3, 3, 0, 0, 2, 2, 2, 2, 3, 0, 1, 0, 0, 1, 0, 3, 2, 3, 0, 0, 3, 0, 0, 0, 0, 0, 2, 2, 2, 1, 3, 3, 2, 2, 2, 0, 3, 1, 3, 0, 0, 1, 3, 2, 0, 3, 2, 0, 0, 1, 2, 3, 2, 0, 0, 2, 3, 1, 0, 2, 0, 2, 1, 2, 0, 0, 0, 0, 3, 0, 2, 3, 1, 2, 0, 1, 2, 1, 0, 0, 0, 0, 1, 0, 1, 1, 2, 0, 3, 2, 2, 3, 2, 3, 2, 0, 3, 1, 3, 3, 1, 0, 2, 1, 3, 0, 1, 0, 2, 2, 0, 0, 2, 0
RUN_2026-06-19_lowB_baselines_r6c930, 53, 15, 999, 0, 999, 999, 13, 999, 9, 999, 999, 999, 3, 143, 999, 999, 32, 96, 999, 191, 999, 6, 2, 207, 999, 14, 16, 160, 999, 176, 95, 175, 192, 1, 144, 999, 31, 999, 128, 4, 999, 999, 127, 48, 79, 8, 47, 7, 63, 10, 999, 5, 12, 64, 111, 80, 999, 999, 11, 112, 159, 164, 999, 26, 149, 124, 999, 165, 107, 17, 109, 69, 123, 76, 168, 999, 999, 196, 62, 125, 186, 60, 108, 999, 205, 180, 161, 70, 46, 184, 999, 999, 148, 24, 163, 23, 59, 92, 133, 30, 185, 85, 999, 136, 120, 135, 156, 25, 131, 200, 42, 21, 103, 999, 97, 86, 999, 172, 201, 121, 130, 98, 74, 999, 999, 166, 174, 29, 999, 75, 101, 193, 118, 104, 134, 158, 999, 33, 999, 999, 999, 119, 84, 177, 189, 139, 999, 140, 203, 138, 73, 89, 44, 83, 90, 141, 72, 999, 183, 153, 154, 152, 999, 150, 999, 157, 999, 999, 999, 194, 142, 68, 106, 151, 126, 190, 137, 35, 999, 147, 100, 28, 34, 39, 65, 50, 20, 61, 45, 202, 99, 78, 51, 81, 43, 105, 197, 169, 40, 117, 41, 173, 94, 179, 36, 27, 170, 87, 171, 129, 57, 67, 187, 19, 66, 110, 18, 204, 88, 77, 53, 999, 999, 181, 116, 122, 115, 37, 132, 82, 182, 102, 145, 195, 93, 38, 56, 114, 178, 49, 58, 55, 155, 167, 999, 54, 71, 188, 22, 113, 52, 162, 206, 198, 199, 91, 146, 0, 0, 0, 0, 0, 0, 0, 0, 0, 0, 0, 1, 1, 0, 0, 3, 2, 0, 1, 0, 2, 0, 3, 0, 1, 2, 3, 0, 3, 2, 2, 2, 0, 3, 0, 0, 0, 0, 2, 0, 0, 2, 3, 0, 0, 2, 3, 3, 1, 0, 3, 3, 1, 2, 0, 0, 0, 2, 3, 2, 3, 0, 3, 0, 1, 0, 1, 1, 0, 0, 0, 2, 2, 2, 0, 0, 2, 1, 1, 1, 1, 1, 0, 3, 0, 3, 3, 2, 2, 0, 0, 2, 3, 0, 3, 2, 3, 0, 2, 1, 3, 0, 3, 3, 1, 1, 2, 1, 3, 0, 0, 1, 0, 0, 1, 0, 1, 0, 1, 0, 1, 0, 0, 0, 2, 2, 1, 0, 0, 0, 1, 3, 2, 2, 1, 0, 3, 0, 0, 0, 2, 2, 3, 3, 0, 0, 2, 2, 2, 2, 3, 0, 1, 0, 0, 1, 0, 3, 2, 3, 0, 0, 3, 0, 0, 0, 0, 0, 2, 2, 2, 1, 3, 3, 2, 2, 2, 0, 3, 1, 3, 0, 0, 1, 3, 2, 0, 3, 2, 0, 0, 1, 2, 3, 2, 0, 0, 2, 3, 1, 0, 2, 0, 2, 1, 2, 0, 0, 0, 0, 3, 0, 2, 3, 1, 2, 0, 1, 2, 1, 0, 0, 0, 0, 1, 0, 1, 1, 2, 0, 3, 2, 2, 3, 2, 3, 2, 0, 3, 1, 3, 3, 1, 0, 2, 1, 3, 0, 1, 0, 2, 2, 0, 1, 2, 0
RUN_2026-06-19_lowB_baselines_r6c813, 54, 15, 999, 0, 999, 999, 8, 999, 3, 32, 144, 175, 10, 999, 143, 999, 207, 999, 999, 999, 191, 5, 2, 112, 48, 9, 16, 80, 999, 31, 999, 64, 79, 1, 47, 999, 95, 159, 176, 11, 999, 999, 127, 128, 63, 7, 111, 6, 999, 13, 160, 4, 14, 999, 192, 999, 96, 999, 12, 999, 999, 154, 999, 999, 182, 999, 118, 33, 29, 17, 198, 43, 35, 151, 62, 87, 999, 999, 104, 77, 185, 150, 138, 999, 166, 999, 81, 162, 34, 76, 193, 46, 146, 169, 194, 999, 42, 86, 88, 155, 119, 161, 196, 141, 148, 152, 20, 149, 203, 37, 65, 134, 177, 140, 168, 53, 999, 24, 54, 164, 132, 135, 157, 49, 999, 133, 66, 187, 178, 195, 179, 110, 38, 94, 999, 999, 180, 999, 19, 30, 999, 102, 173, 158, 186, 58, 205, 71, 206, 174, 153, 70, 137, 100, 181, 73, 74, 84, 72, 202, 170, 189, 28, 122, 89, 200, 21, 51, 126, 109, 999, 201, 999, 999, 999, 52, 165, 139, 75, 147, 93, 142, 103, 22, 199, 27, 82, 107, 184, 108, 91, 999, 999, 136, 113, 123, 204, 117, 999, 78, 59, 999, 92, 98, 97, 36, 171, 120, 999, 61, 121, 197, 190, 131, 124, 999, 18, 50, 115, 67, 40, 55, 41, 167, 83, 116, 999, 114, 23, 44, 999, 45, 39, 125, 90, 130, 99, 106, 105, 60, 101, 26, 999, 145, 163, 57, 25, 172, 85, 129, 156, 68, 69, 999, 56, 188, 183, 0, 0, 0, 0, 0, 0, 0, 0, 1, 3, 3, 1, 0, 0, 0, 1, 0, 0, 0, 1, 2, 0, 1, 2, 1, 2, 3, 0, 1, 0, 0, 0, 0, 1, 0, 0, 0, 0, 2, 0, 0, 2, 3, 0, 0, 2, 3, 0, 1, 1, 3, 3, 0, 0, 0, 3, 0, 2, 0, 0, 0, 0, 0, 2, 0, 2, 2, 3, 0, 1, 2, 1, 3, 0, 2, 0, 0, 1, 1, 2, 3, 2, 0, 3, 0, 3, 0, 3, 3, 2, 1, 2, 2, 2, 0, 2, 0, 0, 3, 3, 0, 2, 2, 3, 2, 3, 0, 2, 3, 1, 1, 0, 2, 3, 3, 0, 1, 0, 2, 0, 1, 3, 2, 0, 2, 1, 3, 0, 2, 3, 3, 0, 1, 0, 0, 0, 0, 1, 3, 0, 2, 0, 1, 3, 1, 1, 2, 1, 3, 2, 3, 3, 0, 2, 3, 0, 0, 0, 3, 3, 1, 1, 2, 0, 2, 1, 2, 2, 0, 0, 3, 0, 0, 0, 2, 0, 1, 0, 0, 3, 1, 2, 2, 1, 3, 3, 0, 1, 1, 3, 0, 0, 1, 3, 1, 0, 0, 0, 0, 3, 0, 0, 3, 1, 2, 1, 3, 0, 3, 3, 1, 0, 3, 2, 0, 2, 2, 0, 1, 0, 0, 0, 0, 1, 1, 0, 2, 2, 2, 0, 2, 3, 3, 1, 3, 3, 2, 0, 1, 1, 3, 0, 2, 1, 3, 1, 1, 3, 2, 3, 0, 3, 0, 2, 1, 2
RUN_2026-06-19_lowB_baselines_r7c479, 0, 0, 15, 999, 999, 999, 192, 14, 999, 10, 999, 999, 47, 80, 7, 96, 3, 79, 999, 112, 2, 48, 999, 176, 999, 999, 128, 999, 999, 11, 12, 1, 159, 999, 4, 207, 175, 31, 8, 111, 63, 143, 6, 999, 191, 16, 5, 32, 999, 160, 999, 64, 13, 127, 95, 999, 999, 9, 999, 999, 144, 44, 999, 133, 139, 45, 123, 166, 157, 999, 999, 28, 168, 17, 190, 91, 138, 140, 76, 92, 43, 141, 51, 999, 999, 129, 46, 104, 167, 60, 999, 999, 161, 142, 35, 33, 132, 122, 158, 105, 174, 205, 182, 40, 37, 999, 24, 195, 999, 999, 198, 181, 172, 193, 85, 75, 189, 38, 134, 77, 20, 74, 41, 999, 21, 36, 65, 42, 149, 58, 999, 173, 171, 78, 84, 97, 206, 152, 29, 101, 30, 150, 53, 178, 89, 999, 88, 67, 187, 52, 54, 19, 83, 162, 186, 999, 27, 100, 202, 87, 23, 999, 201, 153, 39, 117, 147, 188, 204, 196, 69, 103, 163, 125, 999, 126, 102, 55, 177, 130, 25, 999, 151, 86, 72, 165, 146, 34, 116, 115, 56, 107, 124, 26, 137, 200, 145, 169, 70, 71, 999, 199, 113, 179, 180, 148, 73, 68, 135, 109, 203, 114, 999, 81, 999, 121, 59, 120, 999, 110, 999, 999, 106, 184, 999, 999, 18, 170, 999, 99, 183, 93, 164, 156, 82, 50, 98, 197, 62, 119, 136, 155, 131, 154, 108, 61, 66, 999, 49, 118, 22, 94, 999, 194, 57, 185, 90, 3, 3, 0, 0, 0, 3, 0, 0, 2, 0, 0, 2, 3, 3, 2, 0, 0, 0, 3, 0, 1, 0, 1, 0, 0, 2, 0, 0, 0, 1, 1, 0, 0, 0, 0, 0, 0, 1, 3, 3, 3, 1, 0, 0, 3, 1, 2, 0, 0, 0, 2, 3, 3, 2, 0, 0, 1, 0, 0, 0, 3, 0, 2, 3, 1, 0, 2, 0, 0, 0, 1, 1, 2, 0, 0, 0, 1, 1, 1, 3, 3, 0, 0, 0, 1, 3, 1, 3, 0, 0, 0, 3, 3, 1, 2, 2, 0, 1, 3, 2, 3, 2, 0, 2, 0, 1, 3, 0, 0, 2, 1, 3, 0, 2, 1, 1, 0, 0, 3, 1, 3, 2, 0, 1, 3, 1, 3, 3, 1, 0, 1, 2, 2, 3, 2, 1, 1, 1, 1, 2, 2, 0, 0, 0, 0, 0, 1, 3, 3, 2, 2, 2, 2, 2, 0, 0, 3, 0, 0, 1, 0, 1, 3, 0, 1, 1, 3, 2, 3, 2, 0, 0, 3, 0, 2, 3, 2, 0, 2, 0, 0, 2, 3, 2, 0, 0, 3, 0, 2, 0, 0, 1, 0, 0, 0, 3, 2, 1, 3, 0, 3, 0, 0, 2, 2, 0, 2, 1, 2, 0, 1, 0, 1, 0, 1, 0, 2, 0, 0, 0, 0, 2, 3, 0, 0, 2, 2, 0, 1, 2, 1, 1, 1, 2, 1, 0, 0, 3, 3, 1, 3, 1, 0, 0, 3, 0, 0, 3, 0, 1, 2, 0, 3, 1, 0, 0
RUN_2026-06-19_lowB_baselines_r7c425, 1, 0, 15, 999, 999, 999, 999, 14, 207, 9, 176, 112, 999, 999, 6, 999, 3, 96, 999, 999, 2, 143, 192, 47, 128, 16, 144, 999, 999, 10, 4, 1, 999, 999, 11, 999, 175, 191, 7, 64, 31, 159, 13, 127, 160, 999, 12, 999, 111, 63, 999, 999, 8, 80, 95, 48, 999, 5, 79, 32, 999, 999, 108, 147, 98, 62, 184, 124, 155, 185, 157, 148, 201, 118, 161, 35, 97, 198, 156, 200, 177, 190, 138, 107, 168, 83, 999, 152, 117, 84, 145, 182, 999, 116, 132, 99, 131, 36, 141, 174, 122, 39, 149, 110, 999, 76, 173, 206, 126, 42, 202, 189, 999, 999, 999, 60, 105, 999, 23, 193, 186, 43, 125, 180, 150, 27, 999, 999, 179, 146, 133, 28, 999, 109, 106, 38, 163, 139, 999, 25, 26, 24, 82, 999, 71, 90, 46, 93, 999, 75, 30, 94, 19, 61, 57, 92, 91, 123, 999, 999, 999, 41, 154, 87, 999, 69, 114, 89, 29, 178, 194, 196, 70, 113, 103, 999, 81, 85, 104, 171, 999, 88, 72, 183, 86, 167, 170, 197, 44, 45, 999, 74, 199, 49, 121, 67, 66, 188, 999, 151, 120, 195, 999, 181, 53, 130, 33, 73, 162, 187, 20, 136, 21, 999, 203, 59, 51, 77, 102, 54, 58, 22, 68, 65, 166, 134, 56, 50, 169, 135, 140, 999, 34, 999, 165, 999, 164, 137, 153, 119, 40, 158, 115, 18, 172, 204, 999, 17, 37, 55, 129, 142, 205, 100, 101, 78, 52, 3, 3, 0, 0, 0, 0, 0, 1, 2, 3, 1, 0, 0, 3, 0, 0, 2, 0, 0, 0, 3, 3, 3, 2, 0, 2, 0, 0, 0, 1, 1, 0, 0, 0, 0, 0, 0, 1, 1, 3, 3, 1, 1, 2, 0, 1, 0, 3, 2, 0, 0, 3, 1, 2, 0, 0, 1, 3, 3, 0, 0, 3, 3, 3, 1, 2, 1, 0, 0, 1, 3, 1, 3, 2, 0, 0, 2, 0, 3, 2, 2, 0, 2, 1, 3, 0, 2, 3, 1, 0, 1, 0, 1, 1, 1, 3, 2, 0, 2, 2, 1, 3, 2, 0, 0, 1, 3, 2, 3, 0, 0, 0, 0, 0, 0, 2, 0, 3, 0, 1, 1, 2, 1, 2, 0, 0, 0, 0, 2, 2, 2, 0, 0, 1, 0, 2, 2, 0, 1, 1, 1, 1, 0, 3, 0, 3, 0, 0, 1, 1, 1, 2, 1, 1, 2, 3, 3, 0, 0, 0, 1, 0, 0, 0, 2, 2, 0, 1, 2, 2, 2, 3, 3, 2, 0, 1, 2, 2, 3, 0, 0, 2, 1, 2, 2, 1, 2, 2, 0, 0, 0, 2, 2, 2, 2, 3, 0, 0, 0, 1, 2, 0, 2, 1, 3, 1, 0, 2, 3, 1, 0, 1, 0, 2, 0, 1, 3, 2, 1, 1, 0, 2, 3, 3, 1, 1, 3, 2, 0, 1, 0, 0, 0, 2, 0, 2, 3, 2, 3, 0, 3, 2, 0, 0, 3, 0, 1, 1, 0, 1, 1, 1, 0, 1, 3, 0
RUN_2026-06-19_lowB_baselines_r7c309, 2, 0, 15, 999, 999, 999, 999, 14, 999, 11, 999, 160, 96, 47, 7, 999, 3, 144, 999, 999, 2, 64, 176, 207, 112, 999, 999, 999, 999, 4, 5, 1, 999, 191, 12, 999, 159, 31, 9, 95, 192, 143, 13, 80, 175, 16, 8, 32, 48, 63, 999, 999, 6, 79, 127, 111, 999, 10, 999, 128, 999, 91, 999, 197, 999, 999, 178, 999, 100, 107, 999, 66, 130, 17, 161, 118, 999, 185, 999, 999, 67, 51, 77, 117, 50, 177, 62, 49, 179, 92, 65, 131, 61, 999, 180, 33, 198, 76, 186, 75, 84, 174, 153, 71, 158, 38, 28, 169, 72, 999, 206, 122, 53, 171, 133, 120, 121, 27, 183, 999, 123, 154, 157, 167, 54, 190, 196, 999, 184, 39, 173, 168, 155, 57, 132, 58, 55, 999, 93, 162, 999, 88, 109, 30, 156, 37, 89, 90, 106, 25, 146, 19, 999, 99, 26, 999, 78, 202, 21, 108, 199, 22, 172, 999, 20, 44, 36, 105, 193, 142, 119, 152, 114, 125, 52, 101, 115, 163, 136, 124, 999, 135, 104, 86, 999, 166, 999, 34, 164, 102, 999, 194, 24, 203, 134, 68, 56, 188, 145, 187, 165, 129, 43, 69, 205, 23, 85, 42, 82, 97, 98, 29, 999, 170, 999, 41, 182, 60, 73, 94, 149, 195, 74, 150, 151, 81, 18, 204, 147, 116, 200, 999, 137, 87, 148, 45, 103, 126, 999, 999, 141, 140, 35, 139, 201, 59, 83, 138, 40, 110, 113, 181, 46, 70, 999, 999, 189, 3, 3, 0, 0, 0, 0, 0, 0, 2, 0, 1, 0, 1, 3, 0, 0, 2, 0, 0, 0, 1, 3, 3, 2, 0, 0, 0, 0, 0, 1, 1, 0, 1, 0, 0, 0, 0, 1, 3, 1, 3, 1, 3, 0, 3, 1, 2, 1, 2, 0, 0, 3, 3, 2, 2, 0, 1, 0, 3, 0, 1, 0, 3, 0, 0, 2, 0, 3, 1, 0, 2, 3, 2, 2, 2, 0, 3, 0, 0, 2, 0, 0, 2, 0, 2, 1, 1, 1, 1, 2, 2, 2, 0, 2, 2, 3, 2, 1, 1, 2, 1, 0, 0, 0, 1, 2, 1, 1, 0, 0, 1, 1, 1, 2, 3, 0, 2, 2, 0, 2, 1, 0, 3, 2, 1, 3, 0, 2, 0, 1, 2, 3, 0, 3, 2, 0, 0, 3, 0, 0, 1, 2, 1, 3, 3, 2, 2, 1, 1, 3, 2, 0, 1, 0, 0, 3, 0, 3, 0, 1, 1, 0, 0, 0, 1, 1, 0, 2, 2, 0, 0, 1, 2, 1, 2, 3, 2, 1, 3, 0, 3, 0, 2, 0, 3, 0, 3, 0, 1, 0, 2, 1, 2, 2, 0, 3, 3, 2, 0, 3, 1, 3, 2, 0, 0, 0, 1, 2, 2, 3, 3, 0, 0, 0, 3, 2, 1, 3, 0, 1, 0, 0, 1, 1, 2, 2, 3, 0, 2, 3, 0, 2, 2, 3, 3, 3, 3, 0, 0, 1, 3, 3, 0, 1, 1, 2, 1, 1, 2, 1, 3, 1, 0, 0, 0, 3
RUN_2026-06-19_lowB_baselines_r7c309, 3, 0, 15, 999, 999, 999, 999, 14, 999, 11, 999, 160, 96, 47, 7, 999, 3, 144, 999, 999, 2, 64, 176, 207, 112, 999, 999, 999, 999, 4, 5, 1, 999, 191, 12, 999, 159, 31, 9, 95, 192, 143, 13, 80, 175, 16, 8, 32, 48, 63, 999, 999, 6, 79, 127, 111, 999, 10, 999, 128, 999, 91, 999, 197, 999, 999, 178, 999, 100, 107, 999, 66, 130, 17, 161, 118, 999, 185, 999, 999, 67, 51, 77, 117, 50, 177, 62, 49, 179, 92, 65, 131, 61, 999, 180, 33, 195, 76, 186, 75, 84, 174, 153, 71, 158, 38, 28, 169, 72, 999, 206, 122, 53, 171, 133, 120, 121, 27, 183, 999, 123, 154, 157, 167, 54, 190, 196, 999, 184, 39, 173, 168, 155, 57, 132, 58, 55, 999, 93, 162, 999, 88, 109, 30, 156, 37, 89, 90, 106, 25, 146, 19, 999, 99, 26, 999, 78, 202, 21, 108, 199, 22, 172, 999, 20, 44, 36, 105, 193, 142, 119, 152, 114, 125, 52, 101, 115, 163, 136, 124, 999, 135, 104, 86, 999, 166, 999, 34, 164, 102, 999, 194, 24, 203, 134, 68, 56, 188, 145, 187, 165, 129, 43, 69, 205, 23, 85, 42, 82, 97, 98, 29, 999, 170, 999, 41, 182, 60, 73, 94, 149, 198, 74, 150, 151, 81, 18, 204, 147, 116, 200, 999, 137, 87, 148, 45, 103, 126, 999, 999, 141, 140, 35, 139, 201, 59, 83, 138, 40, 110, 113, 181, 46, 70, 999, 999, 189, 3, 3, 0, 0, 0, 0, 0, 0, 2, 0, 1, 0, 1, 3, 0, 0, 2, 0, 0, 0, 1, 3, 3, 2, 0, 0, 0, 0, 0, 1, 1, 0, 1, 0, 0, 0, 0, 1, 3, 1, 3, 1, 3, 0, 3, 1, 2, 1, 2, 0, 0, 3, 3, 2, 2, 0, 1, 0, 3, 0, 1, 0, 3, 0, 0, 2, 0, 3, 1, 0, 2, 3, 2, 2, 2, 0, 3, 0, 0, 2, 0, 0, 2, 0, 2, 1, 1, 1, 1, 2, 2, 2, 0, 2, 2, 3, 2, 1, 1, 2, 1, 0, 0, 0, 1, 2, 1, 1, 0, 0, 1, 1, 1, 2, 3, 0, 2, 2, 0, 2, 1, 0, 3, 2, 1, 3, 0, 2, 0, 1, 2, 3, 0, 3, 2, 0, 0, 3, 0, 0, 1, 2, 1, 3, 3, 2, 2, 1, 1, 3, 2, 0, 1, 0, 0, 3, 0, 3, 0, 1, 1, 0, 0, 0, 1, 1, 0, 2, 2, 0, 0, 1, 2, 1, 2, 3, 2, 1, 3, 0, 3, 0, 2, 0, 3, 0, 3, 0, 1, 0, 2, 1, 2, 2, 0, 3, 3, 2, 0, 3, 1, 3, 2, 0, 0, 0, 1, 2, 2, 3, 3, 0, 0, 0, 3, 2, 1, 3, 0, 1, 0, 0, 1, 1, 2, 2, 3, 0, 2, 3, 0, 2, 2, 3, 3, 3, 3, 0, 0, 1, 3, 3, 0, 1, 1, 2, 1, 1, 2, 1, 3, 1, 0, 0, 0, 3
RUN_2026-06-19_lowB_baselines_r7c417, 4, 0, 15, 999, 999, 128, 32, 14, 999, 6, 999, 999, 143, 112, 11, 144, 3, 999, 64, 80, 2, 999, 999, 175, 999, 16, 160, 999, 176, 7, 4, 1, 192, 999, 8, 999, 111, 127, 9, 47, 999, 999, 13, 159, 999, 999, 12, 31, 999, 79, 48, 999, 10, 999, 999, 191, 207, 5, 63, 96, 95, 151, 141, 161, 171, 999, 999, 157, 999, 155, 37, 55, 89, 67, 149, 187, 180, 129, 21, 152, 20, 999, 132, 68, 999, 167, 142, 194, 36, 999, 56, 181, 999, 204, 90, 165, 131, 35, 193, 205, 78, 999, 999, 999, 177, 999, 188, 203, 189, 123, 158, 999, 145, 61, 202, 73, 60, 169, 999, 92, 33, 179, 45, 72, 49, 154, 24, 999, 124, 25, 170, 178, 162, 999, 46, 91, 153, 104, 136, 135, 138, 23, 114, 172, 43, 109, 156, 103, 98, 196, 120, 999, 116, 150, 19, 134, 126, 999, 133, 105, 27, 137, 102, 139, 93, 107, 30, 22, 66, 85, 106, 42, 44, 999, 50, 26, 183, 999, 999, 113, 122, 115, 69, 101, 54, 174, 198, 88, 108, 125, 117, 38, 29, 168, 59, 71, 999, 201, 999, 146, 999, 97, 75, 166, 999, 86, 70, 53, 999, 100, 119, 140, 99, 197, 147, 77, 163, 39, 57, 82, 58, 999, 87, 199, 186, 173, 51, 76, 184, 185, 121, 200, 182, 65, 81, 190, 118, 84, 195, 999, 130, 206, 164, 18, 28, 52, 74, 17, 148, 83, 40, 110, 34, 999, 41, 62, 94, 3, 3, 0, 0, 0, 3, 0, 0, 2, 0, 0, 2, 3, 3, 2, 0, 0, 1, 3, 0, 0, 0, 3, 0, 0, 2, 0, 1, 0, 1, 1, 2, 0, 0, 0, 0, 0, 1, 3, 0, 0, 1, 1, 0, 0, 1, 0, 0, 2, 1, 0, 3, 0, 0, 2, 1, 1, 3, 3, 2, 1, 2, 2, 0, 0, 0, 1, 0, 3, 0, 0, 3, 1, 2, 3, 0, 1, 0, 1, 3, 0, 3, 0, 0, 2, 3, 3, 3, 0, 0, 2, 0, 1, 2, 2, 2, 0, 3, 3, 1, 0, 0, 0, 1, 0, 0, 0, 1, 3, 3, 0, 3, 0, 0, 1, 2, 1, 0, 1, 2, 1, 0, 3, 2, 1, 3, 0, 2, 0, 0, 0, 0, 0, 1, 0, 0, 2, 0, 1, 2, 0, 3, 3, 1, 3, 0, 2, 2, 2, 3, 0, 0, 1, 1, 2, 1, 0, 0, 3, 1, 2, 1, 3, 2, 3, 3, 2, 2, 0, 1, 1, 1, 0, 3, 3, 0, 0, 0, 0, 3, 2, 1, 1, 3, 2, 3, 1, 0, 3, 1, 0, 3, 1, 1, 0, 0, 0, 0, 0, 0, 1, 2, 2, 0, 3, 1, 3, 0, 0, 0, 2, 3, 2, 0, 2, 1, 3, 3, 3, 2, 0, 0, 2, 3, 1, 1, 3, 2, 0, 0, 0, 1, 0, 0, 1, 3, 2, 0, 0, 1, 0, 3, 0, 2, 0, 3, 1, 2, 1, 1, 3, 3, 0, 2, 3, 1
RUN_2026-06-19_lowB_baselines_r7c417, 5, 0, 15, 999, 999, 128, 32, 14, 999, 6, 999, 999, 143, 112, 11, 144, 3, 999, 64, 80, 2, 999, 999, 175, 999, 16, 160, 999, 176, 7, 4, 1, 999, 999, 8, 999, 111, 127, 9, 47, 999, 999, 13, 159, 192, 999, 12, 31, 999, 79, 48, 999, 10, 999, 999, 191, 207, 5, 63, 96, 95, 151, 141, 161, 171, 999, 999, 157, 999, 155, 37, 55, 89, 67, 149, 187, 180, 129, 21, 152, 20, 999, 132, 68, 999, 167, 142, 999, 36, 999, 56, 181, 999, 204, 90, 165, 131, 35, 999, 205, 78, 999, 999, 999, 177, 999, 188, 203, 189, 123, 158, 999, 145, 61, 202, 73, 60, 169, 999, 92, 33, 179, 45, 72, 49, 154, 24, 999, 124, 25, 170, 178, 162, 999, 46, 91, 153, 104, 136, 135, 138, 23, 114, 172, 43, 109, 156, 103, 98, 196, 120, 999, 116, 150, 19, 134, 126, 999, 133, 105, 27, 137, 102, 139, 93, 107, 30, 22, 66, 85, 106, 42, 44, 999, 50, 26, 183, 999, 999, 113, 122, 115, 69, 101, 54, 174, 198, 88, 108, 125, 117, 38, 29, 168, 59, 71, 193, 201, 999, 146, 999, 97, 75, 166, 999, 86, 70, 53, 999, 100, 119, 140, 99, 197, 147, 77, 163, 39, 57, 82, 58, 999, 87, 199, 186, 173, 51, 76, 184, 185, 121, 200, 182, 65, 81, 190, 118, 84, 195, 999, 130, 206, 164, 18, 28, 52, 74, 17, 148, 83, 40, 110, 34, 194, 41, 62, 94, 3, 3, 0, 0, 0, 3, 0, 0, 2, 0, 0, 2, 3, 3, 2, 0, 0, 1, 3, 0, 0, 0, 3, 0, 0, 2, 0, 1, 0, 1, 1, 0, 0, 0, 0, 0, 0, 1, 3, 0, 0, 1, 1, 2, 0, 1, 0, 0, 2, 1, 0, 3, 0, 0, 2, 1, 1, 3, 3, 2, 1, 2, 2, 0, 0, 0, 1, 0, 3, 0, 0, 3, 1, 2, 3, 0, 1, 0, 1, 3, 0, 3, 0, 0, 2, 3, 0, 3, 0, 0, 2, 0, 1, 2, 2, 2, 0, 0, 3, 1, 0, 0, 0, 1, 0, 0, 0, 1, 3, 3, 0, 3, 0, 0, 1, 2, 1, 0, 1, 2, 1, 0, 3, 2, 1, 3, 0, 2, 0, 0, 0, 0, 0, 1, 0, 0, 2, 0, 1, 2, 0, 3, 3, 1, 3, 0, 2, 2, 2, 3, 0, 0, 1, 1, 2, 1, 0, 0, 3, 1, 2, 1, 3, 2, 3, 3, 2, 2, 0, 1, 1, 1, 0, 3, 3, 0, 0, 0, 0, 3, 2, 1, 1, 3, 2, 3, 1, 0, 3, 1, 0, 3, 1, 1, 0, 0, 0, 0, 0, 0, 1, 2, 2, 0, 3, 1, 3, 0, 0, 0, 2, 3, 2, 0, 2, 1, 3, 3, 3, 2, 0, 0, 2, 3, 1, 1, 3, 2, 0, 0, 0, 1, 0, 0, 1, 3, 2, 0, 0, 1, 0, 3, 0, 2, 0, 3, 1, 2, 1, 1, 3, 3, 0, 2, 3, 1
RUN_2026-06-19_lowB_baselines_r7c417, 6, 0, 15, 999, 999, 128, 32, 14, 999, 6, 999, 999, 143, 112, 11, 144, 3, 999, 64, 80, 2, 999, 999, 175, 999, 16, 160, 999, 176, 7, 4, 1, 192, 999, 8, 999, 111, 127, 9, 47, 999, 999, 13, 159, 999, 999, 12, 31, 999, 79, 48, 999, 10, 999, 999, 191, 207, 5, 63, 96, 95, 151, 141, 161, 171, 999, 999, 157, 999, 155, 37, 55, 89, 67, 149, 187, 180, 129, 21, 152, 20, 999, 132, 68, 999, 167, 142, 194, 36, 999, 56, 181, 204, 999, 90, 165, 131, 35, 193, 205, 78, 999, 999, 999, 177, 999, 188, 203, 189, 123, 158, 999, 145, 61, 202, 73, 60, 169, 999, 92, 33, 179, 45, 72, 49, 154, 24, 999, 124, 25, 170, 178, 162, 999, 46, 91, 153, 104, 136, 135, 138, 23, 114, 172, 43, 109, 156, 103, 98, 196, 120, 999, 116, 150, 19, 134, 126, 999, 133, 105, 27, 137, 102, 139, 93, 107, 30, 22, 66, 85, 106, 42, 44, 999, 50, 26, 183, 999, 999, 113, 122, 115, 69, 101, 54, 174, 198, 88, 108, 125, 117, 38, 29, 168, 59, 71, 999, 201, 999, 146, 999, 97, 75, 166, 999, 86, 70, 53, 999, 100, 119, 140, 99, 197, 147, 77, 163, 39, 57, 82, 58, 999, 87, 199, 186, 173, 51, 76, 184, 185, 121, 200, 182, 65, 81, 190, 118, 84, 195, 999, 130, 206, 164, 18, 28, 52, 74, 17, 148, 83, 40, 110, 34, 999, 41, 62, 94, 3, 3, 0, 0, 0, 3, 0, 0, 2, 0, 0, 2, 3, 3, 2, 0, 0, 1, 3, 0, 0, 0, 3, 0, 0, 2, 0, 1, 0, 1, 1, 2, 0, 0, 0, 0, 0, 1, 3, 0, 0, 1, 1, 0, 0, 1, 0, 0, 2, 1, 0, 3, 0, 0, 2, 1, 1, 3, 3, 2, 1, 2, 2, 0, 0, 0, 1, 0, 3, 0, 0, 3, 1, 2, 3, 0, 1, 0, 1, 3, 0, 3, 0, 0, 2, 3, 3, 3, 0, 0, 2, 1, 0, 2, 2, 2, 0, 3, 3, 1, 0, 0, 0, 1, 0, 0, 0, 1, 3, 3, 0, 3, 0, 0, 1, 2, 1, 0, 1, 2, 1, 0, 3, 2, 1, 3, 0, 2, 0, 0, 0, 0, 0, 1, 0, 0, 2, 0, 1, 2, 0, 3, 3, 1, 3, 0, 2, 2, 2, 3, 0, 0, 1, 1, 2, 1, 0, 0, 3, 1, 2, 1, 3, 2, 3, 3, 2, 2, 0, 1, 1, 1, 0, 3, 3, 0, 0, 0, 0, 3, 2, 1, 1, 3, 2, 3, 1, 0, 3, 1, 0, 3, 1, 1, 0, 0, 0, 0, 0, 0, 1, 2, 2, 0, 3, 1, 3, 0, 0, 0, 2, 3, 2, 0, 2, 1, 3, 3, 3, 2, 0, 0, 2, 3, 1, 1, 3, 2, 0, 0, 0, 1, 0, 0, 1, 3, 2, 0, 0, 1, 0, 3, 0, 2, 0, 3, 1, 2, 1, 1, 3, 3, 0, 2, 3, 1
RUN_2026-06-19_lowB_baselines_r7c417, 7, 0, 15, 999, 999, 128, 32, 14, 999, 6, 999, 999, 143, 112, 11, 144, 3, 999, 64, 80, 2, 999, 999, 175, 999, 16, 160, 999, 176, 7, 4, 1, 999, 999, 8, 999, 111, 127, 9, 47, 999, 999, 13, 159, 192, 999, 12, 31, 999, 79, 48, 999, 10, 999, 999, 191, 207, 5, 63, 96, 95, 151, 141, 161, 171, 999, 999, 157, 999, 155, 37, 55, 89, 67, 149, 187, 180, 129, 21, 152, 20, 999, 132, 68, 999, 167, 142, 999, 36, 999, 56, 181, 204, 999, 90, 165, 131, 35, 999, 205, 78, 999, 999, 999, 177, 999, 188, 203, 189, 123, 158, 999, 145, 61, 202, 73, 60, 169, 999, 92, 33, 179, 45, 72, 49, 154, 24, 999, 124, 25, 170, 178, 162, 999, 46, 91, 153, 104, 136, 135, 138, 23, 114, 172, 43, 109, 156, 103, 98, 196, 120, 999, 116, 150, 19, 134, 126, 999, 133, 105, 27, 137, 102, 139, 93, 107, 30, 22, 66, 85, 106, 42, 44, 999, 50, 26, 183, 999, 999, 113, 122, 115, 69, 101, 54, 174, 198, 88, 108, 125, 117, 38, 29, 168, 59, 71, 193, 201, 999, 146, 999, 97, 75, 166, 999, 86, 70, 53, 999, 100, 119, 140, 99, 197, 147, 77, 163, 39, 57, 82, 58, 999, 87, 199, 186, 173, 51, 76, 184, 185, 121, 200, 182, 65, 81, 190, 118, 84, 195, 999, 130, 206, 164, 18, 28, 52, 74, 17, 148, 83, 40, 110, 34, 194, 41, 62, 94, 3, 3, 0, 0, 0, 3, 0, 0, 2, 0, 0, 2, 3, 3, 2, 0, 0, 1, 3, 0, 0, 0, 3, 0, 0, 2, 0, 1, 0, 1, 1, 0, 0, 0, 0, 0, 0, 1, 3, 0, 0, 1, 1, 2, 0, 1, 0, 0, 2, 1, 0, 3, 0, 0, 2, 1, 1, 3, 3, 2, 1, 2, 2, 0, 0, 0, 1, 0, 3, 0, 0, 3, 1, 2, 3, 0, 1, 0, 1, 3, 0, 3, 0, 0, 2, 3, 0, 3, 0, 0, 2, 1, 0, 2, 2, 2, 0, 0, 3, 1, 0, 0, 0, 1, 0, 0, 0, 1, 3, 3, 0, 3, 0, 0, 1, 2, 1, 0, 1, 2, 1, 0, 3, 2, 1, 3, 0, 2, 0, 0, 0, 0, 0, 1, 0, 0, 2, 0, 1, 2, 0, 3, 3, 1, 3, 0, 2, 2, 2, 3, 0, 0, 1, 1, 2, 1, 0, 0, 3, 1, 2, 1, 3, 2, 3, 3, 2, 2, 0, 1, 1, 1, 0, 3, 3, 0, 0, 0, 0, 3, 2, 1, 1, 3, 2, 3, 1, 0, 3, 1, 0, 3, 1, 1, 0, 0, 0, 0, 0, 0, 1, 2, 2, 0, 3, 1, 3, 0, 0, 0, 2, 3, 2, 0, 2, 1, 3, 3, 3, 2, 0, 0, 2, 3, 1, 1, 3, 2, 0, 0, 0, 1, 0, 0, 1, 3, 2, 0, 0, 1, 0, 3, 0, 2, 0, 3, 1, 2, 1, 1, 3, 3, 0, 2, 3, 1
RUN_2026-06-19_lowB_baselines_r7c363, 8, 0, 15, 999, 999, 999, 207, 14, 175, 9, 47, 999, 999, 999, 12, 999, 3, 999, 96, 999, 2, 999, 999, 127, 999, 16, 999, 160, 999, 4, 10, 1, 999, 999, 5, 192, 144, 31, 7, 63, 111, 999, 13, 112, 999, 159, 6, 128, 95, 64, 191, 32, 8, 143, 79, 48, 176, 11, 80, 999, 999, 122, 134, 147, 195, 89, 38, 999, 24, 50, 106, 23, 66, 167, 999, 169, 161, 173, 999, 22, 999, 87, 999, 168, 88, 174, 72, 135, 65, 999, 193, 150, 55, 71, 49, 39, 163, 73, 153, 179, 121, 190, 206, 94, 182, 20, 21, 131, 999, 181, 999, 999, 203, 197, 183, 82, 125, 187, 83, 999, 156, 184, 138, 110, 155, 33, 999, 198, 140, 61, 185, 139, 126, 93, 62, 148, 154, 194, 132, 37, 30, 178, 999, 123, 85, 19, 90, 77, 102, 86, 999, 78, 76, 26, 27, 133, 46, 105, 45, 91, 40, 999, 118, 166, 165, 116, 999, 75, 999, 97, 152, 81, 142, 36, 29, 999, 205, 158, 69, 999, 136, 201, 199, 172, 44, 188, 92, 162, 67, 146, 117, 52, 18, 114, 53, 28, 145, 171, 130, 119, 103, 999, 200, 101, 54, 68, 999, 51, 42, 196, 43, 58, 35, 108, 107, 164, 100, 59, 74, 999, 170, 84, 202, 180, 25, 141, 113, 151, 104, 120, 109, 129, 98, 204, 57, 115, 999, 999, 124, 157, 999, 99, 177, 189, 999, 60, 41, 17, 999, 56, 999, 149, 70, 34, 137, 186, 999, 3, 3, 0, 0, 0, 1, 0, 1, 2, 1, 0, 0, 0, 3, 0, 0, 0, 1, 0, 0, 0, 0, 3, 0, 0, 0, 3, 0, 0, 1, 1, 0, 0, 0, 2, 2, 0, 1, 3, 3, 0, 1, 3, 0, 1, 1, 2, 3, 0, 3, 2, 3, 3, 2, 0, 3, 1, 1, 0, 0, 3, 2, 1, 2, 3, 1, 0, 2, 0, 3, 0, 1, 1, 0, 3, 2, 3, 0, 0, 0, 2, 0, 0, 2, 1, 1, 3, 3, 0, 3, 3, 0, 2, 0, 0, 1, 2, 0, 2, 1, 3, 3, 2, 3, 1, 2, 3, 0, 0, 0, 0, 0, 1, 2, 3, 2, 3, 0, 0, 3, 3, 1, 2, 3, 2, 0, 1, 1, 2, 3, 1, 0, 0, 1, 2, 2, 0, 0, 3, 2, 2, 0, 3, 2, 3, 2, 0, 2, 3, 0, 1, 3, 1, 0, 0, 3, 2, 2, 2, 3, 0, 0, 3, 1, 3, 0, 3, 0, 0, 2, 2, 2, 3, 2, 0, 2, 3, 1, 0, 3, 1, 2, 2, 3, 2, 2, 3, 0, 0, 0, 3, 3, 0, 2, 1, 3, 0, 3, 2, 2, 0, 0, 0, 3, 2, 0, 3, 0, 2, 1, 0, 0, 2, 1, 1, 3, 3, 3, 0, 2, 0, 2, 1, 2, 1, 1, 1, 3, 1, 3, 3, 0, 2, 2, 3, 0, 0, 0, 0, 0, 2, 1, 1, 0, 3, 0, 1, 0, 2, 0, 0, 3, 0, 3, 3, 0
RUN_2026-06-19_lowB_baselines_r8c285, 0, 15, 999, 999, 0, 999, 999, 160, 7, 144, 4, 2, 999, 999, 999, 999, 16, 112, 80, 999, 111, 127, 1, 175, 3, 999, 128, 12, 207, 9, 13, 159, 999, 999, 10, 999, 31, 999, 47, 192, 999, 11, 6, 95, 143, 999, 5, 999, 999, 63, 14, 96, 999, 999, 79, 64, 8, 176, 48, 32, 191, 999, 170, 206, 999, 169, 108, 68, 124, 153, 44, 105, 25, 84, 18, 184, 125, 129, 53, 181, 52, 205, 186, 999, 17, 106, 163, 37, 28, 107, 85, 24, 999, 197, 115, 114, 999, 183, 179, 152, 62, 97, 121, 141, 167, 203, 149, 999, 140, 157, 113, 999, 60, 194, 150, 55, 166, 61, 148, 122, 137, 999, 21, 172, 999, 30, 22, 999, 204, 69, 147, 999, 151, 173, 999, 56, 178, 187, 168, 999, 999, 133, 161, 162, 66, 202, 40, 67, 92, 71, 41, 139, 39, 999, 138, 999, 135, 100, 93, 146, 132, 177, 101, 136, 70, 126, 201, 193, 145, 999, 116, 20, 42, 110, 156, 65, 999, 999, 50, 196, 49, 117, 23, 130, 90, 102, 26, 33, 171, 999, 88, 83, 109, 182, 34, 99, 72, 999, 27, 19, 999, 131, 154, 155, 174, 43, 35, 87, 76, 158, 89, 104, 142, 180, 91, 46, 999, 999, 86, 82, 120, 190, 999, 75, 118, 77, 81, 73, 200, 74, 59, 999, 38, 999, 45, 199, 134, 57, 164, 103, 188, 29, 999, 94, 58, 119, 54, 189, 198, 78, 195, 185, 98, 165, 36, 123, 51, 0, 0, 0, 1, 0, 0, 3, 0, 1, 0, 2, 0, 0, 0, 0, 3, 2, 1, 0, 1, 3, 0, 3, 3, 0, 2, 0, 3, 0, 1, 2, 0, 0, 0, 0, 0, 0, 2, 1, 0, 2, 1, 1, 0, 0, 1, 0, 0, 2, 2, 2, 0, 0, 2, 0, 0, 0, 1, 3, 2, 0, 3, 2, 0, 1, 0, 1, 0, 0, 1, 0, 1, 1, 3, 2, 2, 1, 1, 0, 0, 3, 0, 0, 2, 1, 2, 2, 0, 3, 0, 0, 0, 0, 2, 3, 0, 0, 2, 1, 1, 0, 0, 2, 1, 1, 0, 0, 3, 2, 0, 0, 1, 1, 2, 3, 2, 0, 0, 1, 3, 0, 0, 3, 0, 3, 1, 0, 2, 0, 1, 0, 3, 2, 0, 2, 0, 2, 0, 0, 0, 3, 1, 0, 2, 3, 2, 2, 1, 3, 2, 1, 3, 0, 2, 0, 1, 3, 0, 1, 0, 3, 3, 3, 1, 1, 1, 1, 3, 0, 3, 1, 3, 0, 2, 3, 0, 0, 1, 1, 3, 2, 3, 0, 1, 1, 0, 1, 2, 0, 1, 0, 1, 0, 2, 3, 0, 0, 1, 0, 0, 3, 3, 2, 2, 3, 3, 2, 0, 1, 2, 2, 0, 0, 3, 3, 0, 0, 3, 2, 3, 3, 0, 3, 1, 0, 0, 1, 1, 2, 3, 0, 3, 0, 0, 1, 3, 1, 2, 1, 2, 0, 0, 2, 0, 0, 1, 3, 1, 2, 2, 2, 2, 2, 2, 1, 2
RUN_2026-06-19_lowB_baselines_r8c285, 1, 15, 999, 999, 0, 999, 999, 160, 7, 144, 4, 2, 999, 999, 999, 999, 16, 112, 80, 999, 111, 127, 1, 175, 3, 999, 128, 12, 207, 9, 13, 159, 999, 999, 10, 999, 31, 999, 47, 192, 999, 11, 6, 95, 143, 999, 5, 999, 999, 63, 14, 96, 999, 999, 79, 64, 8, 176, 48, 32, 191, 203, 170, 206, 999, 169, 108, 68, 124, 153, 44, 105, 25, 84, 18, 184, 125, 129, 53, 181, 52, 205, 186, 999, 17, 106, 163, 37, 28, 107, 85, 24, 202, 197, 115, 114, 999, 183, 179, 152, 62, 97, 121, 141, 167, 999, 149, 999, 140, 157, 113, 999, 60, 194, 150, 55, 166, 61, 148, 122, 137, 999, 21, 172, 999, 30, 22, 999, 999, 69, 147, 999, 151, 173, 999, 56, 178, 187, 168, 999, 999, 133, 161, 162, 66, 999, 40, 67, 92, 71, 41, 139, 39, 200, 138, 999, 135, 100, 93, 146, 132, 177, 101, 136, 70, 126, 999, 193, 145, 204, 116, 20, 42, 110, 156, 65, 999, 198, 50, 196, 49, 117, 23, 130, 90, 102, 26, 33, 171, 999, 88, 83, 109, 182, 34, 99, 72, 999, 27, 19, 999, 131, 154, 155, 174, 43, 35, 87, 76, 158, 89, 104, 142, 180, 91, 46, 999, 999, 86, 82, 120, 190, 999, 75, 118, 77, 81, 73, 999, 74, 59, 999, 38, 199, 45, 201, 134, 57, 164, 103, 188, 29, 999, 94, 58, 119, 54, 189, 999, 78, 195, 185, 98, 165, 36, 123, 51, 0, 0, 0, 1, 0, 0, 3, 0, 1, 0, 2, 0, 0, 0, 0, 3, 2, 1, 0, 1, 3, 0, 3, 3, 0, 2, 0, 3, 0, 1, 2, 0, 0, 0, 0, 0, 0, 2, 1, 0, 2, 1, 1, 0, 0, 1, 0, 0, 2, 2, 2, 0, 0, 2, 0, 0, 0, 1, 3, 2, 2, 3, 2, 0, 1, 0, 1, 0, 0, 1, 0, 1, 1, 3, 2, 2, 1, 1, 0, 0, 3, 0, 0, 2, 1, 2, 2, 0, 3, 0, 0, 1, 0, 2, 3, 0, 0, 2, 1, 1, 0, 0, 2, 1, 0, 0, 0, 3, 2, 0, 0, 1, 1, 2, 3, 2, 0, 0, 1, 3, 0, 0, 3, 0, 3, 1, 0, 0, 0, 1, 0, 3, 2, 0, 2, 0, 2, 0, 0, 0, 3, 1, 0, 2, 0, 2, 2, 1, 3, 2, 1, 3, 2, 2, 0, 1, 3, 0, 1, 0, 3, 3, 3, 1, 1, 0, 1, 3, 3, 3, 1, 3, 0, 2, 3, 0, 1, 1, 1, 3, 2, 3, 0, 1, 1, 0, 1, 2, 0, 1, 0, 1, 0, 2, 3, 0, 0, 1, 0, 0, 3, 3, 2, 2, 3, 3, 2, 0, 1, 2, 2, 0, 0, 3, 3, 0, 0, 3, 2, 3, 3, 0, 3, 1, 0, 0, 1, 0, 2, 3, 0, 3, 3, 0, 2, 3, 1, 2, 1, 2, 0, 0, 2, 0, 0, 1, 3, 0, 2, 2, 2, 2, 2, 2, 1, 2
RUN_2026-06-19_lowB_baselines_r8c285, 2, 15, 999, 999, 0, 999, 999, 160, 7, 144, 4, 2, 999, 999, 999, 999, 16, 112, 80, 999, 111, 127, 1, 175, 3, 999, 128, 12, 207, 9, 13, 159, 999, 999, 10, 999, 31, 999, 47, 192, 999, 11, 6, 95, 143, 999, 5, 999, 999, 63, 14, 96, 999, 999, 79, 64, 8, 176, 48, 32, 191, 999, 170, 206, 999, 169, 108, 68, 124, 153, 44, 105, 25, 84, 18, 184, 125, 129, 53, 181, 52, 205, 186, 999, 17, 106, 163, 37, 28, 107, 85, 24, 999, 197, 115, 114, 999, 183, 179, 152, 62, 97, 121, 141, 167, 203, 149, 999, 140, 157, 113, 999, 60, 194, 150, 55, 166, 61, 148, 122, 137, 999, 21, 172, 999, 30, 22, 999, 204, 69, 147, 999, 151, 173, 999, 56, 178, 187, 168, 999, 999, 133, 161, 162, 66, 202, 40, 67, 92, 71, 41, 139, 39, 999, 138, 999, 135, 100, 93, 146, 132, 177, 101, 136, 70, 126, 201, 193, 145, 999, 116, 20, 42, 110, 156, 65, 999, 999, 50, 196, 49, 117, 23, 130, 90, 102, 26, 33, 171, 999, 88, 83, 109, 182, 34, 99, 72, 999, 27, 19, 999, 131, 154, 155, 174, 43, 35, 87, 76, 158, 89, 104, 142, 180, 91, 46, 999, 999, 86, 82, 120, 190, 999, 75, 118, 77, 81, 73, 200, 74, 59, 999, 38, 999, 45, 199, 134, 57, 164, 103, 188, 29, 999, 94, 58, 119, 54, 189, 198, 78, 195, 185, 98, 165, 36, 123, 51, 0, 0, 0, 1, 0, 0, 3, 0, 1, 0, 2, 0, 0, 0, 0, 3, 2, 1, 0, 1, 3, 0, 3, 3, 0, 2, 0, 3, 0, 1, 2, 0, 0, 0, 0, 0, 0, 2, 1, 0, 2, 1, 1, 0, 0, 1, 0, 0, 2, 2, 2, 0, 0, 2, 0, 0, 0, 1, 3, 2, 0, 3, 2, 0, 1, 0, 1, 0, 0, 1, 0, 1, 1, 3, 2, 2, 1, 1, 0, 0, 3, 0, 0, 2, 1, 2, 2, 0, 3, 0, 0, 0, 0, 2, 3, 0, 0, 2, 1, 1, 0, 0, 2, 1, 1, 0, 0, 3, 2, 0, 0, 1, 1, 2, 3, 2, 0, 0, 1, 3, 0, 0, 3, 0, 3, 1, 0, 2, 0, 1, 0, 3, 2, 0, 2, 0, 2, 0, 0, 0, 3, 1, 0, 2, 3, 2, 2, 1, 3, 2, 1, 3, 0, 2, 0, 1, 3, 0, 1, 0, 3, 3, 3, 1, 1, 1, 1, 3, 0, 3, 1, 3, 0, 2, 3, 0, 0, 1, 1, 3, 2, 3, 0, 1, 1, 0, 1, 2, 0, 1, 0, 1, 0, 2, 3, 0, 0, 1, 0, 0, 3, 3, 2, 2, 3, 3, 2, 0, 1, 2, 2, 0, 0, 3, 3, 0, 0, 3, 2, 3, 3, 0, 3, 1, 0, 0, 1, 1, 2, 3, 0, 3, 0, 0, 1, 3, 1, 2, 1, 2, 0, 0, 2, 0, 0, 1, 3, 3, 2, 2, 2, 2, 2, 2, 1, 2
RUN_2026-06-19_lowB_baselines_r8c285, 3, 15, 999, 999, 0, 999, 999, 160, 7, 144, 4, 2, 999, 999, 999, 999, 16, 112, 80, 999, 111, 127, 1, 175, 3, 999, 128, 12, 207, 9, 13, 159, 999, 999, 10, 999, 31, 999, 47, 192, 999, 11, 6, 95, 143, 999, 5, 999, 999, 63, 14, 96, 999, 999, 79, 64, 8, 176, 48, 32, 191, 203, 170, 206, 202, 169, 108, 68, 124, 153, 44, 105, 25, 84, 18, 184, 125, 129, 53, 181, 52, 205, 186, 201, 17, 106, 163, 37, 28, 107, 85, 24, 999, 197, 115, 114, 999, 183, 179, 152, 62, 97, 121, 141, 167, 999, 149, 999, 140, 157, 113, 999, 60, 194, 150, 55, 166, 61, 148, 122, 137, 999, 21, 172, 999, 30, 22, 999, 999, 69, 147, 999, 151, 173, 999, 56, 178, 187, 168, 999, 999, 133, 161, 162, 66, 999, 40, 67, 92, 71, 41, 139, 39, 999, 138, 999, 135, 100, 93, 146, 132, 177, 101, 136, 70, 126, 999, 193, 145, 204, 116, 20, 42, 110, 156, 65, 999, 198, 50, 196, 49, 117, 23, 130, 90, 102, 26, 33, 171, 999, 88, 83, 109, 182, 34, 99, 72, 999, 27, 19, 999, 131, 154, 155, 174, 43, 35, 87, 76, 158, 89, 104, 142, 180, 91, 46, 999, 999, 86, 82, 120, 190, 999, 75, 118, 77, 81, 73, 200, 74, 59, 999, 38, 199, 45, 999, 134, 57, 164, 103, 188, 29, 999, 94, 58, 119, 54, 189, 999, 78, 195, 185, 98, 165, 36, 123, 51, 0, 0, 0, 1, 0, 0, 3, 0, 1, 0, 2, 0, 0, 0, 0, 3, 2, 1, 0, 1, 3, 0, 3, 3, 0, 2, 0, 3, 0, 1, 2, 0, 0, 0, 0, 0, 0, 2, 1, 0, 2, 1, 1, 0, 0, 1, 0, 0, 2, 2, 2, 0, 0, 2, 0, 0, 0, 1, 3, 2, 2, 3, 2, 3, 1, 0, 1, 0, 0, 1, 0, 1, 1, 3, 2, 2, 1, 1, 0, 0, 3, 0, 2, 2, 1, 2, 2, 0, 3, 0, 0, 0, 0, 2, 3, 0, 0, 2, 1, 1, 0, 0, 2, 1, 0, 0, 0, 3, 2, 0, 0, 1, 1, 2, 3, 2, 0, 0, 1, 3, 0, 0, 3, 0, 3, 1, 0, 0, 0, 1, 0, 3, 2, 0, 2, 0, 2, 0, 0, 0, 3, 1, 0, 2, 0, 2, 2, 1, 3, 2, 1, 3, 0, 2, 0, 1, 3, 0, 1, 0, 3, 3, 3, 1, 1, 0, 1, 3, 3, 3, 1, 3, 0, 2, 3, 0, 1, 1, 1, 3, 2, 3, 0, 1, 1, 0, 1, 2, 0, 1, 0, 1, 0, 2, 3, 0, 0, 1, 0, 0, 3, 3, 2, 2, 3, 3, 2, 0, 1, 2, 2, 0, 0, 3, 3, 0, 0, 3, 2, 3, 3, 0, 3, 1, 0, 0, 1, 2, 2, 3, 0, 3, 3, 0, 0, 3, 1, 2, 1, 2, 0, 0, 2, 0, 0, 1, 3, 0, 2, 2, 2, 2, 2, 2, 1, 2
RUN_2026-06-19_lowB_baselines_r8c285, 4, 15, 999, 999, 0, 999, 999, 160, 7, 144, 4, 2, 999, 999, 999, 999, 16, 112, 80, 999, 111, 127, 1, 175, 3, 999, 128, 12, 207, 9, 13, 159, 999, 999, 10, 999, 31, 999, 47, 192, 999, 11, 6, 95, 143, 999, 5, 999, 999, 63, 14, 96, 999, 999, 79, 64, 8, 176, 48, 32, 191, 999, 170, 206, 999, 169, 108, 68, 124, 153, 44, 105, 25, 84, 18, 184, 125, 129, 53, 181, 52, 205, 186, 198, 17, 106, 163, 37, 28, 107, 85, 24, 999, 197, 115, 114, 999, 183, 179, 152, 62, 97, 121, 141, 167, 203, 149, 999, 140, 157, 113, 999, 60, 194, 150, 55, 166, 61, 148, 122, 137, 999, 21, 172, 999, 30, 22, 999, 204, 69, 147, 999, 151, 173, 999, 56, 178, 187, 168, 999, 999, 133, 161, 162, 66, 202, 40, 67, 92, 71, 41, 139, 39, 999, 138, 999, 135, 100, 93, 146, 132, 177, 101, 136, 70, 126, 201, 193, 145, 999, 116, 20, 42, 110, 156, 65, 999, 999, 50, 196, 49, 117, 23, 130, 90, 102, 26, 33, 171, 999, 88, 83, 109, 182, 34, 99, 72, 999, 27, 19, 999, 131, 154, 155, 174, 43, 35, 87, 76, 158, 89, 104, 142, 180, 91, 46, 999, 999, 86, 82, 120, 190, 999, 75, 118, 77, 81, 73, 200, 74, 59, 999, 38, 999, 45, 199, 134, 57, 164, 103, 188, 29, 999, 94, 58, 119, 54, 189, 999, 78, 195, 185, 98, 165, 36, 123, 51, 0, 0, 0, 1, 0, 0, 3, 0, 1, 0, 2, 0, 0, 0, 0, 3, 2, 1, 0, 1, 3, 0, 3, 3, 0, 2, 0, 3, 0, 1, 2, 0, 0, 0, 0, 0, 0, 2, 1, 0, 2, 1, 1, 0, 0, 1, 0, 0, 2, 2, 2, 0, 0, 2, 0, 0, 0, 1, 3, 2, 0, 3, 2, 0, 1, 0, 1, 0, 0, 1, 0, 1, 1, 3, 2, 2, 1, 1, 0, 0, 3, 0, 3, 2, 1, 2, 2, 0, 3, 0, 0, 0, 0, 2, 3, 0, 0, 2, 1, 1, 0, 0, 2, 1, 1, 0, 0, 3, 2, 0, 0, 1, 1, 2, 3, 2, 0, 0, 1, 3, 0, 0, 3, 0, 3, 1, 0, 2, 0, 1, 0, 3, 2, 0, 2, 0, 2, 0, 0, 0, 3, 1, 0, 2, 3, 2, 2, 1, 3, 2, 1, 3, 0, 2, 0, 1, 3, 0, 1, 0, 3, 3, 3, 1, 1, 1, 1, 3, 0, 3, 1, 3, 0, 2, 3, 0, 0, 1, 1, 3, 2, 3, 0, 1, 1, 0, 1, 2, 0, 1, 0, 1, 0, 2, 3, 0, 0, 1, 0, 0, 3, 3, 2, 2, 3, 3, 2, 0, 1, 2, 2, 0, 0, 3, 3, 0, 0, 3, 2, 3, 3, 0, 3, 1, 0, 0, 1, 1, 2, 3, 0, 3, 0, 0, 1, 3, 1, 2, 1, 2, 0, 0, 2, 0, 0, 1, 3, 0, 2, 2, 2, 2, 2, 2, 1, 2
RUN_2026-06-19_lowB_baselines_r8c285, 5, 15, 999, 999, 0, 999, 999, 160, 7, 144, 4, 2, 999, 999, 999, 999, 16, 112, 80, 999, 111, 127, 1, 175, 3, 999, 128, 12, 207, 9, 13, 159, 999, 999, 10, 999, 31, 999, 47, 192, 999, 11, 6, 95, 143, 999, 5, 999, 999, 63, 14, 96, 999, 999, 79, 64, 8, 176, 48, 32, 191, 999, 170, 206, 999, 169, 108, 68, 124, 153, 44, 105, 25, 84, 18, 184, 125, 129, 53, 181, 52, 205, 186, 198, 17, 106, 163, 37, 28, 107, 85, 24, 999, 197, 115, 114, 999, 183, 179, 152, 62, 97, 121, 141, 167, 203, 149, 999, 140, 157, 113, 999, 60, 194, 150, 55, 166, 61, 148, 122, 137, 999, 21, 172, 999, 30, 22, 999, 204, 69, 147, 999, 151, 173, 999, 56, 178, 187, 168, 999, 999, 133, 161, 162, 66, 202, 40, 67, 92, 71, 41, 139, 39, 999, 138, 999, 135, 100, 93, 146, 132, 177, 101, 136, 70, 126, 201, 193, 145, 999, 116, 20, 42, 110, 156, 65, 999, 999, 50, 196, 49, 117, 23, 130, 90, 102, 26, 33, 171, 999, 88, 83, 109, 182, 34, 99, 72, 999, 27, 19, 999, 131, 154, 155, 174, 43, 35, 87, 76, 158, 89, 104, 142, 180, 91, 46, 999, 999, 86, 82, 120, 190, 999, 75, 118, 77, 81, 73, 200, 74, 59, 999, 38, 999, 45, 199, 134, 57, 164, 103, 188, 29, 999, 94, 58, 119, 54, 189, 999, 78, 195, 185, 98, 165, 36, 123, 51, 0, 0, 0, 1, 0, 0, 3, 0, 1, 0, 2, 0, 0, 0, 0, 3, 2, 1, 0, 1, 3, 0, 3, 3, 0, 2, 0, 3, 0, 1, 2, 0, 0, 0, 0, 0, 0, 2, 1, 0, 2, 1, 1, 0, 0, 1, 0, 0, 2, 2, 2, 0, 0, 2, 0, 0, 0, 1, 3, 2, 0, 3, 2, 0, 1, 0, 1, 0, 0, 1, 0, 1, 1, 3, 2, 2, 1, 1, 0, 0, 3, 0, 1, 2, 1, 2, 2, 0, 3, 0, 0, 0, 0, 2, 3, 0, 0, 2, 1, 1, 0, 0, 2, 1, 1, 0, 0, 3, 2, 0, 0, 1, 1, 2, 3, 2, 0, 0, 1, 3, 0, 0, 3, 0, 3, 1, 0, 2, 0, 1, 0, 3, 2, 0, 2, 0, 2, 0, 0, 0, 3, 1, 0, 2, 3, 2, 2, 1, 3, 2, 1, 3, 0, 2, 0, 1, 3, 0, 1, 0, 3, 3, 3, 1, 1, 1, 1, 3, 0, 3, 1, 3, 0, 2, 3, 0, 0, 1, 1, 3, 2, 3, 0, 1, 1, 0, 1, 2, 0, 1, 0, 1, 0, 2, 3, 0, 0, 1, 0, 0, 3, 3, 2, 2, 3, 3, 2, 0, 1, 2, 2, 0, 0, 3, 3, 0, 0, 3, 2, 3, 3, 0, 3, 1, 0, 0, 1, 1, 2, 3, 0, 3, 0, 0, 1, 3, 1, 2, 1, 2, 0, 0, 2, 0, 0, 1, 3, 0, 2, 2, 2, 2, 2, 2, 1, 2
RUN_2026-06-19_lowB_baselines_r8c285, 6, 15, 999, 999, 0, 999, 999, 160, 7, 144, 4, 2, 999, 999, 999, 999, 16, 112, 80, 999, 111, 127, 1, 175, 3, 999, 128, 12, 207, 9, 13, 159, 999, 999, 10, 999, 31, 999, 47, 192, 999, 11, 6, 95, 143, 999, 5, 999, 999, 63, 14, 96, 999, 999, 79, 64, 8, 176, 48, 32, 191, 999, 170, 206, 999, 169, 108, 68, 124, 153, 44, 105, 25, 84, 18, 184, 125, 129, 53, 181, 52, 205, 186, 999, 17, 106, 163, 37, 28, 107, 85, 24, 999, 197, 115, 114, 999, 183, 179, 152, 62, 97, 121, 141, 167, 203, 149, 999, 140, 157, 113, 999, 60, 194, 150, 55, 166, 61, 148, 122, 137, 999, 21, 172, 999, 30, 22, 999, 204, 69, 147, 999, 151, 173, 999, 56, 178, 187, 168, 999, 999, 133, 161, 162, 66, 999, 40, 67, 92, 71, 41, 139, 39, 200, 138, 999, 135, 100, 93, 146, 132, 177, 101, 136, 70, 126, 999, 193, 145, 999, 116, 20, 42, 110, 156, 65, 999, 198, 50, 196, 49, 117, 23, 130, 90, 102, 26, 33, 171, 999, 88, 83, 109, 182, 34, 99, 72, 999, 27, 19, 999, 131, 154, 155, 174, 43, 35, 87, 76, 158, 89, 104, 142, 180, 91, 46, 999, 999, 86, 82, 120, 190, 999, 75, 118, 77, 81, 73, 999, 74, 59, 999, 38, 199, 45, 201, 134, 57, 164, 103, 188, 29, 202, 94, 58, 119, 54, 189, 999, 78, 195, 185, 98, 165, 36, 123, 51, 0, 0, 0, 1, 0, 0, 3, 0, 1, 0, 2, 0, 0, 0, 0, 3, 2, 1, 0, 1, 3, 0, 3, 3, 0, 2, 0, 3, 0, 1, 2, 0, 0, 0, 0, 0, 0, 2, 1, 0, 2, 1, 1, 0, 0, 1, 0, 0, 2, 2, 2, 0, 0, 2, 0, 0, 0, 1, 3, 2, 0, 3, 2, 0, 1, 0, 1, 0, 0, 1, 0, 1, 1, 3, 2, 2, 1, 1, 0, 0, 3, 0, 0, 2, 1, 2, 2, 0, 3, 0, 0, 0, 0, 2, 3, 0, 0, 2, 1, 1, 0, 0, 2, 1, 1, 0, 0, 3, 2, 0, 0, 1, 1, 2, 3, 2, 0, 0, 1, 3, 0, 0, 3, 0, 3, 1, 0, 2, 0, 1, 0, 3, 2, 0, 2, 0, 2, 0, 0, 0, 3, 1, 0, 2, 0, 2, 2, 1, 3, 2, 1, 3, 2, 2, 0, 1, 3, 0, 1, 0, 3, 3, 3, 1, 1, 0, 1, 3, 0, 3, 1, 3, 0, 2, 3, 0, 1, 1, 1, 3, 2, 3, 0, 1, 1, 0, 1, 2, 0, 1, 0, 1, 0, 2, 3, 0, 0, 1, 0, 0, 3, 3, 2, 2, 3, 3, 2, 0, 1, 2, 2, 0, 0, 3, 3, 0, 0, 3, 2, 3, 3, 0, 3, 1, 0, 0, 1, 0, 2, 3, 0, 3, 3, 0, 2, 3, 1, 2, 1, 2, 0, 0, 2, 0, 0, 1, 3, 0, 2, 2, 2, 2, 2, 2, 1, 2
RUN_2026-06-19_lowB_baselines_r8c285, 7, 15, 999, 999, 0, 999, 999, 160, 7, 144, 4, 2, 999, 999, 999, 999, 16, 112, 80, 999, 111, 127, 1, 175, 3, 999, 128, 12, 207, 9, 13, 159, 999, 999, 10, 999, 31, 999, 47, 192, 999, 11, 6, 95, 143, 999, 5, 999, 999, 63, 14, 96, 999, 999, 79, 64, 8, 176, 48, 32, 191, 999, 170, 206, 999, 169, 108, 68, 124, 153, 44, 105, 25, 84, 18, 184, 125, 129, 53, 181, 52, 205, 186, 999, 17, 106, 163, 37, 28, 107, 85, 24, 999, 197, 115, 114, 999, 183, 179, 152, 62, 97, 121, 141, 167, 203, 149, 999, 140, 157, 113, 999, 60, 194, 150, 55, 166, 61, 148, 122, 137, 999, 21, 172, 999, 30, 22, 999, 204, 69, 147, 999, 151, 173, 999, 56, 178, 187, 168, 200, 199, 133, 161, 162, 66, 202, 40, 67, 92, 71, 41, 139, 39, 999, 138, 999, 135, 100, 93, 146, 132, 177, 101, 136, 70, 126, 198, 193, 145, 999, 116, 20, 42, 110, 156, 65, 999, 201, 50, 196, 49, 117, 23, 130, 90, 102, 26, 33, 171, 999, 88, 83, 109, 182, 34, 99, 72, 999, 27, 19, 999, 131, 154, 155, 174, 43, 35, 87, 76, 158, 89, 104, 142, 180, 91, 46, 999, 999, 86, 82, 120, 190, 999, 75, 118, 77, 81, 73, 999, 74, 59, 999, 38, 999, 45, 999, 134, 57, 164, 103, 188, 29, 999, 94, 58, 119, 54, 189, 999, 78, 195, 185, 98, 165, 36, 123, 51, 0, 0, 0, 1, 0, 0, 3, 0, 1, 0, 2, 0, 0, 0, 0, 3, 2, 1, 0, 1, 3, 0, 3, 3, 0, 2, 0, 3, 0, 1, 2, 0, 0, 0, 0, 0, 0, 2, 1, 0, 2, 1, 1, 0, 0, 1, 0, 0, 2, 2, 2, 0, 0, 2, 0, 0, 0, 1, 3, 2, 0, 3, 2, 0, 1, 0, 1, 0, 0, 1, 0, 1, 1, 3, 2, 2, 1, 1, 0, 0, 3, 0, 0, 2, 1, 2, 2, 0, 3, 0, 0, 0, 0, 2, 3, 0, 0, 2, 1, 1, 0, 0, 2, 1, 1, 0, 0, 3, 2, 0, 0, 1, 1, 2, 3, 2, 0, 0, 1, 3, 0, 0, 3, 0, 3, 1, 0, 2, 0, 1, 0, 3, 2, 0, 2, 0, 2, 0, 1, 2, 3, 1, 0, 2, 3, 2, 2, 1, 3, 2, 1, 3, 0, 2, 0, 1, 3, 0, 1, 0, 3, 3, 3, 1, 1, 0, 1, 3, 0, 3, 1, 3, 0, 2, 3, 0, 2, 1, 1, 3, 2, 3, 0, 1, 1, 0, 1, 2, 0, 1, 0, 1, 0, 2, 3, 0, 0, 1, 0, 0, 3, 3, 2, 2, 3, 3, 2, 0, 1, 2, 2, 0, 0, 3, 3, 0, 0, 3, 2, 3, 3, 0, 3, 1, 0, 0, 1, 0, 2, 3, 0, 3, 0, 0, 0, 3, 1, 2, 1, 2, 0, 0, 2, 0, 0, 1, 3, 0, 2, 2, 2, 2, 2, 2, 1, 2
RUN_2026-06-19_lowB_baselines_r8c83, 8, 15, 999, 999, 0, 128, 112, 999, 2, 999, 12, 10, 192, 32, 999, 999, 999, 160, 96, 999, 64, 159, 1, 999, 11, 48, 999, 7, 191, 6, 8, 207, 999, 999, 4, 999, 31, 999, 63, 999, 143, 5, 14, 176, 175, 999, 13, 47, 127, 95, 9, 80, 144, 111, 999, 999, 3, 999, 79, 999, 16, 173, 153, 130, 152, 122, 154, 90, 200, 54, 165, 999, 149, 174, 169, 155, 999, 151, 98, 114, 89, 43, 999, 999, 55, 133, 46, 999, 129, 45, 23, 70, 97, 157, 134, 999, 115, 121, 27, 56, 94, 999, 999, 146, 197, 41, 172, 999, 198, 999, 999, 999, 999, 74, 188, 190, 109, 37, 131, 73, 69, 204, 104, 999, 113, 999, 81, 999, 21, 25, 88, 145, 57, 93, 203, 68, 72, 148, 132, 44, 60, 999, 40, 107, 196, 136, 138, 83, 99, 123, 18, 61, 108, 163, 106, 189, 39, 67, 999, 34, 201, 162, 22, 42, 999, 120, 193, 35, 59, 116, 199, 126, 110, 186, 206, 202, 999, 161, 76, 999, 24, 92, 91, 50, 119, 117, 194, 100, 66, 137, 179, 85, 170, 999, 86, 49, 30, 58, 77, 29, 19, 20, 38, 180, 999, 82, 118, 84, 51, 26, 164, 75, 999, 156, 139, 62, 181, 103, 999, 101, 36, 999, 52, 17, 999, 187, 141, 125, 150, 28, 171, 33, 168, 147, 183, 135, 166, 167, 71, 142, 182, 195, 87, 124, 140, 205, 105, 65, 177, 102, 185, 158, 999, 178, 184, 78, 53, 0, 0, 0, 1, 0, 3, 0, 0, 0, 0, 2, 0, 3, 0, 0, 0, 2, 1, 0, 3, 3, 0, 0, 3, 0, 0, 0, 3, 0, 1, 2, 0, 0, 0, 0, 0, 0, 2, 0, 3, 2, 1, 3, 0, 0, 1, 0, 3, 2, 2, 2, 2, 3, 0, 0, 0, 0, 3, 0, 0, 0, 3, 2, 3, 3, 2, 0, 1, 3, 1, 0, 0, 3, 0, 2, 0, 3, 0, 3, 3, 2, 0, 0, 2, 3, 3, 0, 1, 3, 1, 3, 1, 2, 2, 0, 0, 0, 0, 3, 1, 0, 0, 3, 3, 2, 1, 0, 1, 0, 0, 0, 0, 3, 3, 3, 1, 1, 0, 1, 2, 0, 3, 0, 2, 0, 1, 0, 1, 1, 2, 0, 1, 1, 0, 0, 3, 0, 1, 1, 2, 0, 2, 1, 3, 1, 3, 3, 0, 3, 1, 1, 1, 3, 1, 1, 1, 0, 0, 3, 2, 0, 0, 3, 0, 1, 1, 0, 3, 2, 3, 0, 2, 0, 3, 1, 0, 0, 1, 0, 3, 3, 1, 2, 0, 3, 0, 3, 1, 0, 2, 3, 2, 0, 2, 0, 1, 2, 1, 3, 1, 3, 2, 2, 0, 3, 2, 3, 3, 0, 1, 3, 0, 1, 2, 3, 1, 3, 0, 1, 2, 0, 0, 1, 0, 2, 3, 1, 0, 3, 1, 3, 3, 1, 3, 3, 1, 0, 2, 3, 3, 2, 3, 3, 1, 1, 1, 3, 0, 0, 2, 2, 0, 0, 3, 3, 0
RUN_2026-06-19_lowB_baselines_r9c94, 0, 0, 999, 15, 999, 12, 32, 80, 160, 13, 64, 999, 999, 127, 112, 999, 999, 999, 999, 999, 2, 3, 176, 207, 999, 16, 14, 31, 999, 999, 63, 1, 47, 999, 7, 9, 159, 111, 4, 999, 999, 8, 48, 191, 6, 96, 175, 999, 999, 10, 128, 192, 11, 95, 5, 144, 143, 999, 79, 999, 999, 30, 75, 28, 66, 88, 50, 100, 999, 172, 89, 85, 124, 179, 999, 171, 170, 152, 999, 84, 82, 173, 74, 181, 999, 163, 167, 122, 123, 188, 999, 168, 197, 999, 180, 166, 26, 59, 999, 189, 86, 151, 129, 999, 999, 999, 27, 185, 190, 178, 203, 162, 141, 103, 140, 201, 131, 999, 113, 101, 33, 999, 98, 133, 174, 202, 44, 134, 999, 97, 150, 193, 135, 132, 156, 155, 102, 999, 20, 999, 999, 153, 204, 110, 205, 105, 119, 999, 108, 90, 51, 154, 72, 77, 87, 73, 19, 120, 65, 118, 196, 99, 46, 93, 121, 21, 36, 29, 147, 40, 137, 194, 94, 161, 177, 57, 999, 52, 999, 186, 81, 41, 56, 23, 69, 200, 182, 125, 999, 53, 39, 22, 49, 999, 35, 91, 106, 139, 67, 68, 37, 999, 62, 169, 34, 83, 107, 38, 157, 198, 71, 109, 45, 43, 999, 54, 70, 149, 165, 42, 61, 999, 92, 999, 115, 116, 999, 199, 184, 138, 142, 187, 126, 24, 55, 58, 114, 146, 130, 148, 999, 76, 136, 18, 117, 104, 78, 17, 145, 206, 195, 999, 183, 164, 25, 158, 60, 3, 0, 1, 0, 1, 3, 3, 3, 2, 3, 0, 0, 1, 2, 0, 0, 0, 0, 0, 0, 2, 3, 3, 0, 0, 3, 1, 0, 0, 2, 1, 0, 0, 0, 3, 0, 0, 1, 0, 0, 2, 0, 1, 3, 3, 2, 0, 0, 1, 1, 2, 3, 3, 1, 0, 1, 0, 3, 0, 0, 0, 0, 3, 2, 1, 3, 1, 0, 3, 0, 0, 1, 0, 0, 2, 0, 0, 0, 0, 2, 0, 1, 0, 0, 0, 3, 1, 3, 2, 0, 3, 0, 0, 0, 3, 1, 1, 0, 0, 3, 1, 2, 0, 0, 0, 0, 3, 2, 2, 3, 2, 3, 0, 0, 2, 2, 0, 3, 1, 2, 0, 2, 3, 1, 0, 2, 0, 0, 2, 1, 2, 3, 2, 1, 0, 3, 0, 2, 0, 0, 1, 0, 1, 0, 1, 0, 0, 2, 0, 2, 1, 0, 2, 2, 2, 1, 1, 2, 0, 1, 0, 0, 0, 0, 0, 3, 2, 0, 1, 0, 3, 2, 1, 2, 2, 0, 2, 0, 2, 0, 2, 0, 2, 2, 0, 1, 3, 0, 0, 1, 3, 3, 0, 0, 3, 1, 0, 1, 3, 0, 0, 2, 0, 1, 3, 0, 2, 2, 3, 3, 3, 2, 2, 0, 1, 2, 3, 2, 2, 3, 0, 3, 0, 3, 0, 0, 2, 1, 2, 1, 3, 0, 1, 2, 2, 3, 1, 0, 1, 0, 3, 3, 0, 0, 3, 3, 1, 3, 1, 1, 0, 3, 0, 0, 2, 1
RUN_2026-06-19_lowB_baselines_r9c115, 1, 0, 999, 15, 999, 10, 999, 16, 80, 11, 48, 144, 999, 999, 95, 96, 128, 999, 999, 63, 2, 3, 79, 159, 999, 160, 14, 999, 207, 999, 192, 1, 191, 112, 12, 5, 31, 999, 8, 999, 47, 13, 32, 143, 4, 999, 999, 111, 127, 6, 64, 176, 9, 999, 7, 999, 175, 999, 999, 999, 999, 149, 999, 89, 105, 201, 999, 52, 129, 999, 22, 107, 36, 148, 999, 139, 35, 33, 55, 39, 49, 121, 999, 27, 106, 999, 999, 155, 68, 30, 168, 999, 84, 26, 41, 57, 43, 133, 113, 999, 152, 90, 73, 74, 153, 999, 999, 187, 164, 169, 91, 154, 69, 206, 70, 86, 196, 114, 87, 171, 51, 117, 65, 999, 97, 177, 142, 999, 137, 115, 126, 195, 170, 999, 180, 116, 92, 999, 150, 202, 165, 999, 166, 109, 151, 999, 53, 135, 173, 20, 46, 100, 185, 122, 999, 54, 119, 62, 131, 110, 59, 130, 75, 101, 157, 199, 141, 999, 17, 183, 25, 194, 66, 163, 81, 182, 203, 205, 125, 162, 93, 94, 186, 174, 172, 34, 83, 58, 40, 24, 198, 189, 147, 999, 999, 158, 37, 140, 146, 76, 188, 56, 999, 118, 60, 71, 67, 38, 45, 123, 132, 138, 21, 99, 88, 999, 44, 190, 999, 61, 999, 136, 134, 78, 77, 18, 85, 82, 184, 999, 999, 98, 50, 29, 204, 103, 23, 102, 19, 145, 167, 42, 28, 178, 193, 999, 108, 179, 181, 120, 124, 200, 104, 197, 72, 156, 161, 3, 0, 1, 0, 1, 0, 3, 3, 2, 3, 1, 0, 0, 0, 2, 3, 0, 0, 1, 0, 2, 1, 3, 0, 0, 3, 0, 3, 0, 0, 1, 0, 3, 0, 3, 0, 0, 1, 0, 3, 2, 0, 1, 3, 0, 0, 0, 3, 1, 1, 2, 3, 0, 1, 0, 1, 0, 0, 0, 0, 3, 0, 1, 0, 2, 0, 3, 3, 0, 1, 2, 1, 1, 0, 1, 0, 0, 1, 0, 2, 2, 0, 3, 2, 0, 0, 0, 2, 2, 1, 0, 0, 0, 1, 2, 1, 1, 0, 0, 2, 1, 0, 2, 2, 0, 0, 1, 0, 3, 1, 3, 1, 2, 2, 3, 0, 2, 0, 0, 0, 1, 2, 0, 2, 2, 2, 0, 1, 0, 2, 0, 0, 0, 2, 0, 1, 0, 2, 1, 2, 0, 2, 1, 1, 0, 2, 1, 0, 2, 1, 3, 0, 3, 0, 0, 2, 2, 0, 2, 1, 0, 0, 3, 2, 1, 3, 0, 1, 2, 2, 1, 3, 1, 0, 3, 3, 1, 1, 0, 3, 1, 0, 3, 1, 3, 1, 3, 3, 3, 2, 0, 1, 0, 0, 1, 1, 0, 0, 2, 0, 0, 0, 2, 1, 2, 1, 3, 0, 1, 0, 1, 1, 1, 1, 0, 0, 3, 0, 1, 0, 0, 3, 2, 2, 3, 1, 0, 2, 0, 0, 1, 0, 1, 0, 1, 1, 3, 0, 3, 0, 2, 2, 1, 3, 0, 3, 0, 3, 0, 0, 3, 1, 0, 3, 3, 0
RUN_2026-06-19_lowB_baselines_r9c115, 2, 0, 999, 15, 999, 10, 999, 16, 80, 11, 48, 144, 999, 999, 95, 96, 128, 999, 999, 63, 2, 3, 79, 159, 999, 160, 14, 999, 207, 999, 192, 1, 191, 112, 12, 5, 31, 999, 8, 999, 47, 13, 32, 143, 4, 999, 999, 111, 127, 6, 64, 176, 9, 999, 7, 999, 175, 999, 999, 999, 999, 149, 999, 89, 105, 201, 999, 52, 129, 999, 22, 107, 36, 148, 999, 139, 35, 33, 55, 39, 49, 121, 999, 27, 106, 999, 999, 155, 68, 30, 168, 999, 84, 26, 41, 57, 43, 133, 113, 999, 152, 90, 73, 74, 153, 999, 999, 187, 164, 169, 91, 154, 69, 206, 70, 86, 196, 114, 87, 171, 51, 117, 65, 999, 97, 177, 142, 999, 137, 115, 126, 195, 170, 999, 180, 116, 92, 999, 150, 202, 165, 999, 166, 109, 151, 999, 53, 135, 173, 20, 46, 100, 185, 122, 999, 54, 119, 62, 131, 110, 59, 130, 75, 101, 157, 199, 141, 999, 17, 183, 25, 194, 66, 163, 81, 182, 203, 205, 125, 162, 93, 94, 186, 174, 172, 34, 83, 58, 40, 24, 198, 189, 147, 999, 999, 158, 37, 140, 146, 76, 188, 56, 999, 118, 60, 71, 67, 38, 45, 123, 132, 138, 21, 99, 88, 999, 44, 190, 197, 61, 999, 136, 134, 78, 77, 18, 85, 82, 184, 999, 999, 98, 50, 29, 204, 103, 23, 102, 19, 145, 167, 42, 28, 178, 193, 999, 108, 179, 181, 120, 124, 200, 104, 999, 72, 156, 161, 3, 0, 1, 0, 1, 0, 3, 3, 2, 3, 1, 0, 0, 0, 2, 3, 0, 0, 1, 0, 2, 1, 3, 0, 0, 3, 0, 3, 0, 0, 1, 0, 3, 0, 3, 0, 0, 1, 0, 3, 2, 0, 1, 3, 0, 0, 0, 3, 1, 1, 2, 3, 0, 1, 0, 1, 0, 0, 0, 0, 3, 0, 1, 0, 2, 0, 3, 3, 0, 1, 2, 1, 1, 0, 1, 0, 0, 1, 0, 2, 2, 0, 3, 2, 0, 0, 0, 2, 2, 1, 0, 0, 0, 1, 2, 1, 1, 0, 0, 2, 1, 0, 2, 2, 0, 0, 1, 0, 3, 1, 3, 1, 2, 2, 3, 0, 2, 0, 0, 0, 1, 2, 0, 2, 2, 2, 0, 1, 0, 2, 0, 0, 0, 2, 0, 1, 0, 2, 1, 2, 0, 2, 1, 1, 0, 2, 1, 0, 2, 1, 3, 0, 3, 0, 0, 2, 2, 0, 2, 1, 0, 0, 3, 2, 1, 3, 0, 1, 2, 2, 1, 3, 1, 0, 3, 3, 1, 1, 0, 3, 1, 0, 3, 1, 3, 1, 3, 3, 3, 2, 0, 1, 0, 0, 1, 1, 0, 0, 2, 0, 0, 0, 2, 1, 2, 1, 3, 0, 1, 0, 1, 1, 1, 1, 0, 0, 3, 0, 1, 0, 0, 3, 2, 2, 3, 1, 0, 2, 0, 0, 1, 0, 1, 0, 1, 1, 3, 0, 3, 0, 2, 2, 1, 3, 0, 3, 0, 3, 0, 0, 3, 1, 0, 3, 3, 0
RUN_2026-06-19_lowB_baselines_r9c436, 3, 0, 999, 15, 999, 6, 95, 64, 999, 7, 48, 192, 191, 128, 999, 16, 111, 143, 176, 63, 9, 10, 999, 999, 175, 79, 14, 999, 999, 999, 31, 8, 999, 127, 12, 1, 999, 999, 3, 999, 999, 11, 207, 32, 13, 80, 999, 999, 999, 4, 144, 47, 5, 96, 2, 112, 999, 999, 160, 159, 999, 203, 141, 999, 54, 22, 70, 98, 204, 163, 30, 102, 142, 999, 33, 999, 999, 20, 157, 172, 49, 75, 38, 43, 56, 66, 57, 44, 188, 82, 187, 87, 202, 164, 59, 71, 999, 999, 999, 101, 50, 24, 40, 184, 155, 121, 999, 201, 145, 999, 999, 168, 999, 46, 154, 103, 182, 23, 104, 41, 999, 151, 17, 99, 181, 179, 167, 94, 200, 39, 180, 999, 183, 999, 42, 171, 122, 115, 139, 37, 76, 36, 21, 161, 110, 52, 55, 105, 93, 29, 131, 69, 89, 91, 186, 97, 116, 162, 90, 77, 126, 147, 45, 138, 170, 999, 61, 92, 205, 130, 113, 136, 117, 137, 174, 140, 999, 18, 65, 129, 62, 158, 114, 72, 195, 73, 134, 67, 133, 199, 999, 153, 193, 132, 88, 100, 999, 34, 135, 999, 19, 35, 51, 177, 86, 169, 125, 999, 84, 118, 198, 173, 196, 999, 108, 999, 109, 197, 152, 68, 123, 124, 85, 150, 999, 206, 149, 999, 53, 107, 999, 190, 166, 83, 148, 120, 146, 119, 27, 74, 165, 185, 999, 25, 194, 156, 999, 999, 26, 178, 189, 81, 60, 28, 78, 106, 58, 3, 0, 1, 0, 1, 1, 3, 0, 2, 3, 1, 2, 3, 0, 2, 1, 0, 1, 1, 0, 2, 0, 0, 0, 2, 3, 0, 0, 0, 2, 1, 0, 1, 0, 3, 0, 0, 1, 0, 0, 2, 2, 3, 3, 3, 0, 0, 0, 1, 1, 0, 3, 1, 1, 0, 0, 0, 1, 1, 0, 3, 2, 0, 0, 0, 1, 1, 3, 2, 1, 2, 1, 0, 2, 0, 0, 2, 1, 0, 2, 2, 2, 2, 2, 2, 3, 3, 0, 0, 3, 3, 1, 3, 1, 0, 0, 0, 0, 1, 2, 0, 2, 3, 0, 1, 0, 0, 1, 0, 0, 2, 0, 2, 0, 3, 0, 2, 0, 3, 0, 0, 2, 1, 0, 0, 2, 2, 0, 2, 3, 0, 2, 0, 1, 3, 1, 1, 2, 3, 0, 2, 0, 1, 2, 3, 0, 3, 0, 2, 3, 3, 0, 3, 1, 2, 3, 1, 2, 1, 1, 1, 0, 1, 2, 0, 0, 1, 1, 3, 3, 1, 0, 1, 1, 2, 0, 2, 2, 0, 0, 1, 2, 1, 1, 1, 0, 3, 2, 1, 0, 3, 2, 3, 3, 2, 0, 0, 1, 0, 3, 3, 3, 1, 3, 2, 1, 0, 3, 1, 2, 0, 1, 0, 0, 0, 1, 0, 3, 1, 1, 1, 0, 3, 0, 0, 0, 0, 1, 3, 0, 1, 0, 3, 1, 1, 0, 3, 2, 1, 1, 1, 0, 1, 1, 2, 0, 0, 0, 1, 3, 3, 3, 2, 0, 2, 2
RUN_2026-06-19_lowB_baselines_r9c436, 4, 0, 999, 15, 999, 6, 95, 64, 999, 7, 48, 192, 191, 128, 999, 16, 111, 143, 176, 63, 9, 10, 999, 999, 175, 79, 14, 999, 999, 999, 31, 8, 999, 127, 12, 1, 999, 999, 3, 999, 999, 11, 207, 32, 13, 80, 999, 999, 999, 4, 144, 47, 5, 96, 2, 112, 999, 999, 160, 159, 999, 203, 141, 999, 54, 22, 70, 98, 204, 163, 30, 102, 142, 999, 33, 999, 999, 20, 157, 172, 49, 75, 38, 43, 56, 66, 57, 44, 188, 82, 187, 87, 202, 164, 59, 71, 999, 999, 999, 101, 50, 24, 40, 184, 155, 121, 999, 201, 145, 999, 999, 168, 999, 46, 154, 103, 182, 23, 104, 41, 999, 151, 17, 99, 181, 179, 167, 94, 200, 39, 180, 999, 183, 999, 42, 171, 122, 115, 139, 37, 76, 36, 21, 161, 110, 52, 55, 105, 93, 29, 131, 69, 89, 91, 186, 97, 116, 162, 90, 77, 126, 147, 45, 138, 170, 999, 61, 92, 205, 130, 113, 136, 117, 137, 174, 140, 999, 18, 65, 129, 62, 158, 114, 72, 999, 73, 134, 67, 133, 999, 199, 153, 193, 132, 88, 100, 999, 34, 135, 999, 19, 35, 51, 177, 86, 169, 125, 195, 84, 118, 198, 173, 196, 999, 108, 999, 109, 197, 152, 68, 123, 124, 85, 150, 999, 206, 149, 999, 53, 107, 999, 190, 166, 83, 148, 120, 146, 119, 27, 74, 165, 185, 999, 25, 194, 156, 999, 999, 26, 178, 189, 81, 60, 28, 78, 106, 58, 3, 0, 1, 0, 1, 1, 3, 0, 2, 3, 1, 2, 3, 0, 2, 1, 0, 1, 1, 0, 2, 0, 0, 0, 2, 3, 0, 0, 0, 2, 1, 0, 1, 0, 3, 0, 0, 1, 0, 0, 2, 2, 3, 3, 3, 0, 0, 0, 1, 1, 0, 3, 1, 1, 0, 0, 0, 1, 1, 0, 3, 2, 0, 0, 0, 1, 1, 3, 2, 1, 2, 1, 0, 2, 0, 0, 2, 1, 0, 2, 2, 2, 2, 2, 2, 3, 3, 0, 0, 3, 3, 1, 3, 1, 0, 0, 0, 0, 1, 2, 0, 2, 3, 0, 1, 0, 0, 1, 0, 0, 2, 0, 2, 0, 3, 0, 2, 0, 3, 0, 0, 2, 1, 0, 0, 2, 2, 0, 2, 3, 0, 2, 0, 1, 3, 1, 1, 2, 3, 0, 2, 0, 1, 2, 3, 0, 3, 0, 2, 3, 3, 0, 3, 1, 2, 3, 1, 2, 1, 1, 1, 0, 1, 2, 0, 0, 1, 1, 3, 3, 1, 0, 1, 1, 2, 0, 2, 2, 0, 0, 1, 2, 1, 0, 1, 0, 3, 2, 0, 1, 3, 2, 3, 3, 2, 0, 0, 1, 0, 3, 3, 3, 1, 3, 2, 1, 0, 3, 1, 2, 0, 1, 0, 0, 0, 1, 0, 3, 1, 1, 1, 0, 3, 0, 0, 0, 0, 1, 3, 0, 1, 0, 3, 1, 1, 0, 3, 2, 1, 1, 1, 0, 1, 1, 2, 0, 0, 0, 1, 3, 3, 3, 2, 0, 2, 2
RUN_2026-06-19_lowB_baselines_r9c436, 5, 0, 999, 15, 999, 6, 95, 64, 999, 7, 48, 192, 191, 128, 999, 16, 111, 143, 176, 63, 9, 10, 999, 999, 175, 79, 14, 999, 999, 999, 31, 8, 999, 127, 12, 1, 999, 999, 3, 999, 999, 11, 207, 32, 13, 80, 999, 999, 999, 4, 144, 47, 5, 96, 2, 112, 999, 999, 160, 159, 999, 203, 141, 999, 54, 22, 70, 98, 204, 163, 30, 102, 142, 999, 33, 999, 999, 20, 157, 172, 49, 75, 38, 43, 56, 66, 57, 44, 188, 82, 187, 87, 999, 164, 59, 71, 999, 999, 202, 101, 50, 24, 40, 184, 155, 121, 999, 999, 145, 999, 999, 168, 201, 46, 154, 103, 182, 23, 104, 41, 999, 151, 17, 99, 181, 179, 167, 94, 200, 39, 180, 999, 183, 999, 42, 171, 122, 115, 139, 37, 76, 36, 21, 161, 110, 52, 55, 105, 93, 29, 131, 69, 89, 91, 186, 97, 116, 162, 90, 77, 126, 147, 45, 138, 170, 999, 61, 92, 205, 130, 113, 136, 117, 137, 174, 140, 999, 18, 65, 129, 62, 158, 114, 72, 195, 73, 134, 67, 133, 199, 999, 153, 193, 132, 88, 100, 999, 34, 135, 999, 19, 35, 51, 177, 86, 169, 125, 999, 84, 118, 198, 173, 196, 999, 108, 999, 109, 197, 152, 68, 123, 124, 85, 150, 999, 206, 149, 999, 53, 107, 999, 190, 166, 83, 148, 120, 146, 119, 27, 74, 165, 185, 999, 25, 194, 156, 999, 999, 26, 178, 189, 81, 60, 28, 78, 106, 58, 3, 0, 1, 0, 1, 1, 3, 0, 2, 3, 1, 2, 3, 0, 2, 1, 0, 1, 1, 0, 2, 0, 0, 0, 2, 3, 0, 0, 0, 2, 1, 0, 1, 0, 3, 0, 0, 1, 0, 0, 2, 2, 3, 3, 3, 0, 0, 0, 1, 1, 0, 3, 1, 1, 0, 0, 0, 1, 1, 0, 3, 2, 0, 0, 0, 1, 1, 3, 2, 1, 2, 1, 0, 2, 0, 0, 2, 1, 0, 2, 2, 2, 2, 2, 2, 3, 3, 0, 0, 3, 3, 0, 3, 1, 0, 0, 0, 3, 1, 2, 0, 2, 3, 0, 1, 0, 0, 1, 0, 0, 2, 3, 2, 0, 3, 0, 2, 0, 3, 0, 0, 2, 1, 0, 0, 2, 2, 0, 2, 3, 0, 2, 0, 1, 3, 1, 1, 2, 3, 0, 2, 0, 1, 2, 3, 0, 3, 0, 2, 3, 3, 0, 3, 1, 2, 3, 1, 2, 1, 1, 1, 0, 1, 2, 0, 0, 1, 1, 3, 3, 1, 0, 1, 1, 2, 0, 2, 2, 0, 0, 1, 2, 1, 1, 1, 0, 3, 2, 1, 0, 3, 2, 3, 3, 2, 0, 0, 1, 0, 3, 3, 3, 1, 3, 2, 1, 0, 3, 1, 2, 0, 1, 0, 0, 0, 1, 0, 3, 1, 1, 1, 0, 3, 0, 0, 0, 0, 1, 3, 0, 1, 0, 3, 1, 1, 0, 3, 2, 1, 1, 1, 0, 1, 1, 2, 0, 0, 0, 1, 3, 3, 3, 2, 0, 2, 2
RUN_2026-06-19_lowB_baselines_r9c436, 6, 0, 999, 15, 999, 6, 95, 64, 999, 7, 48, 192, 191, 128, 999, 16, 111, 143, 176, 63, 9, 10, 999, 999, 175, 79, 14, 999, 999, 999, 31, 8, 999, 127, 12, 1, 999, 999, 3, 999, 999, 11, 207, 32, 13, 80, 999, 999, 999, 4, 144, 47, 5, 96, 2, 112, 999, 999, 160, 159, 999, 203, 141, 999, 54, 22, 70, 98, 204, 163, 30, 102, 142, 999, 33, 999, 999, 20, 157, 172, 49, 75, 38, 43, 56, 66, 57, 44, 188, 82, 187, 87, 999, 164, 59, 71, 999, 999, 202, 101, 50, 24, 40, 184, 155, 121, 999, 999, 145, 999, 999, 168, 201, 46, 154, 103, 182, 23, 104, 41, 999, 151, 17, 99, 181, 179, 167, 94, 200, 39, 180, 999, 183, 999, 42, 171, 122, 115, 139, 37, 76, 36, 21, 161, 110, 52, 55, 105, 93, 29, 131, 69, 89, 91, 186, 97, 116, 162, 90, 77, 126, 147, 45, 138, 170, 999, 61, 92, 205, 130, 113, 136, 117, 137, 174, 140, 999, 18, 65, 129, 62, 158, 114, 72, 195, 73, 134, 67, 133, 999, 199, 153, 193, 132, 88, 100, 999, 34, 135, 999, 19, 35, 51, 177, 86, 169, 125, 999, 84, 118, 198, 173, 196, 999, 108, 999, 109, 197, 152, 68, 123, 124, 85, 150, 999, 206, 149, 999, 53, 107, 999, 190, 166, 83, 148, 120, 146, 119, 27, 74, 165, 185, 999, 25, 194, 156, 999, 999, 26, 178, 189, 81, 60, 28, 78, 106, 58, 3, 0, 1, 0, 1, 1, 3, 0, 2, 3, 1, 2, 3, 0, 2, 1, 0, 1, 1, 0, 2, 0, 0, 0, 2, 3, 0, 0, 0, 2, 1, 0, 1, 0, 3, 0, 0, 1, 0, 0, 2, 2, 3, 3, 3, 0, 0, 0, 1, 1, 0, 3, 1, 1, 0, 0, 0, 1, 1, 0, 3, 2, 0, 0, 0, 1, 1, 3, 2, 1, 2, 1, 0, 2, 0, 0, 2, 1, 0, 2, 2, 2, 2, 2, 2, 3, 3, 0, 0, 3, 3, 0, 3, 1, 0, 0, 0, 3, 1, 2, 0, 2, 3, 0, 1, 0, 0, 1, 0, 0, 2, 3, 2, 0, 3, 0, 2, 0, 3, 0, 0, 2, 1, 0, 0, 2, 2, 0, 2, 3, 0, 2, 0, 1, 3, 1, 1, 2, 3, 0, 2, 0, 1, 2, 3, 0, 3, 0, 2, 3, 3, 0, 3, 1, 2, 3, 1, 2, 1, 1, 1, 0, 1, 2, 0, 0, 1, 1, 3, 3, 1, 0, 1, 1, 2, 0, 2, 2, 0, 0, 1, 2, 1, 1, 1, 0, 3, 2, 0, 1, 3, 2, 3, 3, 2, 0, 0, 1, 0, 3, 3, 3, 1, 3, 2, 1, 0, 3, 1, 2, 0, 1, 0, 0, 0, 1, 0, 3, 1, 1, 1, 0, 3, 0, 0, 0, 0, 1, 3, 0, 1, 0, 3, 1, 1, 0, 3, 2, 1, 1, 1, 0, 1, 1, 2, 0, 0, 0, 1, 3, 3, 3, 2, 0, 2, 2
RUN_2026-06-19_lowB_baselines_r9c436, 7, 0, 999, 15, 999, 6, 95, 64, 999, 7, 48, 192, 191, 128, 999, 16, 111, 143, 176, 63, 9, 10, 999, 999, 175, 79, 14, 999, 999, 999, 31, 8, 999, 127, 12, 1, 999, 999, 3, 999, 999, 11, 207, 32, 13, 80, 999, 999, 999, 4, 144, 47, 5, 96, 2, 112, 999, 999, 160, 159, 999, 203, 141, 999, 54, 22, 70, 98, 204, 163, 30, 102, 142, 999, 33, 999, 999, 20, 157, 172, 49, 75, 38, 43, 56, 66, 57, 44, 188, 82, 187, 87, 202, 164, 59, 71, 999, 999, 999, 101, 50, 24, 40, 184, 155, 121, 999, 201, 145, 999, 999, 168, 999, 46, 154, 103, 182, 23, 104, 41, 999, 151, 17, 99, 181, 179, 167, 94, 200, 39, 180, 999, 183, 999, 42, 171, 122, 115, 139, 37, 76, 36, 21, 161, 110, 52, 55, 105, 93, 29, 131, 69, 89, 91, 186, 97, 116, 162, 90, 77, 126, 147, 45, 138, 170, 999, 61, 92, 205, 130, 113, 136, 117, 137, 174, 140, 999, 18, 65, 129, 62, 158, 114, 72, 195, 73, 134, 67, 133, 999, 199, 153, 193, 132, 88, 100, 999, 34, 135, 999, 19, 35, 51, 177, 86, 169, 125, 999, 84, 118, 198, 173, 196, 999, 108, 999, 109, 197, 152, 68, 123, 124, 85, 150, 999, 206, 149, 999, 53, 107, 999, 190, 166, 83, 148, 120, 146, 119, 27, 74, 165, 185, 999, 25, 194, 156, 999, 999, 26, 178, 189, 81, 60, 28, 78, 106, 58, 3, 0, 1, 0, 1, 1, 3, 0, 2, 3, 1, 2, 3, 0, 2, 1, 0, 1, 1, 0, 2, 0, 0, 0, 2, 3, 0, 0, 0, 2, 1, 0, 1, 0, 3, 0, 0, 1, 0, 0, 2, 2, 3, 3, 3, 0, 0, 0, 1, 1, 0, 3, 1, 1, 0, 0, 0, 1, 1, 0, 3, 2, 0, 0, 0, 1, 1, 3, 2, 1, 2, 1, 0, 2, 0, 0, 2, 1, 0, 2, 2, 2, 2, 2, 2, 3, 3, 0, 0, 3, 3, 1, 3, 1, 0, 0, 0, 0, 1, 2, 0, 2, 3, 0, 1, 0, 0, 1, 0, 0, 2, 0, 2, 0, 3, 0, 2, 0, 3, 0, 0, 2, 1, 0, 0, 2, 2, 0, 2, 3, 0, 2, 0, 1, 3, 1, 1, 2, 3, 0, 2, 0, 1, 2, 3, 0, 3, 0, 2, 3, 3, 0, 3, 1, 2, 3, 1, 2, 1, 1, 1, 0, 1, 2, 0, 0, 1, 1, 3, 3, 1, 0, 1, 1, 2, 0, 2, 2, 0, 0, 1, 2, 1, 1, 1, 0, 3, 2, 0, 1, 3, 2, 3, 3, 2, 0, 0, 1, 0, 3, 3, 3, 1, 3, 2, 1, 0, 3, 1, 2, 0, 1, 0, 0, 0, 1, 0, 3, 1, 1, 1, 0, 3, 0, 0, 0, 0, 1, 3, 0, 1, 0, 3, 1, 1, 0, 3, 2, 1, 1, 1, 0, 1, 1, 2, 0, 0, 0, 1, 3, 3, 3, 2, 0, 2, 2
RUN_2026-06-19_lowB_baselines_r9c436, 8, 0, 999, 15, 999, 6, 95, 64, 999, 7, 48, 192, 191, 128, 999, 16, 111, 143, 176, 63, 9, 10, 999, 999, 175, 79, 14, 999, 999, 999, 31, 8, 999, 127, 12, 1, 999, 999, 3, 999, 999, 11, 207, 32, 13, 80, 999, 999, 999, 4, 144, 47, 5, 96, 2, 112, 999, 999, 160, 159, 999, 203, 141, 999, 54, 22, 70, 98, 204, 163, 30, 102, 142, 999, 33, 999, 999, 20, 157, 172, 49, 75, 38, 43, 56, 66, 57, 44, 188, 82, 187, 87, 202, 164, 59, 71, 999, 999, 999, 101, 50, 24, 40, 184, 155, 121, 999, 201, 145, 999, 999, 168, 999, 46, 154, 103, 182, 23, 104, 41, 999, 151, 17, 99, 181, 179, 167, 94, 200, 39, 180, 999, 183, 999, 42, 171, 122, 115, 139, 37, 76, 36, 21, 161, 110, 52, 55, 105, 93, 29, 131, 69, 89, 91, 186, 97, 116, 162, 90, 77, 126, 147, 45, 138, 170, 999, 61, 92, 205, 130, 113, 136, 117, 137, 174, 140, 999, 18, 65, 129, 62, 158, 114, 72, 999, 73, 134, 67, 133, 199, 999, 153, 193, 132, 88, 100, 999, 34, 135, 999, 19, 35, 51, 177, 86, 169, 125, 195, 84, 118, 198, 173, 196, 999, 108, 999, 109, 197, 152, 68, 123, 124, 85, 150, 999, 206, 149, 999, 53, 107, 999, 190, 166, 83, 148, 120, 146, 119, 27, 74, 165, 185, 999, 25, 194, 156, 999, 999, 26, 178, 189, 81, 60, 28, 78, 106, 58, 3, 0, 1, 0, 1, 1, 3, 0, 2, 3, 1, 2, 3, 0, 2, 1, 0, 1, 1, 0, 2, 0, 0, 0, 2, 3, 0, 0, 0, 2, 1, 0, 1, 0, 3, 0, 0, 1, 0, 0, 2, 2, 3, 3, 3, 0, 0, 0, 1, 1, 0, 3, 1, 1, 0, 0, 0, 1, 1, 0, 3, 2, 0, 0, 0, 1, 1, 3, 2, 1, 2, 1, 0, 2, 0, 0, 2, 1, 0, 2, 2, 2, 2, 2, 2, 3, 3, 0, 0, 3, 3, 1, 3, 1, 0, 0, 0, 0, 1, 2, 0, 2, 3, 0, 1, 0, 0, 1, 0, 0, 2, 0, 2, 0, 3, 0, 2, 0, 3, 0, 0, 2, 1, 0, 0, 2, 2, 0, 2, 3, 0, 2, 0, 1, 3, 1, 1, 2, 3, 0, 2, 0, 1, 2, 3, 0, 3, 0, 2, 3, 3, 0, 3, 1, 2, 3, 1, 2, 1, 1, 1, 0, 1, 2, 0, 0, 1, 1, 3, 3, 1, 0, 1, 1, 2, 0, 2, 2, 0, 0, 1, 2, 1, 0, 1, 0, 3, 2, 1, 0, 3, 2, 3, 3, 2, 0, 0, 1, 0, 3, 3, 3, 1, 3, 2, 1, 0, 3, 1, 2, 0, 1, 0, 0, 0, 1, 0, 3, 1, 1, 1, 0, 3, 0, 0, 0, 0, 1, 3, 0, 1, 0, 3, 1, 1, 0, 3, 2, 1, 1, 1, 0, 1, 1, 2, 0, 0, 0, 1, 3, 3, 3, 2, 0, 2, 2
RUN_2026-06-19_lowB_baselines_r9c436, 9, 0, 999, 15, 999, 6, 95, 64, 999, 7, 48, 192, 191, 128, 999, 16, 111, 143, 176, 63, 9, 10, 999, 999, 175, 79, 14, 999, 999, 999, 31, 8, 999, 127, 12, 1, 999, 999, 3, 999, 999, 11, 207, 32, 13, 80, 999, 999, 999, 4, 144, 47, 5, 96, 2, 112, 999, 999, 160, 159, 999, 203, 141, 999, 54, 22, 70, 98, 204, 163, 30, 102, 142, 999, 33, 999, 999, 20, 157, 172, 49, 75, 38, 43, 56, 66, 57, 44, 188, 82, 187, 87, 999, 164, 59, 71, 999, 999, 202, 101, 50, 24, 40, 184, 155, 121, 999, 999, 145, 999, 999, 168, 201, 46, 154, 103, 182, 23, 104, 41, 999, 151, 17, 99, 181, 179, 167, 94, 200, 39, 180, 999, 183, 999, 42, 171, 122, 115, 139, 37, 76, 36, 21, 161, 110, 52, 55, 105, 93, 29, 131, 69, 89, 91, 186, 97, 116, 162, 90, 77, 126, 147, 45, 138, 170, 999, 61, 92, 205, 130, 113, 136, 117, 137, 174, 140, 999, 18, 65, 129, 62, 158, 114, 72, 999, 73, 134, 67, 133, 999, 199, 153, 193, 132, 88, 100, 999, 34, 135, 999, 19, 35, 51, 177, 86, 169, 125, 195, 84, 118, 198, 173, 196, 999, 108, 999, 109, 197, 152, 68, 123, 124, 85, 150, 999, 206, 149, 999, 53, 107, 999, 190, 166, 83, 148, 120, 146, 119, 27, 74, 165, 185, 999, 25, 194, 156, 999, 999, 26, 178, 189, 81, 60, 28, 78, 106, 58, 3, 0, 1, 0, 1, 1, 3, 0, 2, 3, 1, 2, 3, 0, 2, 1, 0, 1, 1, 0, 2, 0, 0, 0, 2, 3, 0, 0, 0, 2, 1, 0, 1, 0, 3, 0, 0, 1, 0, 0, 2, 2, 3, 3, 3, 0, 0, 0, 1, 1, 0, 3, 1, 1, 0, 0, 0, 1, 1, 0, 3, 2, 0, 0, 0, 1, 1, 3, 2, 1, 2, 1, 0, 2, 0, 0, 2, 1, 0, 2, 2, 2, 2, 2, 2, 3, 3, 0, 0, 3, 3, 0, 3, 1, 0, 0, 0, 3, 1, 2, 0, 2, 3, 0, 1, 0, 0, 1, 0, 0, 2, 3, 2, 0, 3, 0, 2, 0, 3, 0, 0, 2, 1, 0, 0, 2, 2, 0, 2, 3, 0, 2, 0, 1, 3, 1, 1, 2, 3, 0, 2, 0, 1, 2, 3, 0, 3, 0, 2, 3, 3, 0, 3, 1, 2, 3, 1, 2, 1, 1, 1, 0, 1, 2, 0, 0, 1, 1, 3, 3, 1, 0, 1, 1, 2, 0, 2, 2, 0, 0, 1, 2, 1, 0, 1, 0, 3, 2, 0, 1, 3, 2, 3, 3, 2, 0, 0, 1, 0, 3, 3, 3, 1, 3, 2, 1, 0, 3, 1, 2, 0, 1, 0, 0, 0, 1, 0, 3, 1, 1, 1, 0, 3, 0, 0, 0, 0, 1, 3, 0, 1, 0, 3, 1, 1, 0, 3, 2, 1, 1, 1, 0, 1, 1, 2, 0, 0, 0, 1, 3, 3, 3, 2, 0, 2, 2
RUN_2026-06-19_lowB_baselines_r9c436, 10, 0, 999, 15, 999, 6, 95, 64, 999, 7, 48, 192, 191, 128, 999, 16, 111, 143, 176, 63, 9, 10, 999, 999, 175, 79, 14, 999, 999, 999, 31, 8, 999, 127, 12, 1, 999, 999, 3, 999, 999, 11, 207, 32, 13, 80, 999, 999, 999, 4, 144, 47, 5, 96, 2, 112, 999, 999, 160, 159, 999, 203, 141, 999, 54, 22, 70, 98, 204, 163, 30, 102, 142, 999, 33, 999, 999, 20, 157, 172, 49, 75, 38, 43, 56, 66, 57, 44, 188, 82, 187, 87, 999, 164, 59, 71, 999, 999, 202, 101, 50, 24, 40, 184, 155, 121, 999, 999, 145, 999, 999, 168, 201, 46, 154, 103, 182, 23, 104, 41, 999, 151, 17, 99, 181, 179, 167, 94, 200, 39, 180, 999, 183, 999, 42, 171, 122, 115, 139, 37, 76, 36, 21, 161, 110, 52, 55, 105, 93, 29, 131, 69, 89, 91, 186, 97, 116, 162, 90, 77, 126, 147, 45, 138, 170, 999, 61, 92, 205, 130, 113, 136, 117, 137, 174, 140, 999, 18, 65, 129, 62, 158, 114, 72, 999, 73, 134, 67, 133, 199, 999, 153, 193, 132, 88, 100, 999, 34, 135, 999, 19, 35, 51, 177, 86, 169, 125, 195, 84, 118, 198, 173, 196, 999, 108, 999, 109, 197, 152, 68, 123, 124, 85, 150, 999, 206, 149, 999, 53, 107, 999, 190, 166, 83, 148, 120, 146, 119, 27, 74, 165, 185, 999, 25, 194, 156, 999, 999, 26, 178, 189, 81, 60, 28, 78, 106, 58, 3, 0, 1, 0, 1, 1, 3, 0, 2, 3, 1, 2, 3, 0, 2, 1, 0, 1, 1, 0, 2, 0, 0, 0, 2, 3, 0, 0, 0, 2, 1, 0, 1, 0, 3, 0, 0, 1, 0, 0, 2, 2, 3, 3, 3, 0, 0, 0, 1, 1, 0, 3, 1, 1, 0, 0, 0, 1, 1, 0, 3, 2, 0, 0, 0, 1, 1, 3, 2, 1, 2, 1, 0, 2, 0, 0, 2, 1, 0, 2, 2, 2, 2, 2, 2, 3, 3, 0, 0, 3, 3, 0, 3, 1, 0, 0, 0, 3, 1, 2, 0, 2, 3, 0, 1, 0, 0, 1, 0, 0, 2, 3, 2, 0, 3, 0, 2, 0, 3, 0, 0, 2, 1, 0, 0, 2, 2, 0, 2, 3, 0, 2, 0, 1, 3, 1, 1, 2, 3, 0, 2, 0, 1, 2, 3, 0, 3, 0, 2, 3, 3, 0, 3, 1, 2, 3, 1, 2, 1, 1, 1, 0, 1, 2, 0, 0, 1, 1, 3, 3, 1, 0, 1, 1, 2, 0, 2, 2, 0, 0, 1, 2, 1, 0, 1, 0, 3, 2, 1, 0, 3, 2, 3, 3, 2, 0, 0, 1, 0, 3, 3, 3, 1, 3, 2, 1, 0, 3, 1, 2, 0, 1, 0, 0, 0, 1, 0, 3, 1, 1, 1, 0, 3, 0, 0, 0, 0, 1, 3, 0, 1, 0, 3, 1, 1, 0, 3, 2, 1, 1, 1, 0, 1, 1, 2, 0, 0, 0, 1, 3, 3, 3, 2, 0, 2, 2
RUN_2026-06-19_lowB_baselines_r9c325, 11, 0, 999, 15, 999, 4, 144, 80, 999, 5, 64, 127, 95, 32, 999, 160, 999, 128, 999, 999, 14, 7, 999, 143, 999, 96, 6, 999, 207, 999, 175, 13, 999, 999, 11, 1, 31, 111, 8, 999, 999, 12, 48, 999, 10, 79, 999, 47, 63, 2, 16, 112, 3, 999, 9, 192, 191, 999, 999, 176, 159, 22, 150, 203, 99, 72, 20, 999, 58, 108, 89, 139, 21, 198, 56, 109, 138, 26, 180, 999, 117, 42, 25, 105, 110, 36, 118, 148, 149, 181, 999, 999, 83, 999, 115, 134, 35, 999, 92, 182, 18, 142, 999, 168, 141, 204, 157, 999, 55, 170, 171, 137, 173, 999, 75, 174, 130, 17, 179, 44, 999, 187, 76, 39, 153, 158, 113, 999, 145, 206, 999, 184, 178, 161, 131, 45, 169, 41, 100, 156, 37, 86, 103, 62, 19, 23, 66, 999, 24, 155, 67, 104, 70, 57, 201, 71, 999, 88, 65, 999, 999, 200, 999, 107, 61, 193, 85, 59, 999, 53, 101, 77, 54, 154, 172, 87, 38, 78, 68, 119, 81, 116, 140, 194, 202, 69, 135, 166, 151, 28, 167, 29, 49, 999, 123, 50, 30, 74, 94, 40, 27, 163, 147, 122, 129, 162, 133, 125, 73, 33, 146, 82, 43, 84, 999, 90, 177, 999, 60, 51, 186, 124, 34, 132, 197, 136, 120, 121, 195, 93, 190, 999, 114, 999, 196, 205, 189, 102, 52, 165, 999, 999, 999, 126, 164, 199, 183, 999, 188, 106, 97, 91, 46, 98, 152, 185, 999, 3, 0, 1, 0, 1, 3, 3, 0, 2, 3, 3, 2, 3, 0, 2, 0, 2, 0, 0, 0, 2, 0, 3, 0, 0, 3, 0, 3, 0, 2, 1, 0, 0, 0, 3, 0, 0, 1, 0, 0, 2, 0, 0, 3, 1, 0, 0, 3, 1, 1, 2, 3, 0, 1, 0, 1, 0, 0, 3, 2, 3, 0, 1, 0, 0, 1, 0, 3, 1, 3, 2, 3, 0, 2, 0, 0, 1, 2, 0, 3, 0, 1, 1, 0, 1, 3, 1, 3, 1, 0, 0, 2, 0, 3, 0, 2, 0, 0, 2, 0, 0, 0, 1, 3, 3, 3, 0, 2, 3, 3, 2, 1, 0, 0, 1, 2, 0, 0, 3, 0, 0, 2, 0, 3, 3, 1, 0, 2, 2, 0, 3, 2, 2, 1, 2, 1, 0, 2, 1, 1, 0, 0, 3, 2, 2, 2, 0, 1, 1, 2, 1, 0, 1, 3, 2, 0, 2, 2, 0, 0, 1, 0, 1, 1, 3, 0, 0, 0, 0, 1, 3, 1, 0, 1, 1, 0, 3, 2, 3, 0, 3, 0, 3, 1, 0, 3, 0, 3, 0, 1, 3, 3, 0, 2, 2, 1, 0, 3, 2, 1, 0, 0, 0, 2, 2, 0, 2, 0, 2, 2, 0, 2, 1, 0, 1, 3, 0, 1, 1, 1, 2, 0, 3, 3, 0, 1, 3, 3, 3, 1, 0, 0, 0, 2, 3, 0, 1, 3, 3, 0, 0, 0, 2, 2, 1, 2, 0, 3, 0, 3, 0, 1, 3, 2, 3, 0
RUN_2026-06-19_lowB_baselines_r9c325, 12, 0, 999, 15, 999, 4, 144, 80, 999, 5, 64, 127, 95, 32, 999, 160, 999, 128, 999, 999, 14, 7, 999, 143, 999, 96, 6, 999, 207, 999, 175, 13, 999, 999, 11, 1, 31, 111, 8, 999, 999, 12, 48, 999, 10, 79, 999, 47, 63, 2, 16, 112, 3, 999, 9, 192, 191, 999, 999, 176, 159, 22, 150, 999, 99, 72, 20, 999, 58, 108, 89, 139, 21, 198, 56, 109, 138, 26, 180, 999, 117, 42, 25, 105, 110, 36, 118, 148, 149, 181, 201, 999, 83, 999, 115, 134, 35, 999, 92, 182, 18, 142, 203, 168, 141, 204, 157, 999, 55, 170, 171, 137, 173, 999, 75, 174, 130, 17, 179, 44, 999, 187, 76, 39, 153, 158, 113, 999, 145, 206, 999, 184, 178, 161, 131, 45, 169, 41, 100, 156, 37, 86, 103, 62, 19, 23, 66, 999, 24, 155, 67, 104, 70, 57, 999, 71, 999, 88, 65, 999, 999, 200, 999, 107, 61, 193, 85, 59, 999, 53, 101, 77, 54, 154, 172, 87, 38, 78, 68, 119, 81, 116, 140, 194, 999, 69, 135, 166, 151, 28, 167, 29, 49, 999, 123, 50, 30, 74, 94, 40, 27, 163, 147, 122, 129, 162, 133, 125, 73, 33, 146, 82, 43, 84, 202, 90, 177, 999, 60, 51, 186, 124, 34, 132, 197, 136, 120, 121, 195, 93, 190, 999, 114, 999, 196, 205, 189, 102, 52, 165, 999, 999, 999, 126, 164, 199, 183, 999, 188, 106, 97, 91, 46, 98, 152, 185, 999, 3, 0, 1, 0, 1, 3, 3, 0, 2, 3, 3, 2, 3, 0, 2, 0, 2, 0, 0, 0, 2, 0, 3, 0, 0, 3, 0, 3, 0, 2, 1, 0, 0, 0, 3, 0, 0, 1, 0, 0, 2, 0, 0, 3, 1, 0, 0, 3, 1, 1, 2, 3, 0, 1, 0, 1, 0, 0, 3, 2, 3, 0, 0, 0, 0, 1, 0, 3, 1, 3, 2, 3, 0, 2, 0, 0, 1, 2, 0, 3, 0, 1, 1, 0, 1, 3, 1, 3, 1, 3, 0, 2, 0, 3, 0, 2, 0, 0, 2, 0, 0, 3, 1, 3, 3, 3, 0, 2, 3, 3, 2, 1, 0, 0, 1, 2, 0, 0, 3, 0, 0, 2, 0, 3, 3, 1, 0, 2, 2, 0, 3, 2, 2, 1, 2, 1, 0, 2, 1, 1, 0, 0, 3, 2, 2, 2, 0, 1, 1, 2, 1, 0, 1, 0, 2, 0, 2, 2, 0, 0, 1, 0, 1, 1, 3, 0, 0, 0, 0, 1, 3, 1, 0, 1, 1, 0, 3, 2, 3, 0, 3, 0, 3, 0, 0, 3, 0, 3, 0, 1, 3, 3, 0, 2, 2, 1, 0, 3, 2, 1, 0, 0, 0, 2, 2, 0, 2, 0, 2, 2, 0, 2, 1, 0, 1, 3, 0, 1, 1, 1, 2, 0, 3, 3, 0, 1, 3, 3, 3, 1, 0, 0, 0, 2, 3, 0, 1, 3, 3, 0, 0, 0, 2, 2, 1, 2, 0, 3, 0, 3, 0, 1, 3, 2, 3, 0
RUN_2026-06-19_lowB_baselines_r9c325, 13, 0, 999, 15, 999, 4, 144, 80, 999, 5, 64, 127, 95, 32, 999, 160, 999, 128, 999, 999, 14, 7, 999, 143, 999, 96, 6, 999, 207, 999, 175, 13, 999, 999, 11, 1, 31, 111, 8, 999, 999, 12, 48, 999, 10, 79, 999, 47, 63, 2, 16, 112, 3, 999, 9, 192, 191, 999, 999, 176, 159, 22, 150, 999, 99, 72, 20, 999, 58, 108, 89, 139, 21, 198, 56, 109, 138, 26, 180, 999, 117, 42, 25, 105, 110, 36, 118, 148, 149, 181, 999, 999, 83, 999, 115, 134, 35, 999, 92, 182, 18, 142, 203, 168, 141, 204, 157, 999, 55, 170, 171, 137, 173, 999, 75, 174, 130, 17, 179, 44, 999, 187, 76, 39, 153, 158, 113, 999, 145, 206, 999, 184, 178, 161, 131, 45, 169, 41, 100, 156, 37, 86, 103, 62, 19, 23, 66, 999, 24, 155, 67, 104, 70, 57, 999, 71, 999, 88, 65, 999, 999, 200, 201, 107, 61, 193, 85, 59, 999, 53, 101, 77, 54, 154, 172, 87, 38, 78, 68, 119, 81, 116, 140, 194, 999, 69, 135, 166, 151, 28, 167, 29, 49, 999, 123, 50, 30, 74, 94, 40, 27, 163, 147, 122, 129, 162, 133, 125, 73, 33, 146, 82, 43, 84, 202, 90, 177, 999, 60, 51, 186, 124, 34, 132, 197, 136, 120, 121, 195, 93, 190, 999, 114, 999, 196, 205, 189, 102, 52, 165, 999, 999, 999, 126, 164, 199, 183, 999, 188, 106, 97, 91, 46, 98, 152, 185, 999, 3, 0, 1, 0, 1, 3, 3, 0, 2, 3, 3, 2, 3, 0, 2, 0, 2, 0, 0, 0, 2, 0, 3, 0, 0, 3, 0, 3, 0, 2, 1, 0, 0, 0, 3, 0, 0, 1, 0, 0, 2, 0, 0, 3, 1, 0, 0, 3, 1, 1, 2, 3, 0, 1, 0, 1, 0, 0, 3, 2, 3, 0, 0, 0, 0, 1, 0, 3, 1, 3, 2, 3, 0, 2, 0, 0, 1, 2, 0, 3, 0, 1, 1, 0, 1, 3, 1, 3, 1, 0, 0, 2, 0, 3, 0, 2, 0, 0, 2, 0, 0, 3, 1, 3, 3, 3, 0, 2, 3, 3, 2, 1, 0, 0, 1, 2, 0, 0, 3, 0, 0, 2, 0, 3, 3, 1, 0, 2, 2, 0, 3, 2, 2, 1, 2, 1, 0, 2, 1, 1, 0, 0, 3, 2, 2, 2, 0, 1, 1, 2, 1, 0, 1, 0, 2, 0, 2, 2, 0, 0, 1, 0, 1, 1, 3, 0, 0, 0, 0, 1, 3, 1, 0, 1, 1, 0, 3, 2, 3, 0, 3, 0, 3, 0, 0, 3, 0, 3, 0, 1, 3, 3, 0, 2, 2, 1, 0, 3, 2, 1, 0, 0, 0, 2, 2, 0, 2, 0, 2, 2, 0, 2, 1, 0, 1, 3, 0, 1, 1, 1, 2, 0, 3, 3, 0, 1, 3, 3, 3, 1, 0, 0, 0, 2, 3, 0, 1, 3, 3, 0, 0, 0, 2, 2, 1, 2, 0, 3, 0, 3, 0, 1, 3, 2, 3, 0
RUN_2026-06-19_lowB_baselines_r9c325, 14, 0, 999, 15, 999, 4, 144, 80, 999, 5, 64, 127, 95, 32, 999, 160, 999, 128, 999, 999, 14, 7, 999, 143, 999, 96, 6, 999, 207, 999, 175, 13, 999, 999, 11, 1, 31, 111, 8, 999, 999, 12, 48, 999, 10, 79, 999, 47, 63, 2, 16, 112, 3, 999, 9, 192, 191, 999, 999, 176, 159, 22, 150, 203, 99, 72, 20, 999, 58, 108, 89, 139, 21, 198, 56, 109, 138, 26, 180, 202, 117, 42, 25, 105, 110, 36, 118, 148, 149, 181, 999, 999, 83, 999, 115, 134, 35, 999, 92, 182, 18, 142, 999, 168, 141, 204, 157, 999, 55, 170, 171, 137, 173, 999, 75, 174, 130, 17, 179, 44, 999, 187, 76, 39, 153, 158, 113, 999, 145, 206, 999, 184, 178, 161, 131, 45, 169, 41, 100, 156, 37, 86, 103, 62, 19, 23, 66, 999, 24, 155, 67, 104, 70, 57, 201, 71, 999, 88, 65, 999, 999, 200, 999, 107, 61, 193, 85, 59, 999, 53, 101, 77, 54, 154, 172, 87, 38, 78, 68, 119, 81, 116, 140, 194, 999, 69, 135, 166, 151, 28, 167, 29, 49, 999, 123, 50, 30, 74, 94, 40, 27, 163, 147, 122, 129, 162, 133, 125, 73, 33, 146, 82, 43, 84, 999, 90, 177, 999, 60, 51, 186, 124, 34, 132, 197, 136, 120, 121, 195, 93, 190, 999, 114, 999, 196, 205, 189, 102, 52, 165, 999, 999, 999, 126, 164, 199, 183, 999, 188, 106, 97, 91, 46, 98, 152, 185, 999, 3, 0, 1, 0, 1, 3, 3, 0, 2, 3, 3, 2, 3, 0, 2, 0, 2, 0, 0, 0, 2, 0, 3, 0, 0, 3, 0, 3, 0, 2, 1, 0, 0, 0, 3, 0, 0, 1, 0, 0, 2, 0, 0, 3, 1, 0, 0, 3, 1, 1, 2, 3, 0, 1, 0, 1, 0, 0, 3, 2, 3, 0, 1, 0, 0, 1, 0, 3, 1, 3, 2, 3, 0, 2, 0, 0, 1, 2, 2, 3, 0, 1, 1, 0, 1, 3, 1, 3, 1, 0, 0, 2, 0, 3, 0, 2, 0, 0, 2, 0, 0, 0, 1, 3, 3, 3, 0, 2, 3, 3, 2, 1, 0, 0, 1, 2, 0, 0, 3, 0, 0, 2, 0, 3, 3, 1, 0, 2, 2, 0, 3, 2, 2, 1, 2, 1, 0, 2, 1, 1, 0, 0, 3, 2, 2, 2, 0, 1, 1, 2, 1, 0, 1, 3, 2, 0, 2, 2, 0, 0, 1, 0, 1, 1, 3, 0, 0, 0, 0, 1, 3, 1, 0, 1, 1, 0, 3, 2, 3, 0, 3, 0, 3, 0, 0, 3, 0, 3, 0, 1, 3, 3, 0, 2, 2, 1, 0, 3, 2, 1, 0, 0, 0, 2, 2, 0, 2, 0, 2, 2, 0, 2, 1, 0, 1, 3, 0, 1, 1, 1, 2, 0, 3, 3, 0, 1, 3, 3, 3, 1, 0, 0, 0, 2, 3, 0, 1, 3, 3, 0, 0, 0, 2, 2, 1, 2, 0, 3, 0, 3, 0, 1, 3, 2, 3, 0
RUN_2026-06-19_lowB_baselines_r9c450, 15, 0, 999, 15, 999, 9, 999, 999, 48, 10, 96, 159, 999, 999, 127, 999, 175, 999, 95, 79, 14, 5, 999, 999, 64, 999, 4, 999, 191, 999, 31, 13, 207, 999, 11, 1, 176, 112, 6, 999, 80, 3, 999, 999, 12, 143, 160, 144, 128, 7, 16, 999, 8, 999, 2, 47, 192, 111, 32, 63, 999, 203, 57, 148, 23, 73, 125, 167, 999, 145, 20, 116, 999, 187, 104, 39, 117, 77, 68, 140, 164, 25, 151, 56, 93, 999, 202, 84, 139, 168, 161, 166, 999, 138, 76, 109, 92, 120, 999, 165, 152, 183, 132, 133, 149, 999, 193, 199, 999, 131, 99, 58, 130, 100, 999, 115, 54, 999, 102, 999, 61, 200, 17, 190, 101, 999, 182, 53, 42, 135, 60, 999, 126, 119, 142, 114, 999, 204, 124, 999, 150, 94, 194, 999, 169, 36, 22, 51, 52, 178, 26, 153, 999, 146, 67, 21, 35, 72, 97, 27, 89, 43, 174, 98, 113, 108, 49, 147, 82, 123, 66, 69, 195, 999, 59, 181, 999, 18, 110, 24, 134, 999, 999, 121, 999, 172, 201, 78, 173, 19, 118, 103, 999, 197, 105, 196, 83, 141, 65, 85, 122, 999, 37, 189, 62, 86, 999, 163, 179, 999, 999, 162, 87, 40, 106, 177, 74, 206, 75, 136, 70, 90, 71, 38, 157, 158, 198, 188, 137, 156, 33, 34, 55, 81, 999, 154, 107, 171, 180, 184, 205, 41, 185, 30, 88, 155, 91, 29, 186, 170, 28, 50, 46, 999, 44, 129, 45, 3, 0, 1, 0, 1, 0, 0, 3, 2, 3, 3, 0, 0, 0, 0, 1, 0, 3, 1, 0, 2, 0, 0, 2, 0, 3, 0, 3, 0, 2, 1, 0, 0, 0, 3, 2, 2, 1, 0, 1, 2, 0, 0, 3, 1, 0, 2, 1, 1, 1, 0, 3, 0, 1, 2, 3, 2, 1, 1, 0, 3, 3, 1, 2, 0, 1, 2, 0, 3, 1, 0, 0, 2, 2, 3, 2, 1, 3, 1, 2, 2, 1, 2, 0, 0, 1, 0, 3, 1, 1, 2, 0, 1, 0, 0, 2, 3, 0, 1, 3, 1, 0, 2, 1, 0, 1, 2, 0, 1, 1, 0, 1, 0, 0, 1, 0, 0, 0, 0, 2, 1, 2, 3, 0, 0, 3, 2, 1, 1, 1, 0, 3, 1, 2, 0, 0, 2, 0, 0, 2, 3, 3, 0, 1, 1, 0, 1, 0, 2, 2, 0, 0, 3, 1, 2, 2, 3, 2, 1, 3, 3, 1, 3, 3, 3, 2, 1, 2, 1, 0, 0, 3, 0, 1, 3, 0, 2, 3, 3, 3, 0, 0, 0, 0, 3, 0, 0, 0, 0, 0, 0, 0, 1, 1, 0, 0, 3, 3, 3, 3, 0, 1, 0, 1, 2, 0, 2, 1, 0, 0, 1, 0, 2, 2, 0, 2, 3, 1, 0, 1, 3, 3, 1, 2, 0, 2, 2, 0, 3, 2, 2, 3, 2, 0, 0, 2, 2, 1, 3, 2, 2, 0, 0, 0, 0, 2, 1, 1, 1, 1, 3, 3, 0, 0, 1, 0
RUN_2026-06-19_lowB_baselines_r9c450, 16, 0, 999, 15, 999, 9, 999, 999, 48, 10, 96, 159, 999, 999, 127, 999, 175, 999, 95, 79, 14, 5, 999, 999, 64, 999, 4, 999, 191, 999, 31, 13, 999, 207, 11, 1, 176, 112, 6, 999, 80, 3, 999, 999, 12, 143, 160, 144, 128, 7, 16, 999, 8, 999, 2, 47, 192, 111, 32, 63, 999, 203, 57, 148, 23, 73, 125, 167, 999, 145, 20, 116, 999, 187, 104, 39, 117, 77, 68, 140, 164, 25, 151, 56, 93, 999, 202, 84, 139, 168, 161, 166, 206, 138, 76, 109, 92, 120, 999, 165, 152, 183, 132, 133, 149, 999, 193, 199, 999, 131, 99, 58, 130, 100, 999, 115, 54, 999, 102, 999, 61, 200, 17, 190, 101, 999, 182, 53, 42, 135, 60, 999, 126, 119, 142, 114, 999, 204, 124, 999, 150, 94, 194, 999, 169, 36, 22, 51, 52, 178, 26, 153, 999, 146, 67, 21, 35, 72, 97, 27, 89, 43, 174, 98, 113, 108, 49, 147, 82, 123, 66, 69, 195, 999, 59, 181, 999, 18, 110, 24, 134, 999, 999, 121, 999, 172, 201, 78, 173, 19, 118, 103, 999, 197, 105, 196, 83, 141, 65, 85, 122, 999, 37, 189, 62, 86, 999, 163, 179, 999, 999, 162, 87, 40, 106, 177, 74, 999, 75, 136, 70, 90, 71, 38, 157, 158, 198, 188, 137, 156, 33, 34, 55, 81, 999, 154, 107, 171, 180, 184, 205, 41, 185, 30, 88, 155, 91, 29, 186, 170, 28, 50, 46, 999, 44, 129, 45, 3, 0, 1, 0, 1, 0, 0, 3, 2, 3, 3, 0, 0, 0, 0, 1, 0, 3, 1, 0, 2, 0, 0, 2, 0, 3, 0, 3, 0, 2, 1, 0, 1, 0, 3, 2, 2, 1, 0, 1, 2, 0, 0, 3, 1, 0, 2, 1, 1, 1, 0, 3, 0, 1, 2, 3, 2, 1, 1, 0, 3, 3, 1, 2, 0, 1, 2, 0, 3, 1, 0, 0, 2, 2, 3, 2, 1, 3, 1, 2, 2, 1, 2, 0, 0, 1, 0, 3, 1, 1, 2, 2, 1, 0, 0, 2, 3, 0, 1, 3, 1, 0, 2, 1, 0, 1, 2, 0, 1, 1, 0, 1, 0, 0, 1, 0, 0, 0, 0, 2, 1, 2, 3, 0, 0, 3, 2, 1, 1, 1, 0, 3, 1, 2, 0, 0, 2, 0, 0, 2, 3, 3, 0, 1, 1, 0, 1, 0, 2, 2, 0, 0, 3, 1, 2, 2, 3, 2, 1, 3, 3, 1, 3, 3, 3, 2, 1, 2, 1, 0, 0, 3, 0, 1, 3, 0, 2, 3, 3, 3, 0, 0, 0, 0, 3, 0, 0, 0, 0, 0, 0, 0, 1, 1, 0, 0, 3, 3, 3, 3, 0, 1, 0, 1, 2, 0, 2, 1, 0, 0, 1, 0, 2, 2, 0, 2, 0, 1, 0, 1, 3, 3, 1, 2, 0, 2, 2, 0, 3, 2, 2, 3, 2, 0, 0, 2, 2, 1, 3, 2, 2, 0, 0, 0, 0, 2, 1, 1, 1, 1, 3, 3, 0, 0, 1, 0
RUN_2026-06-19_lowB_baselines_r9c348, 17, 0, 999, 15, 999, 4, 127, 16, 128, 5, 999, 48, 999, 96, 159, 143, 999, 63, 160, 176, 9, 10, 999, 999, 111, 32, 8, 999, 999, 999, 999, 14, 31, 47, 6, 1, 999, 999, 11, 999, 207, 13, 64, 999, 7, 999, 175, 191, 999, 2, 144, 95, 3, 80, 12, 79, 999, 112, 999, 192, 999, 147, 115, 201, 999, 999, 54, 20, 162, 91, 53, 114, 55, 166, 30, 102, 29, 67, 18, 56, 185, 999, 150, 24, 204, 62, 999, 113, 131, 149, 116, 46, 107, 161, 999, 137, 68, 121, 165, 146, 103, 43, 180, 89, 179, 999, 27, 196, 23, 169, 76, 153, 34, 94, 199, 35, 21, 126, 88, 173, 90, 200, 999, 77, 93, 22, 145, 189, 142, 105, 109, 163, 999, 104, 42, 999, 198, 999, 999, 999, 195, 151, 167, 19, 87, 999, 71, 74, 999, 92, 168, 178, 182, 134, 73, 999, 70, 999, 157, 999, 158, 148, 188, 75, 999, 78, 117, 118, 152, 85, 183, 186, 86, 49, 129, 69, 50, 28, 136, 190, 17, 39, 170, 138, 156, 66, 999, 84, 140, 124, 154, 52, 65, 36, 205, 999, 172, 122, 133, 132, 101, 197, 60, 120, 99, 100, 38, 72, 203, 106, 999, 155, 108, 999, 202, 58, 130, 999, 999, 37, 40, 999, 119, 41, 81, 82, 51, 59, 206, 57, 110, 97, 181, 123, 999, 177, 141, 45, 61, 44, 999, 139, 184, 83, 174, 125, 135, 171, 25, 193, 33, 26, 194, 98, 164, 187, 999, 3, 0, 1, 0, 1, 1, 3, 3, 2, 0, 1, 0, 3, 0, 0, 0, 0, 1, 3, 0, 2, 0, 0, 0, 0, 3, 0, 0, 0, 0, 1, 0, 1, 0, 3, 0, 0, 1, 0, 3, 2, 0, 0, 3, 0, 2, 0, 0, 1, 1, 0, 3, 1, 1, 2, 0, 0, 0, 3, 0, 3, 2, 3, 0, 0, 0, 1, 2, 3, 2, 2, 3, 3, 3, 0, 0, 3, 1, 1, 0, 0, 3, 1, 3, 2, 0, 1, 2, 3, 0, 1, 0, 1, 0, 2, 0, 1, 3, 1, 3, 1, 1, 1, 2, 0, 1, 1, 1, 2, 1, 2, 1, 2, 2, 1, 0, 2, 3, 0, 2, 3, 0, 1, 1, 0, 1, 1, 0, 1, 0, 1, 0, 3, 3, 0, 3, 0, 0, 0, 3, 3, 0, 1, 1, 0, 1, 0, 0, 3, 2, 2, 0, 2, 2, 0, 0, 0, 2, 0, 2, 2, 2, 3, 0, 1, 0, 0, 2, 0, 2, 0, 1, 3, 0, 1, 3, 2, 1, 2, 0, 3, 1, 3, 3, 1, 0, 2, 1, 3, 0, 2, 3, 0, 3, 0, 0, 1, 2, 3, 2, 2, 0, 3, 1, 3, 1, 1, 1, 0, 0, 1, 2, 0, 1, 0, 1, 0, 0, 3, 1, 0, 0, 1, 3, 0, 3, 1, 0, 1, 3, 3, 3, 3, 0, 2, 1, 0, 0, 3, 0, 2, 1, 0, 3, 0, 3, 1, 1, 1, 3, 0, 2, 3, 2, 1, 0
RUN_2026-06-19_lowB_baselines_r9c348, 18, 0, 999, 15, 999, 4, 127, 16, 128, 5, 999, 48, 999, 96, 159, 143, 999, 63, 160, 176, 9, 10, 999, 999, 111, 32, 8, 999, 999, 999, 999, 14, 31, 47, 6, 1, 999, 999, 11, 999, 207, 13, 64, 999, 7, 999, 175, 191, 999, 2, 144, 95, 3, 80, 12, 79, 999, 112, 999, 192, 999, 147, 115, 201, 999, 999, 54, 20, 162, 91, 53, 114, 55, 166, 30, 102, 29, 67, 18, 56, 185, 999, 150, 24, 204, 62, 999, 113, 131, 149, 116, 46, 107, 161, 193, 137, 68, 121, 165, 146, 103, 43, 180, 89, 179, 999, 27, 196, 23, 169, 76, 153, 34, 94, 199, 35, 21, 126, 88, 173, 90, 200, 999, 77, 93, 22, 145, 189, 142, 105, 109, 163, 999, 104, 42, 999, 198, 999, 195, 999, 999, 151, 167, 19, 87, 999, 71, 74, 999, 92, 168, 178, 182, 134, 73, 999, 70, 999, 157, 999, 158, 148, 188, 75, 999, 78, 117, 118, 152, 85, 183, 186, 86, 49, 129, 69, 50, 28, 136, 190, 17, 39, 170, 138, 156, 66, 999, 84, 140, 124, 154, 52, 65, 36, 205, 999, 172, 122, 133, 132, 101, 197, 60, 120, 99, 100, 38, 72, 203, 106, 999, 155, 108, 194, 202, 58, 130, 999, 999, 37, 40, 999, 119, 41, 81, 82, 51, 59, 206, 57, 110, 97, 181, 123, 999, 177, 141, 45, 61, 44, 999, 139, 184, 83, 174, 125, 135, 171, 25, 999, 33, 26, 999, 98, 164, 187, 999, 3, 0, 1, 0, 1, 1, 3, 3, 2, 0, 1, 0, 3, 0, 0, 0, 0, 1, 3, 0, 2, 0, 0, 0, 0, 3, 0, 0, 0, 0, 1, 0, 1, 0, 3, 0, 0, 1, 0, 3, 2, 0, 0, 3, 0, 2, 0, 0, 1, 1, 0, 3, 1, 1, 2, 0, 0, 0, 3, 0, 3, 2, 3, 0, 0, 0, 1, 2, 3, 2, 2, 3, 3, 3, 0, 0, 3, 1, 1, 0, 0, 3, 1, 3, 2, 0, 1, 2, 3, 0, 1, 0, 1, 1, 2, 0, 1, 3, 1, 3, 1, 1, 1, 2, 0, 1, 1, 1, 2, 1, 2, 1, 2, 2, 1, 0, 2, 3, 0, 2, 3, 0, 1, 1, 0, 1, 1, 0, 1, 0, 1, 0, 3, 3, 0, 3, 0, 1, 0, 0, 3, 0, 1, 1, 0, 1, 0, 0, 3, 2, 2, 0, 2, 2, 0, 0, 0, 2, 0, 2, 2, 2, 3, 0, 1, 0, 0, 2, 0, 2, 0, 1, 3, 0, 1, 3, 2, 1, 2, 0, 3, 1, 3, 3, 1, 0, 2, 1, 3, 0, 2, 3, 0, 3, 0, 0, 1, 2, 3, 2, 2, 0, 3, 1, 3, 1, 1, 1, 0, 0, 1, 2, 0, 1, 0, 1, 0, 0, 3, 1, 0, 0, 1, 3, 0, 3, 1, 0, 1, 3, 3, 3, 3, 0, 2, 1, 0, 0, 3, 0, 2, 1, 0, 3, 0, 3, 1, 1, 0, 3, 0, 0, 3, 2, 1, 0
RUN_2026-06-19_lowB_baselines_r9c348, 19, 0, 999, 15, 999, 4, 127, 16, 128, 5, 999, 48, 999, 96, 159, 143, 999, 63, 160, 176, 9, 10, 999, 999, 111, 32, 8, 999, 999, 999, 999, 14, 31, 47, 6, 1, 999, 999, 11, 999, 207, 13, 64, 999, 7, 999, 175, 191, 999, 2, 144, 95, 3, 80, 12, 79, 999, 112, 999, 192, 999, 147, 115, 201, 999, 999, 54, 20, 162, 91, 53, 114, 55, 166, 30, 102, 29, 67, 18, 56, 185, 999, 150, 24, 204, 62, 999, 113, 131, 149, 116, 46, 107, 161, 193, 137, 68, 121, 165, 146, 103, 43, 180, 89, 179, 198, 27, 196, 23, 169, 76, 153, 34, 94, 199, 35, 21, 126, 88, 173, 90, 200, 999, 77, 93, 22, 145, 189, 142, 105, 109, 163, 999, 104, 42, 999, 999, 999, 195, 999, 999, 151, 167, 19, 87, 999, 71, 74, 999, 92, 168, 178, 182, 134, 73, 999, 70, 999, 157, 999, 158, 148, 188, 75, 999, 78, 117, 118, 152, 85, 183, 186, 86, 49, 129, 69, 50, 28, 136, 190, 17, 39, 170, 138, 156, 66, 999, 84, 140, 124, 154, 52, 65, 36, 205, 999, 172, 122, 133, 132, 101, 999, 60, 120, 99, 100, 38, 72, 203, 106, 999, 155, 108, 194, 202, 58, 130, 999, 999, 37, 40, 999, 119, 41, 81, 82, 51, 59, 206, 57, 110, 97, 181, 123, 999, 177, 141, 45, 61, 44, 999, 139, 184, 83, 174, 125, 135, 171, 25, 999, 33, 26, 197, 98, 164, 187, 999, 3, 0, 1, 0, 1, 1, 3, 3, 2, 0, 1, 0, 3, 0, 0, 0, 0, 1, 3, 0, 2, 0, 0, 0, 0, 3, 0, 0, 0, 0, 1, 0, 1, 0, 3, 0, 0, 1, 0, 3, 2, 0, 0, 3, 0, 2, 0, 0, 1, 1, 0, 3, 1, 1, 2, 0, 0, 0, 3, 0, 3, 2, 3, 0, 0, 0, 1, 2, 3, 2, 2, 3, 3, 3, 0, 0, 3, 1, 1, 0, 0, 3, 1, 3, 2, 0, 1, 2, 3, 0, 1, 0, 1, 1, 2, 0, 1, 3, 1, 3, 1, 1, 1, 2, 1, 1, 1, 1, 2, 1, 2, 1, 2, 2, 1, 0, 2, 3, 0, 2, 3, 0, 1, 1, 0, 1, 1, 0, 1, 0, 1, 0, 3, 3, 0, 0, 0, 1, 0, 0, 3, 0, 1, 1, 0, 1, 0, 0, 3, 2, 2, 0, 2, 2, 0, 0, 0, 2, 0, 2, 2, 2, 3, 0, 1, 0, 0, 2, 0, 2, 0, 1, 3, 0, 1, 3, 2, 1, 2, 0, 3, 1, 3, 3, 1, 0, 2, 1, 3, 0, 2, 3, 0, 3, 0, 0, 1, 2, 3, 2, 0, 0, 3, 1, 3, 1, 1, 1, 0, 0, 1, 2, 0, 1, 0, 1, 0, 0, 3, 1, 0, 0, 1, 3, 0, 3, 1, 0, 1, 3, 3, 3, 3, 0, 2, 1, 0, 0, 3, 0, 2, 1, 0, 3, 0, 3, 1, 1, 0, 3, 0, 3, 3, 2, 1, 0
RUN_2026-06-19_lowB_baselines_r9c348, 20, 0, 999, 15, 999, 4, 127, 16, 128, 5, 999, 48, 999, 96, 159, 143, 999, 63, 160, 176, 9, 10, 999, 999, 111, 32, 8, 999, 999, 999, 999, 14, 31, 47, 6, 1, 999, 999, 11, 999, 207, 13, 64, 192, 7, 999, 175, 191, 999, 2, 144, 95, 3, 80, 12, 79, 999, 112, 999, 999, 999, 147, 115, 201, 999, 999, 54, 20, 162, 91, 53, 114, 55, 166, 30, 102, 29, 67, 18, 56, 185, 999, 150, 24, 204, 62, 999, 113, 131, 149, 116, 46, 107, 161, 999, 137, 68, 121, 165, 146, 103, 43, 180, 89, 179, 193, 27, 196, 23, 169, 76, 153, 34, 94, 199, 35, 21, 126, 88, 173, 90, 200, 999, 77, 93, 22, 145, 189, 142, 105, 109, 163, 999, 104, 42, 999, 198, 999, 195, 999, 999, 151, 167, 19, 87, 194, 71, 74, 999, 92, 168, 178, 182, 134, 73, 999, 70, 999, 157, 999, 158, 148, 188, 75, 999, 78, 117, 118, 152, 85, 183, 186, 86, 49, 129, 69, 50, 28, 136, 190, 17, 39, 170, 138, 156, 66, 999, 84, 140, 124, 154, 52, 65, 36, 205, 999, 172, 122, 133, 132, 101, 197, 60, 120, 99, 100, 38, 72, 203, 106, 999, 155, 108, 999, 202, 58, 130, 999, 999, 37, 40, 999, 119, 41, 81, 82, 51, 59, 206, 57, 110, 97, 181, 123, 999, 177, 141, 45, 61, 44, 999, 139, 184, 83, 174, 125, 135, 171, 25, 999, 33, 26, 999, 98, 164, 187, 999, 3, 0, 1, 0, 1, 1, 3, 3, 2, 0, 1, 0, 3, 0, 0, 0, 0, 1, 3, 0, 2, 0, 0, 0, 0, 3, 0, 0, 0, 0, 1, 0, 1, 0, 3, 0, 0, 1, 0, 3, 2, 0, 3, 3, 0, 2, 0, 0, 1, 1, 0, 3, 1, 1, 2, 0, 0, 0, 0, 0, 3, 2, 3, 0, 0, 0, 1, 2, 3, 2, 2, 3, 3, 3, 0, 0, 3, 1, 1, 0, 0, 3, 1, 3, 2, 0, 1, 2, 3, 0, 1, 0, 1, 0, 2, 0, 1, 3, 1, 3, 1, 1, 1, 2, 2, 1, 1, 1, 2, 1, 2, 1, 2, 2, 1, 0, 2, 3, 0, 2, 3, 0, 1, 1, 0, 1, 1, 0, 1, 0, 1, 0, 3, 3, 0, 3, 0, 1, 0, 0, 3, 0, 1, 1, 2, 1, 0, 0, 3, 2, 2, 0, 2, 2, 0, 0, 0, 2, 0, 2, 2, 2, 3, 0, 1, 0, 0, 2, 0, 2, 0, 1, 3, 0, 1, 3, 2, 1, 2, 0, 3, 1, 3, 3, 1, 0, 2, 1, 3, 0, 2, 3, 0, 3, 0, 0, 1, 2, 3, 2, 2, 0, 3, 1, 3, 1, 1, 1, 0, 0, 1, 2, 0, 1, 0, 1, 0, 0, 3, 1, 0, 0, 1, 3, 0, 3, 1, 0, 1, 3, 3, 3, 3, 0, 2, 1, 0, 0, 3, 0, 2, 1, 0, 3, 0, 3, 1, 1, 0, 3, 0, 0, 3, 2, 1, 0
RUN_2026-06-19_lowB_baselines_r9c348, 21, 0, 999, 15, 999, 4, 127, 16, 128, 5, 999, 48, 999, 96, 159, 143, 999, 63, 160, 176, 9, 10, 999, 999, 111, 32, 8, 999, 999, 999, 999, 14, 31, 47, 6, 1, 999, 999, 11, 999, 207, 13, 64, 999, 7, 999, 175, 191, 999, 2, 144, 95, 3, 80, 12, 79, 999, 112, 999, 192, 999, 147, 115, 201, 999, 999, 54, 20, 162, 91, 53, 114, 55, 166, 30, 102, 29, 67, 18, 56, 185, 999, 150, 24, 204, 62, 999, 113, 131, 149, 116, 46, 107, 161, 999, 137, 68, 121, 165, 146, 103, 43, 180, 89, 179, 198, 27, 196, 23, 169, 76, 153, 34, 94, 199, 35, 21, 126, 88, 173, 90, 200, 999, 77, 93, 22, 145, 189, 142, 105, 109, 163, 999, 104, 42, 999, 999, 999, 999, 999, 195, 151, 167, 19, 87, 999, 71, 74, 999, 92, 168, 178, 182, 134, 73, 999, 70, 999, 157, 999, 158, 148, 188, 75, 999, 78, 117, 118, 152, 85, 183, 186, 86, 49, 129, 69, 50, 28, 136, 190, 17, 39, 170, 138, 156, 66, 999, 84, 140, 124, 154, 52, 65, 36, 205, 999, 172, 122, 133, 132, 101, 999, 60, 120, 99, 100, 38, 72, 203, 106, 999, 155, 108, 197, 202, 58, 130, 999, 999, 37, 40, 999, 119, 41, 81, 82, 51, 59, 206, 57, 110, 97, 181, 123, 999, 177, 141, 45, 61, 44, 999, 139, 184, 83, 174, 125, 135, 171, 25, 193, 33, 26, 194, 98, 164, 187, 999, 3, 0, 1, 0, 1, 1, 3, 3, 2, 0, 1, 0, 3, 0, 0, 0, 0, 1, 3, 0, 2, 0, 0, 0, 0, 3, 0, 0, 0, 0, 1, 0, 1, 0, 3, 0, 0, 1, 0, 3, 2, 0, 0, 3, 0, 2, 0, 0, 1, 1, 0, 3, 1, 1, 2, 0, 0, 0, 3, 0, 3, 2, 3, 0, 0, 0, 1, 2, 3, 2, 2, 3, 3, 3, 0, 0, 3, 1, 1, 0, 0, 3, 1, 3, 2, 0, 1, 2, 3, 0, 1, 0, 1, 0, 2, 0, 1, 3, 1, 3, 1, 1, 1, 2, 1, 1, 1, 1, 2, 1, 2, 1, 2, 2, 1, 0, 2, 3, 0, 2, 3, 0, 1, 1, 0, 1, 1, 0, 1, 0, 1, 0, 3, 3, 0, 0, 0, 0, 0, 3, 3, 0, 1, 1, 0, 1, 0, 0, 3, 2, 2, 0, 2, 2, 0, 0, 0, 2, 0, 2, 2, 2, 3, 0, 1, 0, 0, 2, 0, 2, 0, 1, 3, 0, 1, 3, 2, 1, 2, 0, 3, 1, 3, 3, 1, 0, 2, 1, 3, 0, 2, 3, 0, 3, 0, 0, 1, 2, 3, 2, 0, 0, 3, 1, 3, 1, 1, 1, 0, 0, 1, 2, 1, 1, 0, 1, 0, 0, 3, 1, 0, 0, 1, 3, 0, 3, 1, 0, 1, 3, 3, 3, 3, 0, 2, 1, 0, 0, 3, 0, 2, 1, 0, 3, 0, 3, 1, 1, 1, 3, 0, 2, 3, 2, 1, 0
RUN_2026-06-19_lowB_baselines_r9c365, 22, 0, 999, 15, 999, 6, 999, 16, 999, 7, 999, 48, 111, 80, 143, 32, 999, 999, 112, 79, 14, 11, 999, 144, 95, 999, 10, 999, 999, 999, 31, 13, 999, 207, 8, 1, 999, 999, 4, 175, 160, 12, 127, 999, 9, 999, 192, 159, 176, 2, 64, 128, 5, 999, 3, 47, 191, 96, 999, 63, 999, 21, 22, 203, 999, 18, 999, 41, 150, 100, 84, 98, 139, 188, 999, 190, 999, 999, 146, 149, 151, 999, 109, 125, 148, 26, 140, 97, 189, 153, 37, 206, 70, 171, 999, 145, 54, 40, 201, 170, 154, 25, 117, 184, 186, 183, 200, 158, 136, 52, 132, 118, 28, 133, 181, 65, 89, 999, 68, 999, 187, 27, 999, 161, 999, 24, 129, 152, 177, 182, 101, 33, 142, 90, 204, 202, 185, 167, 166, 999, 197, 34, 199, 198, 999, 147, 20, 57, 114, 115, 999, 50, 73, 51, 108, 72, 99, 19, 999, 999, 93, 17, 134, 71, 155, 53, 999, 42, 172, 77, 999, 196, 165, 999, 119, 120, 999, 137, 156, 157, 78, 74, 75, 60, 122, 123, 141, 178, 138, 56, 76, 131, 29, 180, 59, 55, 116, 179, 168, 195, 45, 38, 66, 82, 69, 130, 91, 106, 174, 999, 86, 102, 103, 44, 85, 43, 107, 113, 46, 104, 999, 58, 999, 999, 105, 87, 999, 23, 110, 194, 94, 205, 81, 61, 67, 83, 162, 126, 124, 193, 999, 35, 164, 30, 999, 121, 92, 173, 88, 49, 135, 163, 39, 36, 62, 999, 169, 3, 0, 1, 0, 1, 0, 3, 0, 2, 0, 1, 2, 3, 0, 2, 0, 0, 1, 1, 0, 2, 0, 1, 0, 0, 3, 0, 0, 0, 2, 1, 0, 1, 0, 3, 0, 0, 1, 3, 1, 2, 2, 0, 3, 0, 0, 0, 1, 1, 1, 2, 3, 0, 1, 2, 1, 0, 0, 1, 0, 1, 0, 1, 0, 0, 0, 0, 0, 1, 3, 2, 3, 1, 0, 2, 0, 0, 0, 1, 1, 0, 2, 1, 2, 2, 3, 1, 3, 3, 1, 1, 0, 3, 0, 3, 3, 0, 0, 1, 3, 0, 3, 2, 0, 1, 3, 1, 0, 0, 1, 3, 3, 0, 0, 1, 2, 0, 1, 0, 1, 3, 0, 0, 0, 0, 1, 1, 3, 0, 2, 2, 3, 2, 1, 3, 3, 2, 0, 0, 1, 0, 1, 2, 0, 0, 0, 3, 1, 3, 0, 3, 2, 3, 2, 0, 1, 3, 0, 0, 1, 0, 2, 1, 0, 0, 0, 1, 2, 1, 0, 1, 1, 0, 2, 2, 0, 2, 1, 0, 0, 0, 2, 2, 0, 1, 2, 1, 0, 0, 1, 0, 0, 3, 0, 0, 0, 2, 3, 0, 0, 0, 0, 3, 3, 3, 2, 0, 0, 0, 3, 1, 1, 3, 3, 1, 0, 2, 1, 0, 0, 1, 0, 0, 1, 0, 0, 3, 1, 3, 3, 2, 2, 1, 1, 0, 2, 1, 1, 2, 0, 0, 1, 0, 0, 0, 2, 0, 0, 2, 2, 0, 3, 1, 0, 0, 2
